Rank;Sourceid;Title;Type;Issn;Publisher;Open Access;Open Access Diamond;SJR;SJR Quartile;H index;Total Docs. (2025);Total Docs. (3years);Total Refs.;Total Citations (3years);Citable Docs. (3years);Citations / Doc. (2years);Ref. / Doc.;%Female;Overton;Country;Region;Publisher;Coverage;Categories;Areas
1;16036;"Administrative Science Quarterly";journal;"00018392, 19303815";"SAGE Publications Ltd";No;No;9,595;Q1;228;29;88;3165;845;81;7,98;109,14;47,54;2;United States;Northern America;"SAGE Publications Ltd";"1975-1987, 1989-1990, 1993-1994, 1996-2026";"Arts and Humanities (miscellaneous) (Q1); Public Administration (Q1); Sociology and Political Science (Q1)";"Arts and Humanities; Social Sciences"
2;15555;"American Journal of Political Science";journal;"00925853, 15405907";"Wiley-Blackwell Publishing Ltd";No;No;6,539;Q1;229;166;223;12119;2156;223;9,82;73,01;26,47;31;United Kingdom;Western Europe;"Wiley-Blackwell Publishing Ltd";"1982, 1986, 1996-2026";"Political Science and International Relations (Q1); Sociology and Political Science (Q1)";"Social Sciences"
3;15646;"Annual Review of Political Science";book series;"10942939, 15451577";"Annual Reviews Inc.";No;No;6,416;Q1;150;27;75;3338;965;75;8,86;123,63;47,83;2;United States;Northern America;"Annual Reviews Inc.";"1998-2025";"Sociology and Political Science (Q1)";"Social Sciences"
4;21149;"Leadership Quarterly";journal;"10489843";"Elsevier Inc.";No;No;6,124;Q1;214;36;130;4326;1787;121;11,94;120,17;39,02;2;United States;Northern America;"Elsevier Inc.";"1990-2026";"Applied Psychology (Q1); Business and International Management (Q1); Organizational Behavior and Human Resource Management (Q1); Sociology and Political Science (Q1)";"Business, Management and Accounting; Psychology; Social Sciences"
5;144974;"Journal of Service Research";journal;"10946705, 15527379";"SAGE Publications Inc.";No;No;5,517;Q1;165;58;115;4017;1700;109;12,42;69,26;40,44;2;United States;Northern America;"SAGE Publications Inc.";"1998-2026";"Information Systems (Q1); Organizational Behavior and Human Resource Management (Q1); Sociology and Political Science (Q1)";"Business, Management and Accounting; Computer Science; Social Sciences"
6;15557;"American Political Science Review";journal;"15375943, 00030554";"Cambridge University Press";No;No;5,433;Q1;228;170;350;12671;2925;341;7,42;74,54;35,69;0;United Kingdom;Western Europe;"Cambridge University Press";"1906-2026";"Political Science and International Relations (Q1); Sociology and Political Science (Q1)";"Social Sciences"
7;145558;"Political Analysis";journal;"10471987, 14764989";"Cambridge University Press";No;No;4,368;Q1;96;57;121;2371;1162;121;9,72;41,60;27,40;4;United Kingdom;Western Europe;"Cambridge University Press";"1989-1993, 2000, 2002-2026";"Political Science and International Relations (Q1); Sociology and Political Science (Q1)";"Social Sciences"
8;25835;"International Security";journal;"15314804, 01622889";"MIT Press";No;No;4,166;Q1;136;21;55;2118;402;44;6,03;100,86;22,22;4;United States;Northern America;"MIT Press";"1984, 1996-2025";"Law (Q1); Political Science and International Relations (Q1); Sociology and Political Science (Q1)";"Social Sciences"
9;30020;"Journal of Organizational Behavior";journal;"10991379, 08943796";"John Wiley and Sons Ltd";No;No;3,999;Q1;242;103;237;11592;2618;228;10,85;112,54;44,31;0;United Kingdom;Western Europe;"John Wiley and Sons Ltd";"1981-1982, 1984-2026";"Applied Psychology (Q1); Organizational Behavior and Human Resource Management (Q1); Psychology (miscellaneous) (Q1); Sociology and Political Science (Q1)";"Business, Management and Accounting; Psychology; Social Sciences"
10;13447;"Comparative Political Studies";journal;"15523829, 00104140";"SAGE Publications Inc.";No;No;3,796;Q1;142;136;226;11744;1463;226;4,75;86,35;33,33;16;United States;Northern America;"SAGE Publications Inc.";"1968-2026";"Sociology and Political Science (Q1)";"Social Sciences"
11;30039;"Journal of Personality and Social Psychology";journal;"00223514, 19391315";"American Psychological Association";No;No;3,767;Q1;468;112;393;9638;3155;391;6,41;86,05;48,20;1;United States;Northern America;"American Psychological Association";"1965-2026";"Social Psychology (Q1); Sociology and Political Science (Q1)";"Psychology; Social Sciences"
12;16232;"British Journal of Political Science";journal;"00071234, 14692112";"Cambridge University Press";Yes;No;3,576;Q1;128;179;288;12164;1867;288;5,74;67,96;31,67;0;United Kingdom;Western Europe;"Cambridge University Press";"1971-2026";"Political Science and International Relations (Q1); Sociology and Political Science (Q1)";"Social Sciences"
13;14735;"Government Information Quarterly";journal;"0740624X";"Elsevier Ltd";No;No;3,575;Q1;157;72;239;6890;4053;236;14,76;95,69;32,37;3;United Kingdom;Western Europe;"Elsevier Ltd";"1984-2026";"E-learning (Q1); Law (Q1); Library and Information Sciences (Q1); Sociology and Political Science (Q1)";"Social Sciences"
14;25725;"World Politics";journal;"00438871, 10863338";"Johns Hopkins University Press";No;No;3,565;Q1;139;0;20;0;120;20;5,25;0,00;0,00;0;United States;Northern America;"Johns Hopkins University Press";"1948-2023";"Political Science and International Relations (Q1); Sociology and Political Science (Q1)";"Social Sciences"
15;20333;"Journal of Politics";journal;"14682508, 00223816";"University of Chicago Press";No;No;3,492;Q1;167;129;417;6692;2083;416;3,36;51,88;31,60;12;United Kingdom;Western Europe;"University of Chicago Press";"1939-2026";"Sociology and Political Science (Q1)";"Social Sciences"
16;18091;"Sociological Methods and Research";journal;"00491241, 15528294";"SAGE Publications Inc.";No;No;3,471;Q1;106;78;173;5283;1644;172;9,58;67,73;31,08;5;United States;Northern America;"SAGE Publications Inc.";"1972-2026";"Social Sciences (miscellaneous) (Q1); Sociology and Political Science (Q1)";"Social Sciences"
17;16976;"Annual Review of Sociology";book series;"03600572, 15452115";"Annual Reviews Inc.";No;No;3,444;Q1;230;25;83;3444;873;83;8,48;137,76;62,79;0;United States;Northern America;"Annual Reviews Inc.";"1975, 1977, 1979-1981, 1985-2025";"Sociology and Political Science (Q1)";"Social Sciences"
18;18437;"European Journal of Political Research";journal;"03044130, 14756765";"Wiley-Blackwell Publishing Ltd";No;No;3,432;Q1;133;107;213;7212;1617;209;7,08;67,40;34,07;20;United Kingdom;Western Europe;"Wiley-Blackwell Publishing Ltd";"1973-2025";"Sociology and Political Science (Q1)";"Social Sciences"
19;17167;"Public Administration Review";journal;"00333352, 15406210";"Wiley-Blackwell";No;No;3,305;Q1;196;162;326;11543;2635;268;7,17;71,25;40,11;15;United Kingdom;Western Europe;"Wiley-Blackwell";"1978-1983, 1985, 1988, 1996-2026";"Marketing (Q1); Public Administration (Q1); Sociology and Political Science (Q1)";"Business, Management and Accounting; Social Sciences"
20;15823;"Journal of Public Administration Research and Theory";journal;"14779803, 10531858";"Oxford University Press";No;No;3,301;Q1;157;33;135;2359;1193;135;9,52;71,48;43,21;4;United Kingdom;Western Europe;"Oxford University Press";"1991-2025";"Marketing (Q1); Public Administration (Q1); Sociology and Political Science (Q1)";"Business, Management and Accounting; Social Sciences"
21;16929;"American Sociological Review";journal;"00031224, 19398271";"American Sociological Association";No;No;3,277;Q1;252;49;113;4613;863;110;7,09;94,14;46,74;0;United States;Northern America;"American Sociological Association";"1965-2026";"Sociology and Political Science (Q1)";"Social Sciences"
22;15298;"Structural Equation Modeling";journal;"15328007, 10705511";"Psychology Press Ltd";No;No;3,154;Q1;138;82;210;3944;971;201;4,33;48,10;35,21;0;United Kingdom;Western Europe;"Psychology Press Ltd";"1994-2026";"Decision Sciences (miscellaneous) (Q1); Economics, Econometrics and Finance (miscellaneous) (Q1); Modeling and Simulation (Q1); Sociology and Political Science (Q1)";"Decision Sciences; Economics, Econometrics and Finance; Mathematics; Social Sciences"
23;19877;"Journal of Democracy";journal;"10455736, 10863214";"Johns Hopkins University Press";Yes;No;3,142;Q1;119;55;157;1022;994;131;6,15;18,58;33,33;7;United States;Northern America;"Johns Hopkins University Press";"1996-2026";"Sociology and Political Science (Q1)";"Social Sciences"
24;28094;"Accounting, Organizations and Society";journal;"03613682";"Elsevier Ltd";No;No;3,098;Q1;170;23;115;2302;617;110;5,00;100,09;35,09;0;United Kingdom;Western Europe;"Elsevier Ltd";"1976-2026";"Accounting (Q1); Applied Psychology (Q1); Information Systems and Management (Q1); Organizational Behavior and Human Resource Management (Q1); Sociology and Political Science (Q1)";"Business, Management and Accounting; Decision Sciences; Psychology; Social Sciences"
25;39139;"International Organization";journal;"15315088, 00208183";"Cambridge University Press";No;No;3,041;Q1;180;44;88;3605;520;87;4,27;81,93;33,75;0;United Kingdom;Western Europe;"Cambridge University Press";"1947-2026";"Law (Q1); Organizational Behavior and Human Resource Management (Q1); Political Science and International Relations (Q1); Sociology and Political Science (Q1)";"Business, Management and Accounting; Social Sciences"
26;22832;"Political Behavior";journal;"01909320, 15736687";"Springer New York";No;No;2,955;Q1;103;138;278;9228;1646;278;5,01;66,87;33,64;8;United States;Northern America;"Springer New York";"1979-2026";"Sociology and Political Science (Q1)";"Social Sciences"
27;22838;"Political Communication";journal;"10584609, 10917675";"Taylor and Francis Ltd.";No;No;2,907;Q1;119;70;147;4401;1263;122;7,06;62,87;43,75;4;United Kingdom;Western Europe;"Taylor and Francis Ltd.";"1980-2026";"Communication (Q1); Sociology and Political Science (Q1)";"Social Sciences"
28;10300153306;"International Journal of Press/Politics";journal;"19401612, 19401620";"SAGE Publications Inc.";No;No;2,858;Q1;95;93;142;6121;1172;141;6,83;65,82;45,12;5;United States;Northern America;"SAGE Publications Inc.";"2003, 2008-2026";"Communication (Q1); Sociology and Political Science (Q1)";"Social Sciences"
29;19250;"Work and Occupations";journal;"07308884, 15528464";"SAGE Publications Inc.";No;No;2,840;Q1;88;31;59;2444;421;58;5,57;78,84;57,33;3;United States;Northern America;"SAGE Publications Inc.";"1974-2026";"Organizational Behavior and Human Resource Management (Q1); Sociology and Political Science (Q1)";"Business, Management and Accounting; Social Sciences"
30;18676;"Technology in Society";journal;"0160791X";"Elsevier Ltd";No;No;2,788;Q1;137;252;847;22044;14505;845;15,63;87,48;35,45;4;United Kingdom;Western Europe;"Elsevier Ltd";"1979-2026";"Business and International Management (Q1); Education (Q1); Human Factors and Ergonomics (Q1); Sociology and Political Science (Q1)";"Business, Management and Accounting; Social Sciences"
31;16306;"New Media and Society";journal;"14614448, 14617315";"SAGE Publications Ltd";No;No;2,723;Q1;173;505;668;30571;6400;659;9,00;60,54;54,04;28;United Kingdom;Western Europe;"SAGE Publications Ltd";"1999-2026";"Communication (Q1); Sociology and Political Science (Q1)";"Social Sciences"
32;17162;"Public Administration";journal;"14679299, 00333298";"Wiley-Blackwell Publishing Ltd";No;No;2,723;Q1;126;102;233;8338;1989;231;8,60;81,75;42,21;8;United Kingdom;Western Europe;"Wiley-Blackwell Publishing Ltd";"1923-2026";"Public Administration (Q1); Sociology and Political Science (Q1)";"Social Sciences"
33;21100870919;"Political Science Research and Methods";journal;"20498470, 20498489";"Cambridge University Press";Yes;No;2,574;Q1;40;161;196;8047;887;196;4,25;49,98;27,92;8;United Kingdom;Western Europe;"Cambridge University Press";"2014, 2018-2026";"Political Science and International Relations (Q1); Sociology and Political Science (Q1)";"Social Sciences"
34;26261;"Review of International Political Economy";journal;"09692290, 14664526";"Routledge";No;No;2,508;Q1;100;99;266;8569;1910;261;6,35;86,56;40,76;10;United Kingdom;Western Europe;"Routledge";"1994-2026";"Economics and Econometrics (Q1); Political Science and International Relations (Q1); Sociology and Political Science (Q1)";"Economics, Econometrics and Finance; Social Sciences"
35;18110;"Sociological Theory";journal;"07352751, 14679558";"SAGE Publications Ltd";No;No;2,457;Q1;101;20;50;2142;285;50;4,62;107,10;4,55;0;United Kingdom;Western Europe;"SAGE Publications Ltd";"1996-2026";"Sociology and Political Science (Q1)";"Social Sciences"
36;20444;"Legislative Studies Quarterly";journal;"03629805, 19399162";"Wiley-Blackwell";No;No;2,314;Q1;68;76;100;4796;341;100;3,33;63,11;38,96;2;United States;Northern America;"Wiley-Blackwell";"1996-2026";"Sociology and Political Science (Q1)";"Social Sciences"
37;26362;"Journal of Peace Research";journal;"00223433, 14603578";"SAGE Publications Ltd";No;No;2,298;Q1;136;159;200;10175;1036;199;5,22;63,99;37,32;19;United Kingdom;Western Europe;"SAGE Publications Ltd";"1964-2025";"Political Science and International Relations (Q1); Safety Research (Q1); Sociology and Political Science (Q1)";"Social Sciences"
38;19400158483;"Social Issues and Policy Review";journal;"17512409, 17512395";"Wiley-Blackwell Publishing Ltd";No;No;2,273;Q1;58;8;24;1327;245;24;9,67;165,88;60,87;0;United Kingdom;Western Europe;"Wiley-Blackwell Publishing Ltd";"2008-2025";"Applied Psychology (Q1); Social Psychology (Q1); Social Sciences (miscellaneous) (Q1); Sociology and Political Science (Q1)";"Psychology; Social Sciences"
39;19878;"Journal of European Public Policy";journal;"14664429, 13501763";"Routledge";No;No;2,219;Q1;146;222;400;15633;2863;373;7,28;70,42;34,99;32;United Kingdom;Western Europe;"Routledge";"1994-2026";"Political Science and International Relations (Q1); Public Administration (Q1); Sociology and Political Science (Q1)";"Social Sciences"
40;17493;"Internet Research";journal;"10662243";"Emerald Group Publishing Ltd.";No;No;2,207;Q1;129;190;288;15493;3327;282;11,71;81,54;41,18;0;United Kingdom;Western Europe;"Emerald Group Publishing Ltd.";"1991-2026";"Communication (Q1); Economics and Econometrics (Q1); Sociology and Political Science (Q1)";"Economics, Econometrics and Finance; Social Sciences"
41;19251;"Work, Employment and Society";journal;"14698722, 09500170";"SAGE Publications Ltd";No;No;2,204;Q1;112;84;235;5206;1563;234;6,65;61,98;52,94;8;United Kingdom;Western Europe;"SAGE Publications Ltd";"1987-2026";"Accounting (Q1); Economics and Econometrics (Q1); Organizational Behavior and Human Resource Management (Q1); Sociology and Political Science (Q1)";"Business, Management and Accounting; Economics, Econometrics and Finance; Social Sciences"
42;16926;"American Journal of Sociology";journal;"00029602, 15375390";"University of Chicago Press";No;No;2,193;Q1;225;30;118;3522;528;101;3,79;117,40;38,81;4;United States;Northern America;"University of Chicago Press";"1946-1950, 1964-2025";"Sociology and Political Science (Q1)";"Social Sciences"
43;23574;"Public Opinion Quarterly";journal;"0033362X, 15375331";"Oxford University Press";No;No;2,191;Q1;129;54;159;2901;711;157;4,35;53,72;41,67;0;United Kingdom;Western Europe;"Oxford University Press";"1937-2025";"Communication (Q1); History (Q1); History and Philosophy of Science (Q1); Social Sciences (miscellaneous) (Q1); Sociology and Political Science (Q1)";"Arts and Humanities; Social Sciences"
44;19089;"Government and Opposition";journal;"0017257X, 14777053";"Cambridge University Press";Yes;No;2,172;Q1;71;72;143;5453;802;143;4,39;75,74;42,52;7;United Kingdom;Western Europe;"Cambridge University Press";"1965-2026";"Public Administration (Q1); Sociology and Political Science (Q1)";"Social Sciences"
45;18405;"Educational Technology and Society";journal;"11763647, 14364522";"International Forum of Educational Technology and Society,National Taiwan Normal University";Yes;Yes;2,109;Q1;125;93;183;6467;1750;179;8,94;69,54;47,69;0;Taiwan;Asiatic Region;"International Forum of Educational Technology and Society,National Taiwan Normal University";"1998-2026";"Education (Q1); E-learning (Q1); Engineering (miscellaneous) (Q1); Sociology and Political Science (Q1)";"Engineering; Social Sciences"
46;29170;"Critical Perspectives on Accounting";journal;"10452354, 10959955";"Academic Press";No;No;2,100;Q1;97;38;216;3748;1217;206;5,37;98,63;63,16;0;United States;Northern America;"Academic Press";"1990-2026";"Accounting (Q1); Finance (Q1); Information Systems and Management (Q1); Sociology and Political Science (Q1)";"Business, Management and Accounting; Decision Sciences; Economics, Econometrics and Finance; Social Sciences"
47;25772;"International Affairs";journal;"14682346, 00205850";"Wiley-Blackwell";No;No;2,097;Q1;113;104;314;9818;1822;307;5,75;94,40;45,10;8;United Kingdom;Western Europe;"Wiley-Blackwell";"1979-1986, 1988-1989, 1996-2026";"Political Science and International Relations (Q1); Sociology and Political Science (Q1)";"Social Sciences"
48;110031;"Resources Policy";journal;"03014207";"Elsevier Ltd";No;No;2,050;Q1;154;260;2647;19926;24946;2644;9,31;76,64;29,15;10;United Kingdom;Western Europe;"Elsevier Ltd";"1974-2026";"Economics and Econometrics (Q1); Law (Q1); Management, Monitoring, Policy and Law (Q1); Sociology and Political Science (Q1)";"Economics, Econometrics and Finance; Environmental Science; Social Sciences"
49;30060;"World Development";journal;"0305750X, 18735991";"Elsevier B.V.";No;No;2,027;Q1;249;315;810;24526;5576;806;6,27;77,86;40,02;45;United Kingdom;Western Europe;"Elsevier B.V.";"1973-2026";"Development (Q1); Economics and Econometrics (Q1); Geography, Planning and Development (Q1); Sociology and Political Science (Q1)";"Economics, Econometrics and Finance; Social Sciences"
50;21100835891;"Journal of Experimental Political Science";journal;"20522630, 20522649";"Cambridge University Press";Yes;No;2,016;Q1;30;46;102;1649;467;100;3,34;35,85;30,83;0;United Kingdom;Western Europe;"Cambridge University Press";"2014-2025";"Sociology and Political Science (Q1)";"Social Sciences"
51;35048;"Food Policy";journal;"03069192";"Elsevier B.V.";No;No;2,011;Q1;154;157;373;11184;3055;371;7,08;71,24;43,24;22;United Kingdom;Western Europe;"Elsevier B.V.";"1975-2026";"Development (Q1); Economics and Econometrics (Q1); Food Science (Q1); Management, Monitoring, Policy and Law (Q1); Sociology and Political Science (Q1)";"Agricultural and Biological Sciences; Economics, Econometrics and Finance; Environmental Science; Social Sciences"
52;22890;"Political Studies";journal;"00323217, 14679248";"SAGE Publications Ltd";No;No;1,989;Q1;117;140;199;10570;1132;197;5,73;75,50;30,42;14;United Kingdom;Western Europe;"SAGE Publications Ltd";"1953-2026";"Sociology and Political Science (Q1)";"Social Sciences"
53;16192;"Media, Culture and Society";journal;"01634437, 14603675";"SAGE Publications Ltd";No;No;1,957;Q1;100;115;313;5575;1743;310;4,93;48,48;57,89;2;United Kingdom;Western Europe;"SAGE Publications Ltd";"1979-2026";"Communication (Q1); Sociology and Political Science (Q1)";"Social Sciences"
54;22861;"Political Psychology";journal;"0162895X, 14679221";"Wiley-Blackwell Publishing Ltd";No;No;1,938;Q1;136;166;194;11474;1209;194;5,06;69,12;42,62;6;United Kingdom;Western Europe;"Wiley-Blackwell Publishing Ltd";"1996-2026";"Clinical Psychology (Q1); Experimental and Cognitive Psychology (Q1); Philosophy (Q1); Political Science and International Relations (Q1); Social Psychology (Q1); Sociology and Political Science (Q1)";"Arts and Humanities; Psychology; Social Sciences"
55;67863;"Party Politics";journal;"13540688, 14603683";"SAGE Publications Ltd";No;No;1,930;Q1;98;134;271;8045;1102;270;3,62;60,04;26,69;8;United Kingdom;Western Europe;"SAGE Publications Ltd";"1995-2026";"Sociology and Political Science (Q1)";"Social Sciences"
56;24519;"Environmental Politics";journal;"09644016, 17438934";"Routledge";No;No;1,900;Q1;105;125;180;7742;1371;172;6,67;61,94;39,06;11;United Kingdom;Western Europe;"Routledge";"1992-2026";"Environmental Science (miscellaneous) (Q1); Sociology and Political Science (Q1)";"Environmental Science; Social Sciences"
57;15499;"Journal of Experimental Social Psychology";journal;"00221031, 10960465";"Academic Press Inc.";No;No;1,896;Q1;190;100;302;6806;1298;298;3,74;68,06;47,32;0;United States;Northern America;"Academic Press Inc.";"1965-2026";"Social Psychology (Q1); Sociology and Political Science (Q1)";"Psychology; Social Sciences"
58;27663;"Journal of Conflict Resolution";journal;"15528766, 00220027";"SAGE Publications Inc.";No;No;1,893;Q1;138;87;217;6122;807;217;3,26;70,37;27,32;9;United States;Northern America;"SAGE Publications Inc.";"1957-2026";"Business, Management and Accounting (miscellaneous) (Q1); Political Science and International Relations (Q1); Sociology and Political Science (Q1)";"Business, Management and Accounting; Social Sciences"
59;5700166179;"Politics and Gender";journal;"1743923X, 17439248";"Cambridge University Press";No;No;1,847;Q1;65;82;166;5232;717;146;3,23;63,80;66,18;0;United Kingdom;Western Europe;"Cambridge University Press";"2005-2026";"Gender Studies (Q1); Sociology and Political Science (Q1)";"Social Sciences"
60;14925;"Gender and Society";journal;"08912432, 15523977";"SAGE Publications Inc.";No;No;1,839;Q1;140;30;95;1935;506;90;4,62;64,50;75,56;2;United States;Northern America;"SAGE Publications Inc.";"1987-2026";"Arts and Humanities (miscellaneous) (Q1); Gender Studies (Q1); Sociology and Political Science (Q1)";"Arts and Humanities; Social Sciences"
61;18400156711;"Cambridge Journal of Regions, Economy and Society";journal;"17521386, 17521378";"Oxford University Press";No;No;1,808;Q1;83;46;133;3123;837;115;5,99;67,89;30,11;4;United Kingdom;Western Europe;"Oxford University Press";"2008-2026";"Economics and Econometrics (Q1); Geography, Planning and Development (Q1); Sociology and Political Science (Q1)";"Economics, Econometrics and Finance; Social Sciences"
62;11600153640;"Quarterly Journal of Political Science";journal;"15540634, 15540626";"Now Publishers Inc";No;No;1,792;Q1;51;16;46;1108;94;44;2,00;69,25;6,90;1;United States;Northern America;"Now Publishers Inc";"2006-2025";"Political Science and International Relations (Q1); Sociology and Political Science (Q1)";"Social Sciences"
63;24592;"European Journal of International Relations";journal;"14603713, 13540661";"SAGE Publications Ltd";No;No;1,776;Q1;117;68;122;6528;590;121;5,07;96,00;37,86;0;United Kingdom;Western Europe;"SAGE Publications Ltd";"1995-2026";"Political Science and International Relations (Q1); Sociology and Political Science (Q1)";"Social Sciences"
64;16956;"Cities";journal;"02642751";"Elsevier Ltd";No;No;1,772;Q1;162;790;1755;61173;15154;1749;8,07;77,43;41,21;12;United Kingdom;Western Europe;"Elsevier Ltd";"1983-2026";"Development (Q1); Sociology and Political Science (Q1); Tourism, Leisure and Hospitality Management (Q1); Urban Studies (Q1)";"Business, Management and Accounting; Social Sciences"
65;21100264650;"European Political Science Review";journal;"17557739, 17557747";"Cambridge University Press";Yes;No;1,743;Q1;59;57;108;4156;465;108;4,00;72,91;30,23;0;United Kingdom;Western Europe;"Cambridge University Press";"2009-2026";"Political Science and International Relations (Q1); Sociology and Political Science (Q1)";"Social Sciences"
66;15821;"Journal of Policy Analysis and Management";journal;"02768739, 15206688";"Wiley-Liss Inc.";No;No;1,741;Q1;109;84;195;3934;487;142;2,22;46,83;32,52;15;United States;Northern America;"Wiley-Liss Inc.";"1981-2026";"Business, Management and Accounting (miscellaneous) (Q1); Public Administration (Q1); Sociology and Political Science (Q1)";"Business, Management and Accounting; Social Sciences"
67;23464;"China Journal";journal;"18358535, 13249347";"University of Chicago Press";No;No;1,736;Q1;64;10;30;243;131;28;3,84;24,30;27,78;1;Australia;Pacific Region;"University of Chicago Press";"1995-2026";"Geography, Planning and Development (Q1); Sociology and Political Science (Q1)";"Social Sciences"
68;15673;"Journal of Rural Studies";journal;"07430167";"Elsevier Ltd";No;No;1,731;Q1;156;346;771;26012;6031;771;6,67;75,18;49,41;11;United Kingdom;Western Europe;"Elsevier Ltd";"1985-2026";"Development (Q1); Forestry (Q1); Geography, Planning and Development (Q1); Sociology and Political Science (Q1)";"Agricultural and Biological Sciences; Social Sciences"
69;25654;"Post-Soviet Affairs";journal;"1060586X";"Taylor and Francis Ltd.";No;No;1,707;Q1;61;35;87;2573;458;84;4,64;73,51;62,12;0;United Kingdom;Western Europe;"Taylor and Francis Ltd.";"1992-2026";"Economics and Econometrics (Q1); Political Science and International Relations (Q1); Sociology and Political Science (Q1)";"Economics, Econometrics and Finance; Social Sciences"
70;17560;"Social Problems";journal;"15338533, 00377791";"Oxford University Press";No;No;1,695;Q1;125;105;179;7594;810;178;4,11;72,32;61,29;2;United States;Northern America;"Oxford University Press";"1971, 1973-1975, 1977-1984, 1988-1990, 1993-2026";"Sociology and Political Science (Q1)";"Social Sciences"
71;25848;"International Studies Quarterly";journal;"14682478, 00208833";"Oxford University Press";No;No;1,643;Q1;133;104;353;8003;1405;353;3,40;76,95;45,15;8;United States;Northern America;"Oxford University Press";"1971-1974, 1976, 1978, 1982-1983, 1985, 1987-2026";"Political Science and International Relations (Q1); Sociology and Political Science (Q1)";"Social Sciences"
72;27364;"Population and Development Review";journal;"17284457, 00987921";"Wiley-Blackwell Publishing Ltd";No;No;1,616;Q1;128;58;170;4765;778;136;3,31;82,16;51,97;8;United Kingdom;Western Europe;"Wiley-Blackwell Publishing Ltd";"1976-2026";"Demography (Q1); Development (Q1); Sociology and Political Science (Q1)";"Social Sciences"
73;27944;"Review of International Studies";journal;"14699044, 02602105";"Cambridge University Press";No;No;1,609;Q1;100;110;182;15037;903;179;4,01;136,70;45,81;0;United Kingdom;Western Europe;"Cambridge University Press";"1976, 1981-2026";"Political Science and International Relations (Q1); Sociology and Political Science (Q1)";"Social Sciences"
74;22867;"Political Research Quarterly";journal;"1938274X, 10659129";"SAGE Publications Inc.";No;No;1,607;Q1;111;103;329;6848;1013;328;2,72;66,49;35,23;1;United States;Northern America;"SAGE Publications Inc.";"1948, 1950-1952, 1954-1955, 1957-1967, 1969-1977, 1979-1986, 1988-2026";"Sociology and Political Science (Q1)";"Social Sciences"
75;14427;"European Sociological Review";journal;"02667215, 14682672";"Oxford University Press";No;No;1,604;Q1;121;61;196;4134;809;196;3,37;67,77;37,41;11;United Kingdom;Western Europe;"Oxford University Press";"1985-2025";"Sociology and Political Science (Q1)";"Social Sciences"
76;13358;"Sociology of Education";journal;"00380407, 19398573";"SAGE Publications Inc.";No;No;1,601;Q1;123;21;53;1418;257;52;4,71;67,52;39,53;2;United States;Northern America;"SAGE Publications Inc.";"1980, 1983, 1992, 1996-2026";"Education (Q1); Sociology and Political Science (Q1)";"Social Sciences"
77;22328;"Organizational Dynamics";journal;"00902616";"Elsevier B.V.";No;No;1,594;Q1;86;76;121;137;764;118;7,82;1,80;41,51;0;United Kingdom;Western Europe;"Elsevier B.V.";"1972-1995, 1997-2026";"Applied Psychology (Q1); Organizational Behavior and Human Resource Management (Q1); Sociology and Political Science (Q1)";"Business, Management and Accounting; Psychology; Social Sciences"
78;19088;"Governance";journal;"09521895, 14680491";"Wiley-Blackwell Publishing Ltd";No;No;1,581;Q1;103;107;195;7537;1084;192;5,55;70,44;36,21;12;United Kingdom;Western Europe;"Wiley-Blackwell Publishing Ltd";"1988-2026";"Marketing (Q1); Public Administration (Q1); Sociology and Political Science (Q1)";"Business, Management and Accounting; Social Sciences"
79;18130;"Sociology";journal;"00380385, 14698684";"SAGE Publications Ltd";No;No;1,558;Q1;148;107;230;5973;1138;228;4,72;55,82;62,24;3;United Kingdom;Western Europe;"SAGE Publications Ltd";"1967-2026";"Sociology and Political Science (Q1)";"Social Sciences"
80;22857;"Political Geography";journal;"09626298";"Elsevier B.V.";No;No;1,557;Q1;127;131;509;9364;2475;458;4,60;71,48;48,46;10;United Kingdom;Western Europe;"Elsevier B.V.";"1983, 1992-2026";"Geography, Planning and Development (Q1); History (Q1); Sociology and Political Science (Q1)";"Arts and Humanities; Social Sciences"
81;5400152621;"Sustainability Science";journal;"18624065, 18624057";"Springer";No;No;1,554;Q1;109;194;490;15973;3187;463;5,96;82,34;47,66;15;Japan;Asiatic Region;"Springer";"2006-2026";"Ecology (Q1); Geography, Planning and Development (Q1); Global and Planetary Change (Q1); Health (social science) (Q1); Management, Monitoring, Policy and Law (Q1); Nature and Landscape Conservation (Q1); Sociology and Political Science (Q1)";"Environmental Science; Social Sciences"
82;28011;"Security Studies";journal;"15561852, 09636412";"Routledge";No;No;1,552;Q1;70;30;114;1580;273;78;2,08;52,67;25,58;1;United Kingdom;Western Europe;"Routledge";"1991-2026";"Political Science and International Relations (Q1); Sociology and Political Science (Q1)";"Social Sciences"
83;11700154366;"Journal of Leadership and Organizational Studies";journal;"19397089, 15480518";"SAGE Publications Inc.";No;No;1,539;Q1;74;24;81;2180;662;74;8,02;90,83;39,06;1;United States;Northern America;"SAGE Publications Inc.";"1996-1999, 2003, 2008-2026";"Business and International Management (Q1); Management Science and Operations Research (Q1); Organizational Behavior and Human Resource Management (Q1); Sociology and Political Science (Q1); Strategy and Management (Q1)";"Business, Management and Accounting; Decision Sciences; Social Sciences"
84;14000156253;"Regulation and Governance";journal;"17485983, 17485991";"Wiley-Blackwell Publishing Ltd";No;No;1,536;Q1;70;158;212;13310;1385;211;6,67;84,24;37,61;10;United Kingdom;Western Europe;"Wiley-Blackwell Publishing Ltd";"2008-2026";"Law (Q1); Public Administration (Q1); Sociology and Political Science (Q1)";"Social Sciences"
85;14946;"Group Processes and Intergroup Relations";journal;"14617188, 13684302";"SAGE Publications Ltd";No;No;1,527;Q1;102;74;291;5388;1320;289;3,57;72,81;48,44;1;United Kingdom;Western Europe;"SAGE Publications Ltd";"1998-2026";"Arts and Humanities (miscellaneous) (Q1); Communication (Q1); Cultural Studies (Q1); Social Psychology (Q1); Sociology and Political Science (Q1)";"Arts and Humanities; Psychology; Social Sciences"
86;5700162364;"Journal of European Integration";journal;"07036337, 14772280";"Routledge";No;No;1,503;Q1;62;94;198;6118;947;196;4,83;65,09;45,03;8;United Kingdom;Western Europe;"Routledge";"1977-2026";"Political Science and International Relations (Q1); Sociology and Political Science (Q1)";"Social Sciences"
87;29561;"Journals of Gerontology - Series B Psychological Sciences and Social Sciences";journal;"10795014, 17585368";"Gerontological Society of America";No;No;1,503;Q1;193;246;717;12099;3080;705;3,73;49,18;55,39;2;United States;Northern America;"Gerontological Society of America";"1995-2026";"Clinical Psychology (Q1); Geriatrics and Gerontology (Q1); Gerontology (Q1); Health (social science) (Q1); Life-span and Life-course Studies (Q1); Medicine (miscellaneous) (Q1); Social Psychology (Q1); Sociology and Political Science (Q1)";"Medicine; Nursing; Psychology; Social Sciences"
88;18090;"Sociological Methodology";journal;"14679531, 00811750";"SAGE Publications Ltd";No;No;1,500;Q1;70;13;37;734;144;37;3,73;56,46;52,63;1;United Kingdom;Western Europe;"SAGE Publications Ltd";"1987-1990, 1993, 1996-2026";"Social Sciences (miscellaneous) (Q1); Sociology and Political Science (Q1)";"Social Sciences"
89;23439;"Politics and Society";journal;"00323292, 15527514";"SAGE Publications Inc.";No;No;1,482;Q1;89;22;64;1257;325;59;3,37;57,14;30,95;2;United States;Northern America;"SAGE Publications Inc.";"1970-1990, 1992-2026";"Political Science and International Relations (Q1); Social Sciences (miscellaneous) (Q1); Sociology and Political Science (Q1)";"Social Sciences"
90;13854;"Housing Studies";journal;"14661810, 02673037";"Routledge";No;No;1,476;Q1;99;177;315;12198;1691;308;4,85;68,92;55,98;19;United Kingdom;Western Europe;"Routledge";"1986-2026";"Environmental Science (miscellaneous) (Q1); Sociology and Political Science (Q1); Urban Studies (Q1)";"Environmental Science; Social Sciences"
91;21100788289;"Mobile Media and Communication";journal;"20501579, 20501587";"SAGE Publications Ltd";No;No;1,467;Q1;51;42;113;2441;497;91;2,58;58,12;55,77;0;United States;Northern America;"SAGE Publications Ltd";"2013-2026";"Communication (Q1); Computer Networks and Communications (Q1); Cultural Studies (Q1); Media Technology (Q1); Sociology and Political Science (Q1)";"Computer Science; Engineering; Social Sciences"
92;21100865122;"Research and Politics";journal;"20531680";"SAGE Publications Ltd";Yes;No;1,467;Q1;36;221;112;1533;363;111;2,97;6,94;33,08;67;United Kingdom;Western Europe;"SAGE Publications Ltd";"2014-2026";"Political Science and International Relations (Q1); Public Administration (Q1); Sociology and Political Science (Q1)";"Social Sciences"
93;17530;"Social Forces";journal;"15347605, 00377732";"Oxford University Press";No;No;1,463;Q1;167;75;219;5397;839;218;3,42;71,96;41,84;4;United Kingdom;Western Europe;"Oxford University Press";"1925-2026";"Anthropology (Q1); History (Q1); Sociology and Political Science (Q1)";"Arts and Humanities; Social Sciences"
94;300147001;"European Journal of Social Theory";journal;"13684310, 14617137";"SAGE Publications Ltd";No;No;1,446;Q1;81;47;112;3242;450;103;2,78;68,98;30,65;1;United Kingdom;Western Europe;"SAGE Publications Ltd";"1998-2026";"Sociology and Political Science (Q1)";"Social Sciences"
95;5700168564;"Policy and Society";journal;"18393373, 14494035";"Oxford University Press";Yes;No;1,442;Q1;70;37;105;2572;793;104;5,31;69,51;43,66;7;United Kingdom;Western Europe;"Oxford University Press";"2002-2003, 2008-2026";"Political Science and International Relations (Q1); Public Administration (Q1); Sociology and Political Science (Q1)";"Social Sciences"
96;5700161512;"Journal of Consumer Culture";journal;"14695405, 17412900";"SAGE Publications Ltd";No;No;1,430;Q1;75;29;126;1895;570;126;4,08;65,34;52,94;0;United Kingdom;Western Europe;"SAGE Publications Ltd";"2001-2026";"Arts and Humanities (miscellaneous) (Q1); Business and International Management (Q1); Economics and Econometrics (Q1); Marketing (Q1); Social Psychology (Q1); Sociology and Political Science (Q1)";"Arts and Humanities; Business, Management and Accounting; Economics, Econometrics and Finance; Psychology; Social Sciences"
97;25561;"Futures";journal;"00163287";"Elsevier Ltd";No;No;1,426;Q1;114;127;419;9306;2338;414;5,19;73,28;45,34;3;United Kingdom;Western Europe;"Elsevier Ltd";"1968-2026";"Business and International Management (Q1); Development (Q1); Sociology and Political Science (Q1)";"Business, Management and Accounting; Social Sciences"
98;5700166813;"Journal of Chinese Political Science";journal;"10806954, 18746357";"Springer Netherlands";No;No;1,415;Q1;36;37;89;2924;520;88;6,88;79,03;41,27;1;Netherlands;Western Europe;"Springer Netherlands";"1995-1997, 2003, 2008-2026";"Political Science and International Relations (Q1); Sociology and Political Science (Q1)";"Social Sciences"
99;21100887502;"Journal of Open Innovation: Technology, Market, and Complexity";journal;"21998531";"Elsevier B.V.";Yes;No;1,397;Q1;80;254;638;23097;7403;637;11,31;90,93;32,12;2;Switzerland;Western Europe;"Elsevier B.V.";"2015-2026";"Development (Q1); Economics, Econometrics and Finance (miscellaneous) (Q1); Sociology and Political Science (Q1)";"Economics, Econometrics and Finance; Social Sciences"
100;21100869398;"Work, Aging and Retirement";journal;"20544650";"Oxford University Press";No;No;1,396;Q1;45;27;97;2114;411;87;4,11;78,30;64,04;3;United States;Northern America;"Oxford University Press";"2015-2026";"Economics, Econometrics and Finance (miscellaneous) (Q1); Geriatrics and Gerontology (Q1); Industrial Relations (Q1); Life-span and Life-course Studies (Q1); Organizational Behavior and Human Resource Management (Q1); Sociology and Political Science (Q1)";"Business, Management and Accounting; Economics, Econometrics and Finance; Medicine; Social Sciences"
101;5800185422;"Theory and Research in Social Education";journal;"00933104, 21631654";"Taylor and Francis Ltd.";No;No;1,389;Q1;58;28;60;2684;251;60;3,65;95,86;51,43;0;United Kingdom;Western Europe;"Taylor and Francis Ltd.";"1973-2025";"Education (Q1); Sociology and Political Science (Q1)";"Social Sciences"
102;5600152888;"Journal of Genocide Research";journal;"14623528, 14699494";"Taylor and Francis Ltd.";No;No;1,382;Q1;42;72;104;4186;389;93;4,27;58,14;43,02;0;United Kingdom;Western Europe;"Taylor and Francis Ltd.";"1999-2026";"History (Q1); Law (Q1); Political Science and International Relations (Q1); Sociology and Political Science (Q1)";"Arts and Humanities; Social Sciences"
103;28611;"Geoforum";journal;"00167185";"Elsevier B.V.";No;No;1,378;Q1;158;233;596;19878;2773;573;4,31;85,31;52,05;4;United Kingdom;Western Europe;"Elsevier B.V.";"1970-2026";"Sociology and Political Science (Q1)";"Social Sciences"
104;19634;"Crime and Justice";book series;"21530416, 01923234";"University of Chicago Press";No;No;1,374;Q1;58;10;31;1535;128;28;3,40;153,50;18,75;0;United States;Northern America;"University of Chicago Press";"2004-2026";"Sociology and Political Science (Q1)";"Social Sciences"
105;26796;"Socio-Economic Review";journal;"14751461";"Oxford University Press";No;No;1,372;Q1;86;87;245;6677;969;237;3,72;76,75;36,57;10;United Kingdom;Western Europe;"Oxford University Press";"2003, 2005-2025";"Economics, Econometrics and Finance (miscellaneous) (Q1); Sociology and Political Science (Q1)";"Economics, Econometrics and Finance; Social Sciences"
106;17497;"British Journal of Sociology";journal;"00071315, 14684446";"Wiley-Blackwell Publishing Ltd";No;No;1,365;Q1;124;106;170;6246;713;161;3,21;58,92;46,80;7;United Kingdom;Western Europe;"Wiley-Blackwell Publishing Ltd";"1965-1977, 1979-1984, 1987-2026";"Sociology and Political Science (Q1)";"Social Sciences"
107;22786;"Policy Studies Journal";journal;"0190292X, 15410072";"Wiley-Blackwell Publishing Ltd";No;No;1,363;Q1;102;122;130;8871;720;118;5,20;72,71;42,26;7;United Kingdom;Western Europe;"Wiley-Blackwell Publishing Ltd";"1972-2026";"Management, Monitoring, Policy and Law (Q1); Public Administration (Q1); Sociology and Political Science (Q1)";"Environmental Science; Social Sciences"
108;25833;"International Political Science Review";journal;"01925121, 1460373X";"SAGE Publications Ltd";No;No;1,344;Q1;76;80;131;4051;569;127;3,85;50,64;38,26;5;United Kingdom;Western Europe;"SAGE Publications Ltd";"1980-2026";"Political Science and International Relations (Q1); Sociology and Political Science (Q1)";"Social Sciences"
109;24829;"Journal of Political Philosophy";journal;"14679760, 09638016";"Wiley-Blackwell Publishing Ltd";No;No;1,336;Q1;87;0;54;0;220;42;2,60;0,00;0,00;0;United Kingdom;Western Europe;"Wiley-Blackwell Publishing Ltd";"1993-2024";"Philosophy (Q1); Sociology and Political Science (Q1)";"Arts and Humanities; Social Sciences"
110;29102;"Health and Place";journal;"18732054, 13538292";"Elsevier Ltd";No;No;1,328;Q1;153;183;525;11449;2617;522;4,43;62,56;61,82;3;United Kingdom;Western Europe;"Elsevier Ltd";"1995-2026";"Geography, Planning and Development (Q1); Health (social science) (Q1); Life-span and Life-course Studies (Q1); Public Health, Environmental and Occupational Health (Q1); Sociology and Political Science (Q1)";"Medicine; Social Sciences"
111;28523;"Terrorism and Political Violence";journal;"15561836, 09546553";"Routledge";No;No;1,328;Q1;70;145;228;11641;867;227;3,16;80,28;40,06;16;United Kingdom;Western Europe;"Routledge";"1989-2026";"Political Science and International Relations (Q1); Safety Research (Q1); Safety, Risk, Reliability and Quality (Q1); Sociology and Political Science (Q1)";"Engineering; Social Sciences"
112;13448;"Comparative Politics";journal;"00104159, 21516227";"City University of New York";No;No;1,324;Q1;83;23;81;2410;211;81;2,18;104,78;41,86;0;United States;Northern America;"City University of New York";"1978, 1987-1989, 1996-2026";"Sociology and Political Science (Q1)";"Social Sciences"
113;21101162821;"Global Studies Quarterly";journal;"26343797";"Oxford University Press";Yes;No;1,320;Q1;19;121;243;9568;898;242;3,42;79,07;50,00;1;United Kingdom;Western Europe;"Oxford University Press";"2021-2026";"Political Science and International Relations (Q1); Sociology and Political Science (Q1)";"Social Sciences"
114;22915;"Journal of Economic Psychology";journal;"01674870";"Elsevier B.V.";No;No;1,316;Q1;131;32;171;1734;447;166;2,46;54,19;29,49;0;Netherlands;Western Europe;"Elsevier B.V.";"1981-2026";"Applied Psychology (Q1); Economics and Econometrics (Q1); Sociology and Political Science (Q1)";"Economics, Econometrics and Finance; Psychology; Social Sciences"
115;15382;"Journal of Applied Behavior Analysis";journal;"19383703, 00218855";"Wiley-Blackwell";No;No;1,313;Q1;96;63;210;3042;688;199;3,22;48,29;63,04;1;United States;Northern America;"Wiley-Blackwell";"1968-2026";"Applied Psychology (Q1); Philosophy (Q1); Sociology and Political Science (Q1)";"Arts and Humanities; Psychology; Social Sciences"
116;5600155551;"International Political Sociology";journal;"17495687, 17495679";"Oxford University Press";No;No;1,290;Q1;64;42;104;3687;365;101;3,31;87,79;50,00;2;United Kingdom;Western Europe;"Oxford University Press";"2008-2026";"Sociology and Political Science (Q1)";"Social Sciences"
117;22223;"Forest Policy and Economics";journal;"13899341";"Elsevier B.V.";No;No;1,285;Q1;97;212;446;16360;2390;407;5,27;77,17;39,37;7;Netherlands;Western Europe;"Elsevier B.V.";"2000-2026";"Economics and Econometrics (Q1); Forestry (Q1); Management, Monitoring, Policy and Law (Q1); Sociology and Political Science (Q1)";"Agricultural and Biological Sciences; Economics, Econometrics and Finance; Environmental Science; Social Sciences"
118;22773;"Policy Sciences";journal;"00322687, 15730891";"Springer Netherlands";No;No;1,273;Q1;85;38;110;2811;603;101;4,92;73,97;46,46;2;Netherlands;Western Europe;"Springer Netherlands";"1970-2026";"Development (Q1); Management, Monitoring, Policy and Law (Q1); Public Administration (Q1); Social Sciences (miscellaneous) (Q1); Sociology and Political Science (Q1)";"Environmental Science; Social Sciences"
119;26441;"Social Science Research";journal;"10960317, 0049089X";"Academic Press Inc.";No;No;1,271;Q1;124;102;274;7588;1179;274;3,86;74,39;38,50;3;United States;Northern America;"Academic Press Inc.";"1972-2026";"Education (Q1); Sociology and Political Science (Q1)";"Social Sciences"
120;13344;"Social Psychology of Education";journal;"15731928, 13812890";"Springer Netherlands";No;No;1,256;Q1;76;202;269;15034;1313;269;4,14;74,43;61,67;2;Netherlands;Western Europe;"Springer Netherlands";"1996-2026";"Developmental and Educational Psychology (Q1); Education (Q1); Social Psychology (Q1); Sociology and Political Science (Q1)";"Psychology; Social Sciences"
121;19700181316;"Journal of Public Relations Research";journal;"1062726X, 1532754X";"Routledge";No;No;1,255;Q1;73;38;65;2731;425;60;5,86;71,87;53,25;0;United Kingdom;Western Europe;"Routledge";"1992-1995, 2004, 2007-2026";"Public Administration (Q1); Sociology and Political Science (Q1)";"Social Sciences"
122;21100779233;"Journal of Racial and Ethnic Health Disparities";journal;"21968837, 21973792";"Springer Science and Business Media Deutschland GmbH";No;No;1,255;Q1;64;850;875;44977;3417;875;3,57;52,91;62,01;6;Germany;Western Europe;"Springer Science and Business Media Deutschland GmbH";"2014-2026";"Anthropology (Q1); Health Policy (Q1); Health (social science) (Q1); Public Health, Environmental and Occupational Health (Q1); Sociology and Political Science (Q1)";"Medicine; Social Sciences"
123;17449;"Science Communication";journal;"15528545, 10755470";"SAGE Publications Inc.";No;No;1,255;Q1;87;70;99;4545;534;80;3,84;64,93;52,32;1;United States;Northern America;"SAGE Publications Inc.";"1979-2026";"Sociology and Political Science (Q1)";"Social Sciences"
124;77191;"Early Childhood Research Quarterly";journal;"08852006";"Elsevier Ltd";No;No;1,252;Q1;135;110;362;7797;1412;353;3,54;70,88;74,88;4;United Kingdom;Western Europe;"Elsevier Ltd";"1986-2026";"Developmental and Educational Psychology (Q1); Education (Q1); Sociology and Political Science (Q1)";"Psychology; Social Sciences"
125;28082;"South European Society and Politics";journal;"13608746, 17439612";"Routledge";No;No;1,241;Q1;61;40;64;2643;306;60;2,39;66,08;46,15;0;United Kingdom;Western Europe;"Routledge";"1996-2026";"Sociology and Political Science (Q1)";"Social Sciences"
126;18062;"Sociologia Ruralis";journal;"14679523, 00380199";"Wiley-Blackwell Publishing Ltd";No;No;1,231;Q1;110;25;120;1704;596;116;4,31;68,16;52,46;1;United Kingdom;Western Europe;"Wiley-Blackwell Publishing Ltd";"1960, 1962-2026";"Sociology and Political Science (Q1)";"Social Sciences"
127;22751;"Journal of Economic Inequality";journal;"15691721, 15738701";"Springer Netherlands";No;No;1,228;Q1;54;79;120;4664;377;120;2,56;59,04;33,51;8;Netherlands;Western Europe;"Springer Netherlands";"2003-2026";"Economics, Econometrics and Finance (miscellaneous) (Q1); Organizational Behavior and Human Resource Management (Q1); Sociology and Political Science (Q1)";"Business, Management and Accounting; Economics, Econometrics and Finance; Social Sciences"
128;16051;"American Review of Public Administration";journal;"15523357, 02750740";"SAGE Publications Inc.";No;No;1,221;Q1;90;36;106;3054;440;106;3,61;84,83;47,31;1;United States;Northern America;"SAGE Publications Inc.";"1967-1983, 1987-2026";"Public Administration (Q1); Sociology and Political Science (Q1); Marketing (Q2)";"Business, Management and Accounting; Social Sciences"
129;15081;"Agriculture and Human Values";journal;"15728366, 0889048X";"Springer Science and Business Media B.V.";No;No;1,216;Q1;105;176;312;15034;1651;309;5,13;85,42;60,51;11;Netherlands;Western Europe;"Springer Science and Business Media B.V.";"1984-2026";"Agronomy and Crop Science (Q1); Geography, Planning and Development (Q1); Sociology and Political Science (Q1)";"Agricultural and Biological Sciences; Social Sciences"
130;25987;"Social Networks";journal;"03788733";"Elsevier B.V.";No;No;1,203;Q1;123;43;235;2836;769;232;3,19;65,95;32,82;1;Netherlands;Western Europe;"Elsevier B.V.";"1978-2026";"Anthropology (Q1); Psychology (miscellaneous) (Q1); Social Sciences (miscellaneous) (Q1); Sociology and Political Science (Q1)";"Psychology; Social Sciences"
131;21101095132;"Behavioural Public Policy";journal;"23980648, 2398063X";"Cambridge University Press";No;No;1,200;Q1;29;86;159;4451;610;153;3,45;51,76;35,29;10;United Kingdom;Western Europe;"Cambridge University Press";"2017-2026";"Applied Psychology (Q1); Political Science and International Relations (Q1); Social Psychology (Q1); Social Sciences (miscellaneous) (Q1); Sociology and Political Science (Q1)";"Psychology; Social Sciences"
132;13524;"Discourse and Society";journal;"14603624, 09579265";"SAGE Publications Ltd";No;No;1,188;Q1;97;67;115;3563;481;115;2,80;53,18;55,17;2;United Kingdom;Western Europe;"SAGE Publications Ltd";"1990-2026";"Communication (Q1); Linguistics and Language (Q1); Sociology and Political Science (Q1)";"Social Sciences"
133;145502;"Journal of Youth Studies";journal;"14699680, 13676261";"Routledge";No;No;1,178;Q1;83;170;239;9475;1110;236;3,70;55,74;61,98;5;United Kingdom;Western Europe;"Routledge";"2003-2026";"Life-span and Life-course Studies (Q1); Social Sciences (miscellaneous) (Q1); Sociology and Political Science (Q1)";"Social Sciences"
134;25675;"Journal of Early Adolescence";journal;"15525449, 02724316";"SAGE Publications Inc.";No;No;1,176;Q1;89;74;133;5112;502;132;3,30;69,08;65,99;1;United States;Northern America;"SAGE Publications Inc.";"1981-2026";"Developmental and Educational Psychology (Q1); Life-span and Life-course Studies (Q1); Social Sciences (miscellaneous) (Q1); Sociology and Political Science (Q1)";"Psychology; Social Sciences"
135;15559;"American Politics Research";journal;"15523373, 1532673X";"SAGE Publications Inc.";No;No;1,169;Q1;71;56;175;2975;433;175;2,38;53,13;29,91;0;United States;Northern America;"SAGE Publications Inc.";"1973-2026";"Sociology and Political Science (Q1)";"Social Sciences"
136;19700170417;"Journal of Information Technology and Politics";journal;"19331681, 1933169X";"Routledge";No;No;1,168;Q1;58;105;104;6170;449;92;4,05;58,76;40,24;6;United States;Northern America;"Routledge";"2008-2026";"Computer Science (miscellaneous) (Q1); Public Administration (Q1); Sociology and Political Science (Q1)";"Computer Science; Social Sciences"
137;15807;"International Review of Administrative Sciences";journal;"00208523, 14617226";"SAGE Publications Ltd";No;No;1,163;Q1;80;40;192;2091;893;187;5,14;52,28;31,82;0;United Kingdom;Western Europe;"SAGE Publications Ltd";"1957-2026";"Public Administration (Q1); Sociology and Political Science (Q1)";"Social Sciences"
138;20369;"Journal of Family Violence";journal;"08857482, 15732851";"Springer New York";No;No;1,162;Q1;103;339;398;20647;1742;394;3,28;60,91;72,32;15;United States;Northern America;"Springer New York";"1986-2026";"Clinical Psychology (Q1); Law (Q1); Social Sciences (miscellaneous) (Q1); Sociology and Political Science (Q1)";"Psychology; Social Sciences"
139;17591;"Law and Society Review";journal;"00239216, 15405893";"Cambridge University Press";No;No;1,162;Q1;97;34;79;3864;233;68;2,46;113,65;56,45;1;United States;Northern America;"Cambridge University Press";"1977-1979, 1983, 1985, 1987, 1995-2026";"Law (Q1); Sociology and Political Science (Q1)";"Social Sciences"
140;30086;"Journal of Social and Personal Relationships";journal;"14603608, 02654075";"SAGE Publications Ltd";No;No;1,160;Q1;115;169;522;10306;1835;521;3,14;60,98;65,90;1;United Kingdom;Western Europe;"SAGE Publications Ltd";"1984-2026";"Communication (Q1); Developmental and Educational Psychology (Q1); Social Psychology (Q1); Sociology and Political Science (Q1)";"Psychology; Social Sciences"
141;18106;"Sociological Review";journal;"1467954X, 00380261";"SAGE Publications Inc.";No;No;1,160;Q1;119;117;224;6784;845;217;3,70;57,98;63,27;7;United Kingdom;Western Europe;"SAGE Publications Inc.";"1908-2026";"Sociology and Political Science (Q1)";"Social Sciences"
142;5700161511;"Social Movement Studies";journal;"14742837, 14742829";"Routledge";No;No;1,159;Q1;57;91;151;4672;607;149;4,15;51,34;47,02;2;United Kingdom;Western Europe;"Routledge";"2010-2026";"Cultural Studies (Q1); Sociology and Political Science (Q1)";"Social Sciences"
143;21100899442;"Comparative Migration Studies";journal;"2214594X";"SpringerOpen";Yes;No;1,158;Q1;45;92;136;5441;616;129;3,48;59,14;54,17;7;Switzerland;Western Europe;"SpringerOpen";"2013-2026";"Demography (Q1); Geography, Planning and Development (Q1); Law (Q1); Sociology and Political Science (Q1); Statistics, Probability and Uncertainty (Q1)";"Decision Sciences; Social Sciences"
144;80321;"Pacific Review";journal;"09512748, 14701332";"Taylor and Francis Ltd.";No;No;1,152;Q1;63;68;138;6184;520;138;4,04;90,94;34,34;3;United Kingdom;Western Europe;"Taylor and Francis Ltd.";"1988-2026";"Geography, Planning and Development (Q1); Sociology and Political Science (Q1)";"Social Sciences"
145;29189;"Journal of Aging and Health";journal;"15526887, 08982643";"SAGE Publications Inc.";No;No;1,146;Q1;98;117;251;6551;812;250;2,99;55,99;60,79;3;United States;Northern America;"SAGE Publications Inc.";"1989-2026";"Community and Home Care (Q1); Geriatrics and Gerontology (Q1); Gerontology (Q1); Health (social science) (Q1); Life-span and Life-course Studies (Q1); Sociology and Political Science (Q1)";"Medicine; Nursing; Social Sciences"
146;25136;"German Politics";journal;"09644008, 17438993";"Routledge";No;No;1,144;Q1;29;60;100;3931;360;94;3,91;65,52;38,24;4;United Kingdom;Western Europe;"Routledge";"1992-1995, 2010-2026";"Political Science and International Relations (Q1); Sociology and Political Science (Q1)";"Social Sciences"
147;23715;"Science Technology and Human Values";journal;"01622439, 15528251";"SAGE Publications Inc.";No;No;1,141;Q1;99;88;185;5911;722;169;2,88;67,17;60,95;0;United States;Northern America;"SAGE Publications Inc.";"1976-2026";"Anthropology (Q1); Economics and Econometrics (Q1); Engineering (miscellaneous) (Q1); Human-Computer Interaction (Q1); Philosophy (Q1); Social Sciences (miscellaneous) (Q1); Sociology and Political Science (Q1)";"Arts and Humanities; Computer Science; Economics, Econometrics and Finance; Engineering; Social Sciences"
148;5700165635;"Journal of Elections, Public Opinion and Parties";journal;"17457289, 17457297";"Routledge";No;No;1,135;Q1;42;90;152;4713;345;120;2,20;52,37;27,33;2;United Kingdom;Western Europe;"Routledge";"2009-2026";"Sociology and Political Science (Q1)";"Social Sciences"
149;28122;"Perspectives on Sexual and Reproductive Health";journal;"15386341, 19312393";"John Wiley and Sons Inc";No;No;1,129;Q1;105;52;80;2379;262;74;2,63;45,75;78,46;2;United States;Northern America;"John Wiley and Sons Inc";"1996-2026";"Obstetrics and Gynecology (Q1); Public Health, Environmental and Occupational Health (Q1); Sociology and Political Science (Q1)";"Medicine; Social Sciences"
150;16100154770;"Journal of Global History";journal;"17400228, 17400236";"Cambridge University Press";No;No;1,124;Q1;45;34;74;4718;153;74;1,42;138,76;38,10;0;United Kingdom;Western Europe;"Cambridge University Press";"2006-2026";"History (Q1); Sociology and Political Science (Q1)";"Arts and Humanities; Social Sciences"
151;13519;"Contemporary Southeast Asia";journal;"0129797X";"ISEAS - Yusof Ishak Institute";No;No;1,114;Q1;49;23;67;1430;181;64;2,60;62,17;36,36;1;Singapore;Asiatic Region;"ISEAS - Yusof Ishak Institute";"1979-2025";"Development (Q1); History (Q1); Political Science and International Relations (Q1); Sociology and Political Science (Q1)";"Arts and Humanities; Social Sciences"
152;5800175970;"Leadership";journal;"17427150, 17427169";"SAGE Publications Ltd";No;No;1,109;Q1;66;29;90;1962;367;83;3,49;67,66;50,00;0;United Kingdom;Western Europe;"SAGE Publications Ltd";"2005-2026";"Sociology and Political Science (Q1); Strategy and Management (Q1)";"Business, Management and Accounting; Social Sciences"
153;26459;"Latin American Politics and Society";journal;"15482456, 1531426X";"Cambridge University Press";No;No;1,107;Q1;58;32;94;2028;211;87;2,62;63,38;21,82;1;United States;Northern America;"Cambridge University Press";"2001-2026";"Geography, Planning and Development (Q1); Political Science and International Relations (Q1); Sociology and Political Science (Q1)";"Social Sciences"
154;23611;"Public Choice";journal;"15737101, 00485829";"Springer Netherlands";No;No;1,107;Q1;103;153;259;8483;731;241;2,78;55,44;20,35;9;Netherlands;Western Europe;"Springer Netherlands";"1966-2026";"Economics and Econometrics (Q1); Sociology and Political Science (Q1)";"Economics, Econometrics and Finance; Social Sciences"
155;13892;"International Journal of Urban and Regional Research";journal;"03091317, 14682427";"Wiley-Blackwell Publishing Ltd";No;No;1,104;Q1;146;103;186;7692;648;185;2,73;74,68;45,77;1;United Kingdom;Western Europe;"Wiley-Blackwell Publishing Ltd";"1977-2026";"Development (Q1); Sociology and Political Science (Q1); Urban Studies (Q1)";"Social Sciences"
156;28007;"Security Dialogue";journal;"14603640, 09670106";"SAGE Publications Ltd";No;No;1,101;Q1;95;42;99;3591;375;99;2,88;85,50;57,14;2;United Kingdom;Western Europe;"SAGE Publications Ltd";"1970-1972, 1976-2025";"Political Science and International Relations (Q1); Sociology and Political Science (Q1)";"Social Sciences"
157;30084;"Journal of Sex Research";journal;"00224499, 15598519";"Taylor and Francis Ltd.";No;No;1,098;Q1;145;215;328;15188;1384;314;4,03;70,64;62,92;5;United Kingdom;Western Europe;"Taylor and Francis Ltd.";"1965-2026";"Gender Studies (Q1); History and Philosophy of Science (Q1); Psychology (miscellaneous) (Q1); Sociology and Political Science (Q1)";"Arts and Humanities; Psychology; Social Sciences"
158;21101065044;"Sustainable Futures";journal;"26661888";"Elsevier B.V.";Yes;No;1,097;Q1;37;1139;329;90914;2782;328;8,43;79,82;35,84;5;United Kingdom;Western Europe;"Elsevier B.V.";"2019-2026";"Management of Technology and Innovation (Q1); Management Science and Operations Research (Q1); Sociology and Political Science (Q1)";"Business, Management and Accounting; Decision Sciences; Social Sciences"
159;3500148027;"Science as Culture";journal;"14701189, 09505431";"Routledge";No;No;1,089;Q1;56;30;76;1845;269;73;2,18;61,50;47,06;0;United Kingdom;Western Europe;"Routledge";"1987-2026";"Biomedical Engineering (Q1); Biotechnology (Q1); Cultural Studies (Q1); Health (social science) (Q1); History and Philosophy of Science (Q1); Sociology and Political Science (Q1)";"Arts and Humanities; Biochemistry, Genetics and Molecular Biology; Engineering; Social Sciences"
160;5700166815;"Sexuality Research and Social Policy";journal;"15536610, 18689884";"Springer New York";No;No;1,082;Q1;61;296;393;19698;1634;392;4,03;66,55;56,55;10;United States;Northern America;"Springer New York";"2005-2006, 2008-2026";"Gender Studies (Q1); Health (social science) (Q1); Sociology and Political Science (Q1)";"Social Sciences"
161;17508;"Social Development";journal;"14679507, 0961205X";"Wiley-Blackwell Publishing Ltd";No;No;1,082;Q1;120;78;217;5222;604;216;2,45;66,95;74,17;0;United Kingdom;Western Europe;"Wiley-Blackwell Publishing Ltd";"1992-2026";"Developmental and Educational Psychology (Q1); Social Sciences (miscellaneous) (Q1); Sociology and Political Science (Q1)";"Psychology; Social Sciences"
162;5800169479;"Representation";journal;"17494001, 00344893";"Taylor and Francis Ltd.";No;No;1,080;Q1;34;60;114;3595;279;98;2,45;59,92;35,71;3;United Kingdom;Western Europe;"Taylor and Francis Ltd.";"1960-1986, 1988-2026";"Sociology and Political Science (Q1)";"Social Sciences"
163;15371;"Journal of Adolescent Research";journal;"07435584, 15526895";"SAGE Publications Inc.";No;No;1,076;Q1;101;80;136;5576;516;135;3,30;69,70;77,27;5;United States;Northern America;"SAGE Publications Inc.";"1986-2026";"Developmental and Educational Psychology (Q1); Sociology and Political Science (Q1)";"Psychology; Social Sciences"
164;16032;"Administration and Society";journal;"00953997, 15523039";"SAGE Publications Inc.";No;No;1,073;Q1;86;48;193;3258;769;192;2,88;67,88;40,57;0;United States;Northern America;"SAGE Publications Inc.";"1969-2026";"Public Administration (Q1); Sociology and Political Science (Q1); Marketing (Q2)";"Business, Management and Accounting; Social Sciences"
165;19786;"Utilities Policy";journal;"09571787";"Elsevier B.V.";No;No;1,073;Q1;72;175;396;11849;2204;394;5,88;67,71;31,35;0;United Kingdom;Western Europe;"Elsevier B.V.";"1990-1995, 1997-2001, 2003-2026";"Business and International Management (Q1); Development (Q1); Economics and Econometrics (Q1); Law (Q1); Management, Monitoring, Policy and Law (Q1); Sociology and Political Science (Q1); Transportation (Q1)";"Business, Management and Accounting; Economics, Econometrics and Finance; Environmental Science; Social Sciences"
166;21100842323;"Journal of Trust Research";journal;"2151559X, 21515581";"Routledge";No;No;1,067;Q1;30;18;32;1331;147;28;4,83;73,94;44,44;0;United States;Northern America;"Routledge";"2011-2026";"Business, Management and Accounting (miscellaneous) (Q1); Social Psychology (Q1); Sociology and Political Science (Q1); Applied Psychology (Q2)";"Business, Management and Accounting; Psychology; Social Sciences"
167;21100870585;"Environmental Sociology";journal;"23251042";"Taylor and Francis Ltd.";No;No;1,065;Q1;38;89;110;6541;445;108;3,01;73,49;55,93;1;United Kingdom;Western Europe;"Taylor and Francis Ltd.";"2015-2026";"Ecology (Q1); Geography, Planning and Development (Q1); Management, Monitoring, Policy and Law (Q1); Sociology and Political Science (Q1)";"Environmental Science; Social Sciences"
168;21100901140;"Journal of Innovation and Entrepreneurship";journal;"21925372";"SpringerOpen";Yes;No;1,056;Q1;51;145;243;11524;2083;241;9,17;79,48;36,31;0;Germany;Western Europe;"SpringerOpen";"2014-2015, 2017-2026";"Information Systems (Q1); Management Information Systems (Q1); Management of Technology and Innovation (Q1); Sociology and Political Science (Q1); Economics and Econometrics (Q2)";"Business, Management and Accounting; Computer Science; Economics, Econometrics and Finance; Social Sciences"
169;145601;"International Relations of the Asia-Pacific";journal;"14704838, 1470482X";"Oxford University Press";No;No;1,045;Q1;40;18;48;1315;164;48;2,91;73,06;30,77;0;United Kingdom;Western Europe;"Oxford University Press";"2001-2026";"Economics, Econometrics and Finance (miscellaneous) (Q1); Political Science and International Relations (Q1); Sociology and Political Science (Q1)";"Economics, Econometrics and Finance; Social Sciences"
170;21759;"Journal of Consumer Affairs";journal;"00220078, 17456606";"Wiley-Blackwell";No;No;1,043;Q1;83;39;188;3072;840;173;4,28;78,77;50,93;1;United States;Northern America;"Wiley-Blackwell";"1967-2026";"Economics, Econometrics and Finance (miscellaneous) (Q1); Sociology and Political Science (Q1)";"Economics, Econometrics and Finance; Social Sciences"
171;19900192517;"Revista Espanola de Derecho Constitucional";journal;"02115743, 19890648";"Centro de Estudios Politicos y Constitucionales";No;No;1,042;Q1;12;34;87;981;45;70;0,54;28,85;25,00;0;Spain;Western Europe;"Centro de Estudios Politicos y Constitucionales";"2008-2013, 2015-2025";"Law (Q1); Sociology and Political Science (Q1)";"Social Sciences"
172;21101089492;"Project Leadership and Society";journal;"26667215";"Elsevier Ltd";Yes;No;1,036;Q1;26;34;107;2405;708;107;5,15;70,74;43,56;0;United Kingdom;Western Europe;"Elsevier Ltd";"2020-2025";"Public Administration (Q1); Social Sciences (miscellaneous) (Q1); Sociology and Political Science (Q1)";"Social Sciences"
173;4400151519;"Journal of Women, Politics and Policy";journal;"15544788, 1554477X";"Routledge";No;No;1,026;Q1;43;22;95;1415;216;89;1,89;64,32;72,50;0;United States;Northern America;"Routledge";"2005-2026";"Gender Studies (Q1); Sociology and Political Science (Q1)";"Social Sciences"
174;18699;"Theory, Culture and Society";journal;"02632764, 14603616";"SAGE Publications Ltd";No;No;1,025;Q1;140;70;198;4001;613;192;1,71;57,16;33,73;0;United Kingdom;Western Europe;"SAGE Publications Ltd";"1982-2026";"Social Sciences (miscellaneous) (Q1); Sociology and Political Science (Q1)";"Social Sciences"
175;50039;"Review of Policy Research";journal;"1541132X, 15411338";"Wiley-Blackwell Publishing Ltd";No;No;1,024;Q1;63;81;136;6056;597;118;4,82;74,77;46,58;4;United Kingdom;Western Europe;"Wiley-Blackwell Publishing Ltd";"1981-1995, 1998-2026";"Geography, Planning and Development (Q1); Management, Monitoring, Policy and Law (Q1); Political Science and International Relations (Q1); Public Administration (Q1); Sociology and Political Science (Q1)";"Environmental Science; Social Sciences"
176;5600157642;"Public Policy and Administration";journal;"09520767, 17494192";"SAGE Publications Ltd";No;No;1,011;Q1;54;55;80;3519;426;79;5,11;63,98;41,67;8;United Kingdom;Western Europe;"SAGE Publications Ltd";"1986-2026";"Public Administration (Q1); Sociology and Political Science (Q1)";"Social Sciences"
177;100147030;"Current Sociology";journal;"00113921, 14617064";"SAGE Publications Ltd";No;No;1,010;Q1;90;94;218;5365;758;208;3,53;57,07;50,00;1;United Kingdom;Western Europe;"SAGE Publications Ltd";"1952-1965, 1967-1969, 1972-1984, 1986-2026";"Sociology and Political Science (Q1)";"Social Sciences"
178;1000147118;"Journal of Academic Ethics";journal;"15701727, 15728544";"Springer Science and Business Media B.V.";No;No;1,004;Q1;39;136;111;7727;584;108;5,26;56,82;49,45;2;Netherlands;Western Europe;"Springer Science and Business Media B.V.";"2003, 2005-2026";"Arts and Humanities (miscellaneous) (Q1); Education (Q1); Philosophy (Q1); Sociology and Political Science (Q1)";"Arts and Humanities; Social Sciences"
179;13857;"Housing, Theory and Society";journal;"16512278, 14036096";"Taylor and Francis Ltd.";No;No;1,000;Q1;65;60;110;3593;442;102;4,36;59,88;57,85;3;United Kingdom;Western Europe;"Taylor and Francis Ltd.";"1996-2026";"Development (Q1); Sociology and Political Science (Q1); Urban Studies (Q1)";"Social Sciences"
180;14230;"Cultural Diversity and Ethnic Minority Psychology";journal;"10999809, 19390106";"American Psychological Association";No;No;0,997;Q1;113;49;223;3249;737;222;2,54;66,31;65,00;0;United States;Northern America;"American Psychological Association";"1999-2026";"Social Psychology (Q1); Sociology and Political Science (Q1)";"Psychology; Social Sciences"
181;21100255082;"International Journal of Integrated Care";journal;"15684156";"Ubiquity Press";Yes;No;0,996;Q1;51;82;265;3320;733;251;2,42;40,49;66,17;1;Netherlands;Western Europe;"Ubiquity Press";"2007-2026";"Health Policy (Q1); Health (social science) (Q1); Sociology and Political Science (Q1)";"Medicine; Social Sciences"
182;21101077293;"Journal of Migration and Health";journal;"26666235";"Elsevier B.V.";Yes;No;0,994;Q1;27;94;201;4648;702;201;3,27;49,45;61,68;0;Netherlands;Western Europe;"Elsevier B.V.";"2020-2026";"Demography (Q1); Health (social science) (Q1); Infectious Diseases (Q1); Sociology and Political Science (Q1)";"Medicine; Social Sciences"
183;15528;"Annals of the American Academy of Political and Social Science";journal;"15523349, 00027162";"SAGE Publications Inc.";No;No;0,993;Q1;137;1;240;46;798;228;1,37;46,00;0,00;0;United States;Northern America;"SAGE Publications Inc.";"1890-2025";"Social Sciences (miscellaneous) (Q1); Sociology and Political Science (Q1)";"Social Sciences"
184;15300154806;"Dementia";journal;"17412684, 14713012";"SAGE Publications Ltd";No;No;0,993;Q1;75;156;306;8153;1157;304;3,28;52,26;74,37;0;United Kingdom;Western Europe;"SAGE Publications Ltd";"2002-2026";"History (Q1); Medicine (miscellaneous) (Q1); Social Sciences (miscellaneous) (Q1); Sociology and Political Science (Q1)";"Arts and Humanities; Medicine; Social Sciences"
185;20848;"Health and Social Care in the Community";journal;"09660410, 13652524";"John Wiley and Sons Ltd";No;No;0,984;Q1;91;160;1088;9660;3583;1087;1,94;60,38;70,14;5;United Kingdom;Western Europe;"John Wiley and Sons Ltd";"1993-2026";"Health Policy (Q1); Public Health, Environmental and Occupational Health (Q1); Social Sciences (miscellaneous) (Q1); Social Work (Q1); Sociology and Political Science (Q1)";"Medicine; Social Sciences"
186;26364;"Journal of Strategic Studies";journal;"01402390, 1743937X";"Routledge";No;No;0,980;Q1;49;67;152;5008;382;137;2,64;74,75;20,69;10;United Kingdom;Western Europe;"Routledge";"1978-2026";"Political Science and International Relations (Q1); Sociology and Political Science (Q1)";"Social Sciences"
187;21542;"Urban Review";journal;"15731960, 00420972";"Springer Netherlands";No;No;0,978;Q1;65;68;93;4293;272;93;2,34;63,13;61,90;0;Netherlands;Western Europe;"Springer Netherlands";"1967-1976, 1978-2026";"Education (Q1); Sociology and Political Science (Q1); Urban Studies (Q1)";"Social Sciences"
188;5100152922;"Revista de Ciencia Politica";journal;"0718090X, 07161417";"Pontificia Universidad Catolica de Chile";Yes;Yes;0,975;Q1;28;6;72;350;146;71;1,91;58,33;22,22;0;Chile;Latin America;"Pontificia Universidad Catolica de Chile";"2002, 2006-2025";"Political Science and International Relations (Q1); Sociology and Political Science (Q1)";"Social Sciences"
189;29849;"Journal of Accounting and Public Policy";journal;"18732070, 02784254";"Elsevier Inc.";No;No;0,970;Q1;104;73;200;5087;714;193;2,74;69,68;29,72;0;United States;Northern America;"Elsevier Inc.";"1982-2026";"Sociology and Political Science (Q1); Accounting (Q2)";"Business, Management and Accounting; Social Sciences"
190;21100904307;"European Journal of International Security";journal;"20575637, 20575645";"Cambridge University Press";Yes;No;0,969;Q1;27;70;96;8947;273;96;2,47;127,81;30,51;11;United Kingdom;Western Europe;"Cambridge University Press";"2016-2026";"Political Science and International Relations (Q1); Safety Research (Q1); Sociology and Political Science (Q1)";"Social Sciences"
191;147231;"International Review for the Sociology of Sport";journal;"10126902, 14617218";"SAGE Publications Ltd";No;No;0,964;Q1;80;137;198;8467;870;196;4,37;61,80;38,26;2;United Kingdom;Western Europe;"SAGE Publications Ltd";"1966-2002, 2004-2026";"Social Sciences (miscellaneous) (Q1); Sociology and Political Science (Q1); Sports Science (Q2)";"Health Professions; Social Sciences"
192;21101021989;"European Journal of Politics and Gender";journal;"25151096, 25151088";"Bristol University Press";No;No;0,958;Q1;23;36;85;2456;259;70;1,93;68,22;75,44;0;United Kingdom;Western Europe;"Bristol University Press";"2018-2025";"Gender Studies (Q1); Political Science and International Relations (Q1); Sociology and Political Science (Q1)";"Social Sciences"
193;29643;"Urban Affairs Review";journal;"10780874, 15528332";"SAGE Publications Inc.";No;No;0,956;Q1;93;84;201;5925;594;186;2,98;70,54;40,46;4;United States;Northern America;"SAGE Publications Inc.";"1965-2026";"Sociology and Political Science (Q1); Urban Studies (Q1)";"Social Sciences"
194;21101298327;"Global Social Challenges Journal";journal;"27523349";"Policy Press";Yes;No;0,949;Q1;11;22;53;1536;220;48;4,18;69,82;47,89;0;United Kingdom;Western Europe;"Policy Press";"2022-2025";"Development (Q1); Geography, Planning and Development (Q1); Political Science and International Relations (Q1); Sociology and Political Science (Q1)";"Social Sciences"
195;144821;"Language Policy";journal;"15731863, 15684555";"Springer Science and Business Media B.V.";No;No;0,945;Q1;49;29;69;1716;257;63;4,46;59,17;73,91;0;Netherlands;Western Europe;"Springer Science and Business Media B.V.";"2002-2026";"Linguistics and Language (Q1); Sociology and Political Science (Q1)";"Social Sciences"
196;19700187804;"Children's Geographies";journal;"14733277, 14733285";"Carfax Publishing Ltd.";No;No;0,943;Q1;74;71;248;4026;802;231;3,08;56,70;76,44;1;United Kingdom;Western Europe;"Carfax Publishing Ltd.";"2003-2026";"Geography, Planning and Development (Q1); Social Psychology (Q1); Sociology and Political Science (Q1)";"Psychology; Social Sciences"
197;5600155004;"Contemporary Politics";journal;"14693631, 13569775";"Routledge";No;No;0,942;Q1;45;67;94;5508;331;93;3,52;82,21;41,51;4;United Kingdom;Western Europe;"Routledge";"1995-2026";"Political Science and International Relations (Q1); Sociology and Political Science (Q1)";"Social Sciences"
198;15725;"Voluntas";journal;"09578765, 15737888";"Cambridge University Press";No;No;0,939;Q1;77;77;299;4527;1060;289;3,21;58,79;44,97;0;United States;Northern America;"Cambridge University Press";"1990-2025";"Business and International Management (Q1); Geography, Planning and Development (Q1); Public Administration (Q1); Sociology and Political Science (Q1); Strategy and Management (Q1)";"Business, Management and Accounting; Social Sciences"
199;12915;"Space Policy";journal;"02659646, 1879338X";"Elsevier B.V.";No;No;0,935;Q1;37;45;106;3170;339;104;3,25;70,44;37,50;0;United Kingdom;Western Europe;"Elsevier B.V.";"1985-2026";"Law (Q1); Sociology and Political Science (Q1); Economics and Econometrics (Q2); Space and Planetary Science (Q2)";"Earth and Planetary Sciences; Economics, Econometrics and Finance; Social Sciences"
200;5600153974;"Policing and Society";journal;"14772728, 10439463";"Routledge";No;No;0,934;Q1;61;100;204;7106;686;200;2,95;71,06;49,80;3;United Kingdom;Western Europe;"Routledge";"1990-2003, 2005-2026";"Law (Q1); Sociology and Political Science (Q1)";"Social Sciences"
201;19900191425;"Journal of Politics in Latin America";journal;"18684890, 1866802X";"SAGE Publications Inc.";Yes;Yes;0,927;Q1;21;22;50;1655;159;49;2,62;75,23;30,00;0;Germany;Western Europe;"SAGE Publications Inc.";"2015-2026";"Political Science and International Relations (Q1); Sociology and Political Science (Q1)";"Social Sciences"
202;21100888814;"Journal of Race, Ethnicity and Politics";journal;"20566085";"Cambridge University Press";No;No;0,927;Q1;22;78;80;6239;195;78;2,53;79,99;63,58;2;United Kingdom;Western Europe;"Cambridge University Press";"2016-2026";"Anthropology (Q1); Sociology and Political Science (Q1)";"Social Sciences"
203;25671;"Washington Quarterly";journal;"15309177, 0163660X";"Taylor and Francis Ltd.";No;No;0,923;Q1;61;37;112;1876;270;112;2,30;50,70;26,79;0;United Kingdom;Western Europe;"Taylor and Francis Ltd.";"1978-2025";"Law (Q1); Political Science and International Relations (Q1); Sociology and Political Science (Q1)";"Social Sciences"
204;4100151507;"Research in Social Stratification and Mobility";journal;"02765624";"Emerald Publishing";No;No;0,922;Q1;66;67;181;5302;502;179;2,46;79,13;49,64;3;United States;Northern America;"Emerald Publishing";"2001-2026";"Social Sciences (miscellaneous) (Q1); Sociology and Political Science (Q1)";"Social Sciences"
205;19391;"Social Indicators Research";journal;"03038300, 15730921";"Springer Netherlands";No;No;0,918;Q1;157;280;732;18581;3115;728;3,86;66,36;45,51;10;Netherlands;Western Europe;"Springer Netherlands";"1974-2026";"Arts and Humanities (miscellaneous) (Q1); Social Sciences (miscellaneous) (Q1); Sociology and Political Science (Q1); Developmental and Educational Psychology (Q2)";"Arts and Humanities; Psychology; Social Sciences"
206;21100975552;"Journal of Chinese Governance";journal;"23812354, 23812346";"Taylor and Francis Ltd.";No;No;0,917;Q1;26;41;73;2985;296;73;4,08;72,80;42,71;0;United Kingdom;Western Europe;"Taylor and Francis Ltd.";"2016-2026";"Political Science and International Relations (Q1); Public Administration (Q1); Sociology and Political Science (Q1)";"Social Sciences"
207;21101060255;"Novum Jus";journal;"16926013, 25008692";"Universidad Catolica de Colombia";Yes;Yes;0,914;Q1;10;47;140;2344;197;131;1,38;49,87;36,11;0;Colombia;Latin America;"Universidad Catolica de Colombia";"2019-2025";"Law (Q1); Sociology and Political Science (Q1)";"Social Sciences"
208;25733;"Journal of Criminal Justice";journal;"00472352";"Elsevier B.V.";Yes;No;0,913;Q1;110;180;313;13848;993;311;2,64;76,93;51,86;3;United Kingdom;Western Europe;"Elsevier B.V.";"1973-2026";"Law (Q1); Social Psychology (Q1); Sociology and Political Science (Q1); Applied Psychology (Q2)";"Psychology; Social Sciences"
209;15039;"African Affairs";journal;"00019909, 14682621";"Oxford University Press";No;No;0,911;Q1;93;18;85;1292;237;81;2,29;71,78;39,13;2;United Kingdom;Western Europe;"Oxford University Press";"1901-2025";"Geography, Planning and Development (Q1); Sociology and Political Science (Q1)";"Social Sciences"
210;27446;"Youth and Society";journal;"15528499, 0044118X";"SAGE Publications Inc.";No;No;0,907;Q1;82;95;212;5721;707;210;2,97;60,22;57,50;0;United States;Northern America;"SAGE Publications Inc.";"1969-2026";"Social Sciences (miscellaneous) (Q1); Sociology and Political Science (Q1)";"Social Sciences"
211;12104;"British Journal of Sociology of Education";journal;"14653346, 01425692";"Taylor and Francis Ltd.";No;No;0,903;Q1;97;88;204;5298;785;202;2,87;60,20;59,56;3;United Kingdom;Western Europe;"Taylor and Francis Ltd.";"1980-2026";"Education (Q1); Sociology and Political Science (Q1)";"Social Sciences"
212;5900153310;"Mobilities";journal;"17450101, 1745011X";"Routledge";No;No;0,902;Q1;79;121;182;8266;719;178;3,89;68,31;56,22;1;United Kingdom;Western Europe;"Routledge";"2006-2026";"Demography (Q1); Geography, Planning and Development (Q1); Sociology and Political Science (Q1)";"Social Sciences"
213;17409;"Poetics";journal;"0304422X";"Elsevier B.V.";No;No;0,896;Q1;86;57;168;4443;527;166;3,26;77,95;38,79;1;Netherlands;Western Europe;"Elsevier B.V.";"1971-2026";"Communication (Q1); Cultural Studies (Q1); Linguistics and Language (Q1); Literature and Literary Theory (Q1); Sociology and Political Science (Q1)";"Arts and Humanities; Social Sciences"
214;21100972443;"Chinese Political Science Review";journal;"23654252, 23654244";"Springer International Publishing";No;No;0,894;Q1;25;68;65;5261;262;64;5,41;77,37;30,63;0;Singapore;Asiatic Region;"Springer International Publishing";"2016-2026";"Political Science and International Relations (Q1); Sociology and Political Science (Q1)";"Social Sciences"
215;145212;"Sociological Research Online";journal;"13607804";"SAGE Publications Ltd";Yes;No;0,891;Q1;69;91;199;4129;585;193;2,73;45,37;62,69;2;United Kingdom;Western Europe;"SAGE Publications Ltd";"1996-2001, 2003-2026";"Sociology and Political Science (Q1)";"Social Sciences"
216;23144;"Language in Society";journal;"14698013, 00474045";"Cambridge University Press";No;No;0,889;Q1;81;70;99;4443;331;94;3,49;63,47;50,00;0;United Kingdom;Western Europe;"Cambridge University Press";"1972-2026";"Linguistics and Language (Q1); Sociology and Political Science (Q1)";"Social Sciences"
217;21100886407;"European Policy Analysis";journal;"23806567";"John Wiley and Sons Ltd";No;No;0,887;Q1;28;40;78;3408;287;66;3,67;85,20;52,63;1;United States;Northern America;"John Wiley and Sons Ltd";"2015-2026";"Political Science and International Relations (Q1); Public Administration (Q1); Sociology and Political Science (Q1); Health Policy (Q2); Management, Monitoring, Policy and Law (Q2)";"Environmental Science; Medicine; Social Sciences"
218;21100901159;"International Journal of Child Care and Education Policy";journal;"19765681, 22886729";"SpringerOpen";Yes;Yes;0,882;Q1;27;24;46;1452;191;45;4,42;60,50;72,50;2;Singapore;Asiatic Region;"SpringerOpen";"2007-2026";"Community and Home Care (Q1); Education (Q1); Pediatrics (Q1); Pediatrics, Perinatology and Child Health (Q1); Sociology and Political Science (Q1)";"Medicine; Nursing; Social Sciences"
219;23542;"Problems of Post-Communism";journal;"1557783X, 10758216";"M.E. Sharpe Inc.";No;No;0,881;Q1;43;70;150;5374;485;146;3,55;76,77;52,46;6;United States;Northern America;"M.E. Sharpe Inc.";"1996-2026";"Sociology and Political Science (Q1)";"Social Sciences"
220;18142;"Sociology of Sport Journal";journal;"15432785, 07411235";"Human Kinetics Publishers Inc.";No;No;0,881;Q1;74;42;124;2978;400;120;2,58;70,90;48,96;0;United States;Northern America;"Human Kinetics Publishers Inc.";"1986, 1995-2026";"Orthopedics and Sports Medicine (Q1); Physical Therapy, Sports Therapy and Rehabilitation (Q1); Sociology and Political Science (Q1); Sports Science (Q2)";"Health Professions; Medicine; Social Sciences"
221;15496;"International Journal of Intercultural Relations";journal;"01471767";"Elsevier Ltd";No;No;0,879;Q1;113;173;381;12194;1430;376;3,51;70,49;55,32;0;United Kingdom;Western Europe;"Elsevier Ltd";"1977-2026";"Sociology and Political Science (Q1); Business and International Management (Q2); Social Psychology (Q2)";"Business, Management and Accounting; Psychology; Social Sciences"
222;21100889857;"Journal of Benefit-Cost Analysis";journal;"21522812, 21945888";"Cambridge University Press";No;No;0,879;Q1;19;33;84;1307;161;84;1,77;39,61;22,92;2;United Kingdom;Western Europe;"Cambridge University Press";"2011, 2017-2025";"Public Administration (Q1); Sociology and Political Science (Q1); Economics and Econometrics (Q2)";"Economics, Econometrics and Finance; Social Sciences"
223;21100942111;"Journal of Law and Courts";journal;"21646589, 21646570";"Cambridge University Press";No;No;0,877;Q1;23;40;58;2582;92;58;1,52;64,55;41,98;0;United States;Northern America;"Cambridge University Press";"2013-2026";"Law (Q1); Political Science and International Relations (Q1); Sociology and Political Science (Q1)";"Social Sciences"
224;21100197766;"Chinese Sociological Review";journal;"21620555, 21620563";"M.E. Sharpe Inc.";No;No;0,874;Q1;38;31;62;2023;178;62;1,34;65,26;40,30;0;United States;Northern America;"M.E. Sharpe Inc.";"2011-2026";"Anthropology (Q1); Demography (Q1); Gender Studies (Q1); Sociology and Political Science (Q1)";"Social Sciences"
225;4100151709;"European Journal of Political Theory";journal;"17412730, 14748851";"SAGE Publications Ltd";No;No;0,874;Q1;43;79;119;4028;313;118;2,67;50,99;25,00;2;United Kingdom;Western Europe;"SAGE Publications Ltd";"2002-2026";"Political Science and International Relations (Q1); Sociology and Political Science (Q1)";"Social Sciences"
226;18224;"Local Government Studies";journal;"03003930, 17439388";"Routledge";No;No;0,873;Q1;62;78;180;4568;613;177;2,56;58,56;36,94;3;United Kingdom;Western Europe;"Routledge";"1975-2026";"Development (Q1); Sociology and Political Science (Q1)";"Social Sciences"
227;21101177606;"Urban Governance";journal;"26643286";"Elsevier B.V.";Yes;No;0,873;Q1;17;51;88;3839;446;81;4,66;75,27;35,59;0;Netherlands;Western Europe;"Elsevier B.V.";"2021-2026";"Development (Q1); Geography, Planning and Development (Q1); Public Administration (Q1); Sociology and Political Science (Q1); Urban Studies (Q1); Management, Monitoring, Policy and Law (Q2)";"Environmental Science; Social Sciences"
228;5600153659;"European Journal of Social Work";journal;"13691457, 14682664";"Routledge";No;No;0,869;Q1;42;140;277;5931;741;259;2,41;42,36;68,35;1;United Kingdom;Western Europe;"Routledge";"2008-2026";"Social Sciences (miscellaneous) (Q1); Social Work (Q1); Sociology and Political Science (Q1)";"Social Sciences"
229;12072;"International Journal of Educational Development";journal;"07380593";"Elsevier B.V.";No;No;0,863;Q1;85;215;463;12923;1653;433;3,41;60,11;46,21;9;United Kingdom;Western Europe;"Elsevier B.V.";"1981-2026";"Development (Q1); Education (Q1); Sociology and Political Science (Q1)";"Social Sciences"
230;21100967061;"Journal for Deradicalization";journal;"23639849";"German Institute on Radicalization and De-Radicalization Studies (GIRDS)";Yes;Yes;0,862;Q1;16;18;77;1358;137;77;1,13;75,44;44,64;0;Germany;Western Europe;"German Institute on Radicalization and De-Radicalization Studies (GIRDS)";"2019-2025";"Political Science and International Relations (Q1); Sociology and Political Science (Q1)";"Social Sciences"
231;18777;"Violence Against Women";journal;"10778012, 15528448";"SAGE Publications Inc.";No;No;0,862;Q1;126;355;534;21258;1766;522;3,09;59,88;79,75;17;United States;Northern America;"SAGE Publications Inc.";"1995-2026";"Gender Studies (Q1); Law (Q1); Sociology and Political Science (Q1)";"Social Sciences"
232;21071;"Journal of Sport and Social Issues";journal;"01937235, 15527638";"SAGE Publications Inc.";No;No;0,859;Q1;78;36;70;1824;244;70;2,91;50,67;50,57;0;United States;Northern America;"SAGE Publications Inc.";"1977-2026";"Sociology and Political Science (Q1)";"Social Sciences"
233;17389;"Rural Sociology";journal;"00360112, 15490831";"Rural Sociological Society";No;No;0,853;Q1;85;36;132;2447;433;129;2,65;67,97;54,95;1;United States;Northern America;"Rural Sociological Society";"1978-2026";"Sociology and Political Science (Q1)";"Social Sciences"
234;21101074921;"Annals of Tourism Research Empirical Insights";journal;"26669579";"Elsevier B.V.";Yes;No;0,852;Q1;25;41;126;2653;688;123;4,90;64,71;44,72;0;Netherlands;Western Europe;"Elsevier B.V.";"2020-2026";"Geography, Planning and Development (Q1); Sociology and Political Science (Q1); Marketing (Q2); Tourism, Leisure and Hospitality Management (Q2)";"Business, Management and Accounting; Social Sciences"
235;14573;"Social Policy and Administration";journal;"01445596, 14679515";"Wiley-Blackwell Publishing Ltd";No;No;0,847;Q1;86;130;211;7482;764;211;3,38;57,55;58,22;11;United Kingdom;Western Europe;"Wiley-Blackwell Publishing Ltd";"1967-2026";"Development (Q1); Public Administration (Q1); Social Work (Q1); Sociology and Political Science (Q1)";"Social Sciences"
236;19700169607;"Annals of Public and Cooperative Economics";journal;"13704788, 14678292";"Wiley-Blackwell";No;No;0,845;Q1;52;52;144;4094;573;144;4,08;78,73;44,85;1;United Kingdom;Western Europe;"Wiley-Blackwell";"1925-1942, 1948-2026";"Sociology and Political Science (Q1); Economics and Econometrics (Q2)";"Economics, Econometrics and Finance; Social Sciences"
237;26124;"Ethnic and Racial Studies";journal;"01419870, 14664356";"Routledge";No;No;0,845;Q1;132;320;559;16331;1639;498;2,50;51,03;61,19;4;United Kingdom;Western Europe;"Routledge";"1978-2026";"Anthropology (Q1); Cultural Studies (Q1); Sociology and Political Science (Q1)";"Social Sciences"
238;20537;"Journal of Behavioral Decision Making";journal;"08943257, 10990771";"John Wiley and Sons Ltd";No;No;0,845;Q1;99;46;155;2321;323;155;1,69;50,46;32,74;0;United Kingdom;Western Europe;"John Wiley and Sons Ltd";"1988-2026";"Arts and Humanities (miscellaneous) (Q1); Sociology and Political Science (Q1); Applied Psychology (Q2); Decision Sciences (miscellaneous) (Q2); Strategy and Management (Q2)";"Arts and Humanities; Business, Management and Accounting; Decision Sciences; Psychology; Social Sciences"
239;21100899300;"Journal of Accounting in Emerging Economies";journal;"20421168, 20421176";"Emerald Group Publishing Ltd.";No;No;0,839;Q1;37;65;121;5553;786;120;6,53;85,43;32,70;0;United Kingdom;Western Europe;"Emerald Group Publishing Ltd.";"2015-2026";"Development (Q1); Sociology and Political Science (Q1); Accounting (Q2)";"Business, Management and Accounting; Social Sciences"
240;5700181569;"Journal of Gambling Studies";journal;"10505350, 15733602";"Springer International Publishing AG";No;No;0,838;Q1;97;130;303;6918;968;303;3,17;53,22;50,33;3;United States;Northern America;"Springer International Publishing AG";"1990-2026";"Sociology and Political Science (Q1); Psychology (miscellaneous) (Q2)";"Psychology; Social Sciences"
241;19900190213;"Journal of Current Southeast Asian Affairs";journal;"18684882, 18681034";"SAGE Publications Ltd";Yes;Yes;0,835;Q1;26;28;59;1665;209;59;3,05;59,46;20,00;2;Germany;Western Europe;"SAGE Publications Ltd";"2015-2026";"Political Science and International Relations (Q1); Sociology and Political Science (Q1)";"Social Sciences"
242;100147345;"Journal of Sociolinguistics";journal;"13606441, 14679841";"Wiley-Blackwell Publishing Ltd";No;No;0,830;Q1;73;29;102;1827;253;67;2,05;63,00;55,56;0;United Kingdom;Western Europe;"Wiley-Blackwell Publishing Ltd";"1999, 2003-2026";"History and Philosophy of Science (Q1); Linguistics and Language (Q1); Philosophy (Q1); Sociology and Political Science (Q1)";"Arts and Humanities; Social Sciences"
243;21101176851;"Volksgeist: Jurnal Ilmu Hukum dan Konstitusi";journal;"2615174X, 26155648";"Universitas Islam Negeri Profesor Kiai Haji Saifuddin Zuhri Purwokerto";Yes;No;0,830;Q1;14;29;62;1476;250;62;4,48;50,90;28,00;0;Indonesia;Asiatic Region;"Universitas Islam Negeri Profesor Kiai Haji Saifuddin Zuhri Purwokerto";"2019-2025";"Law (Q1); Political Science and International Relations (Q1); Social Sciences (miscellaneous) (Q1); Sociology and Political Science (Q1)";"Social Sciences"
244;130173;"Community, Work and Family";journal;"14693615, 13668803";"Routledge";No;No;0,829;Q1;59;96;137;6296;449;123;2,29;65,58;72,29;4;United Kingdom;Western Europe;"Routledge";"2003-2026";"Development (Q1); Social Sciences (miscellaneous) (Q1); Sociology and Political Science (Q1)";"Social Sciences"
245;100147330;"World Englishes";journal;"1467971X, 08832919";"John Wiley and Sons Inc";No;No;0,827;Q1;72;55;129;3159;353;125;2,23;57,44;51,16;0;United States;Northern America;"John Wiley and Sons Inc";"1981-2026";"Anthropology (Q1); Linguistics and Language (Q1); Sociology and Political Science (Q1)";"Social Sciences"
246;13936;"Journal of Urban Affairs";journal;"07352166, 14679906";"Taylor and Francis Ltd.";No;No;0,826;Q1;78;289;270;21353;930;260;3,60;73,89;46,90;17;United Kingdom;Western Europe;"Taylor and Francis Ltd.";"1979-2026";"Geography, Planning and Development (Q1); Sociology and Political Science (Q1); Urban Studies (Q1)";"Social Sciences"
247;16300154767;"Media, War and Conflict";journal;"17506352, 17506360";"SAGE Publications Ltd";No;No;0,823;Q1;34;80;88;4388;282;88;3,21;54,85;51,09;0;United Kingdom;Western Europe;"SAGE Publications Ltd";"2007-2026";"Arts and Humanities (miscellaneous) (Q1); Communication (Q1); Political Science and International Relations (Q1); Sociology and Political Science (Q1)";"Arts and Humanities; Social Sciences"
248;22762;"Policy and Politics";journal;"03055736, 14708442";"Policy Press";No;No;0,823;Q1;75;34;95;2532;397;94;3,89;74,47;43,18;0;United Kingdom;Western Europe;"Policy Press";"1979-2025";"Public Administration (Q1); Sociology and Political Science (Q1); Management, Monitoring, Policy and Law (Q2)";"Environmental Science; Social Sciences"
249;17534;"Social Justice Research";journal;"15736725, 08857466";"Springer New York";No;No;0,817;Q1;71;23;62;1625;185;60;2,28;70,65;44,44;1;United States;Northern America;"Springer New York";"1987-1990, 1992-2026";"Anthropology (Q1); Law (Q1); Sociology and Political Science (Q1)";"Social Sciences"
250;26867;"Millennium: Journal of International Studies";journal;"03058298, 14779021";"SAGE Publications Ltd";No;No;0,816;Q1;85;29;99;3475;256;90;2,08;119,83;38,46;1;United Kingdom;Western Europe;"SAGE Publications Ltd";"1971-2026";"Political Science and International Relations (Q1); Sociology and Political Science (Q1)";"Social Sciences"
251;15564;"Journal of Language and Social Psychology";journal;"15526526, 0261927X";"SAGE Publications Inc.";No;No;0,814;Q1;72;46;101;2874;328;101;2,78;62,48;68,03;0;United States;Northern America;"SAGE Publications Inc.";"1982-2026";"Anthropology (Q1); Education (Q1); Linguistics and Language (Q1); Sociology and Political Science (Q1); Social Psychology (Q2)";"Psychology; Social Sciences"
252;21100817648;"Race and Justice";journal;"21533687";"SAGE Publications Inc.";No;No;0,813;Q1;28;72;106;4578;351;97;3,06;63,58;50,00;6;United States;Northern America;"SAGE Publications Inc.";"2011-2026";"Anthropology (Q1); Law (Q1); Sociology and Political Science (Q1)";"Social Sciences"
253;144973;"Men and Masculinities";journal;"15526828, 1097184X";"SAGE Publications Inc.";No;No;0,811;Q1;82;50;107;2974;366;107;2,68;59,48;57,45;0;United States;Northern America;"SAGE Publications Inc.";"1998-2026";"Gender Studies (Q1); History (Q1); Literature and Literary Theory (Q1); Sociology and Political Science (Q1)";"Arts and Humanities; Social Sciences"
254;12100155404;"Health Sociology Review";journal;"14461242, 18393551";"Routledge";No;No;0,808;Q1;43;25;70;1309;216;66;3,20;52,36;62,50;0;United Kingdom;Western Europe;"Routledge";"2008-2026";"Health (social science) (Q1); Sociology and Political Science (Q1)";"Social Sciences"
255;19400158810;"Child Indicators Research";journal;"18748988, 1874897X";"Springer Netherlands";No;No;0,807;Q1;57;117;322;8212;940;322;2,70;70,19;54,18;2;Netherlands;Western Europe;"Springer Netherlands";"2010-2026";"Health (social science) (Q1); Sociology and Political Science (Q1); Social Psychology (Q2)";"Psychology; Social Sciences"
256;21101227929;"Nordic Journal of Media Studies";journal;"2003184X";"Goteborg University";Yes;Yes;0,803;Q1;11;9;29;451;60;29;1,50;50,11;73,33;0;Germany;Western Europe;"Goteborg University";"2019-2025";"Communication (Q1); Education (Q1); Media Technology (Q1); Social Sciences (miscellaneous) (Q1); Sociology and Political Science (Q1); Computer Networks and Communications (Q2); Global and Planetary Change (Q2)";"Computer Science; Engineering; Environmental Science; Social Sciences"
257;4000149603;"Political Studies Review";journal;"14789299, 14789302";"SAGE Publications Ltd";No;No;0,803;Q1;48;92;179;4932;476;175;2,93;53,61;35,33;6;United Kingdom;Western Europe;"SAGE Publications Ltd";"2006-2026";"Political Science and International Relations (Q1); Sociology and Political Science (Q1)";"Social Sciences"
258;18798;"Higher Education Policy";journal;"09528733, 17403863";"Palgrave Macmillan Ltd.";No;No;0,798;Q1;60;83;142;5449;532;142;3,79;65,65;50,26;2;United Kingdom;Western Europe;"Palgrave Macmillan Ltd.";"1992, 1995-2026";"Education (Q1); Sociology and Political Science (Q1)";"Social Sciences"
259;20943;"Scandinavian Political Studies";journal;"00806757, 14679477";"Wiley-Blackwell Publishing Ltd";No;No;0,798;Q1;53;24;70;1477;173;70;1,98;61,54;49,06;1;United Kingdom;Western Europe;"Wiley-Blackwell Publishing Ltd";"1967-1973, 1975-2026";"Sociology and Political Science (Q1)";"Social Sciences"
260;22087;"Theoretical Criminology";journal;"14617439, 13624806";"SAGE Publications Ltd";No;No;0,796;Q1;98;34;101;2251;286;96;2,12;66,21;59,57;1;United Kingdom;Western Europe;"SAGE Publications Ltd";"1997-2026";"Law (Q1); Pathology and Forensic Medicine (Q1); Sociology and Political Science (Q1)";"Medicine; Social Sciences"
261;21101059716;"Al-Ihkam: Jurnal Hukum dan Pranata Sosial";journal;"24423084, 1907591X";"Faculty of Shariah Institut Agama Islam Negeri Madura";Yes;No;0,795;Q1;15;15;74;709;304;74;3,13;47,27;47,22;0;Indonesia;Asiatic Region;"Faculty of Shariah Institut Agama Islam Negeri Madura";"2018-2026";"Arts and Humanities (miscellaneous) (Q1); Law (Q1); Philosophy (Q1); Religious Studies (Q1); Social Sciences (miscellaneous) (Q1); Sociology and Political Science (Q1); Social Psychology (Q2)";"Arts and Humanities; Psychology; Social Sciences"
262;22197;"PS - Political Science and Politics";journal;"10490965, 15375935";"Cambridge University Press";No;No;0,793;Q1;85;141;376;4236;573;282;2,03;30,04;40,96;0;United Kingdom;Western Europe;"Cambridge University Press";"1968-2026";"Sociology and Political Science (Q1)";"Social Sciences"
263;200147101;"Studies in Conflict and Terrorism";journal;"15210731, 1057610X";"Routledge";No;No;0,790;Q1;72;145;324;10838;760;313;2,32;74,74;38,11;0;United Kingdom;Western Europe;"Routledge";"1992-2026";"Political Science and International Relations (Q1); Safety Research (Q1); Safety, Risk, Reliability and Quality (Q1); Sociology and Political Science (Q1)";"Engineering; Social Sciences"
264;21100780469;"World Development Perspectives";journal;"24680532, 24522929";"Elsevier Ltd";No;No;0,790;Q1;31;104;185;5947;639;176;3,25;57,18;41,56;2;United Kingdom;Western Europe;"Elsevier Ltd";"2016-2026";"Development (Q1); Geography, Planning and Development (Q1); Sociology and Political Science (Q1); Economics and Econometrics (Q2)";"Economics, Econometrics and Finance; Social Sciences"
265;22222;"Parliamentary Affairs";journal;"14602482, 00312290";"Oxford University Press";No;No;0,787;Q1;57;54;129;2536;311;128;2,36;46,96;38,00;5;United Kingdom;Western Europe;"Oxford University Press";"1947-2026";"Law (Q1); Sociology and Political Science (Q1)";"Social Sciences"
266;21100329895;"Behavioral Sciences of Terrorism and Political Aggression";journal;"19434480, 19434472";"Routledge";No;No;0,786;Q1;27;45;81;3074;214;81;2,37;68,31;44,44;2;United States;Northern America;"Routledge";"2009-2026";"Political Science and International Relations (Q1); Sociology and Political Science (Q1); Social Psychology (Q2)";"Psychology; Social Sciences"
267;130056;"Journal of International Criminal Justice";journal;"14781395, 14781387";"Oxford University Press";No;No;0,786;Q1;53;42;152;4167;260;147;1,56;99,21;39,58;1;United Kingdom;Western Europe;"Oxford University Press";"2005-2025";"Law (Q1); Sociology and Political Science (Q1)";"Social Sciences"
268;15429;"Journal of Community and Applied Social Psychology";journal;"10529284, 10991298";"John Wiley and Sons Ltd";No;No;0,785;Q1;79;182;327;11371;905;320;2,37;62,48;62,62;0;United Kingdom;Western Europe;"John Wiley and Sons Ltd";"1991-2026";"Sociology and Political Science (Q1); Social Psychology (Q2)";"Psychology; Social Sciences"
269;21100855986;"Revista de Investigacoes Constitucionais";journal;"23595639";"Universidade Federal do Parana";Yes;Yes;0,781;Q1;14;24;71;1290;67;69;0,91;53,75;38,71;0;Brazil;Latin America;"Universidade Federal do Parana";"2014-2025";"Law (Q1); Sociology and Political Science (Q1)";"Social Sciences"
270;101305;"Journal of Sociology";journal;"17412978, 14407833";"SAGE Publications Ltd";No;No;0,780;Q1;71;53;141;2546;463;139;3,48;48,04;66,39;0;United Kingdom;Western Europe;"SAGE Publications Ltd";"1965-2026";"Sociology and Political Science (Q1)";"Social Sciences"
271;18084;"Sociological Forum";journal;"15737861, 08848971";"Wiley-Blackwell";No;No;0,780;Q1;80;59;180;4512;421;177;1,84;76,47;57,47;0;United States;Northern America;"Wiley-Blackwell";"1986-2026";"Sociology and Political Science (Q1)";"Social Sciences"
272;23421;"Political Theory";journal;"00905917, 15527476";"SAGE Publications Inc.";No;No;0,779;Q1;80;37;124;2870;219;112;1,50;77,57;24,32;0;United States;Northern America;"SAGE Publications Inc.";"1973-2026";"History (Q1); Sociology and Political Science (Q1)";"Arts and Humanities; Social Sciences"
273;23482;"Politische Vierteljahresschrift";journal;"00323470, 18622860";"VS Verlag fur Sozialwissenschaften";No;No;0,776;Q1;31;53;101;3628;276;92;1,92;68,45;37,89;4;Germany;Western Europe;"VS Verlag fur Sozialwissenschaften";"1987, 1996-2026";"Sociology and Political Science (Q1)";"Social Sciences"
274;23577;"Publius: The Journal of Federalism";journal;"17477107, 00485950";"Oxford University Press";No;No;0,776;Q1;55;24;92;1841;212;90;2,34;76,71;39,02;1;United Kingdom;Western Europe;"Oxford University Press";"1971-2026";"Public Administration (Q1); Sociology and Political Science (Q1)";"Social Sciences"
275;19900191349;"Critical Policy Studies";journal;"19460171, 1946018X";"Routledge";No;No;0,773;Q1;45;66;105;4142;440;95;3,47;62,76;53,40;6;United Kingdom;Western Europe;"Routledge";"2010-2026";"Public Administration (Q1); Sociology and Political Science (Q1)";"Social Sciences"
276;5700161675;"Journal of Language and Politics";journal;"15699862, 15692159";"John Benjamins Publishing Company";No;No;0,773;Q1;45;64;129;3290;340;129;2,51;51,41;50,00;0;Netherlands;Western Europe;"John Benjamins Publishing Company";"2002-2026";"History (Q1); Linguistics and Language (Q1); Sociology and Political Science (Q1)";"Arts and Humanities; Social Sciences"
277;24482;"Children and Youth Services Review";journal;"01907409";"Elsevier Ltd";No;No;0,765;Q1;131;519;1409;33703;3886;1387;2,50;64,94;66,99;7;United Kingdom;Western Europe;"Elsevier Ltd";"1979-2026";"Education (Q1); Sociology and Political Science (Q1); Developmental and Educational Psychology (Q2); Social Work (Q2)";"Psychology; Social Sciences"
278;24664;"Foreign Affairs";journal;"00157120";"Council on Foreign Relations, Inc.";No;No;0,763;Q1;117;11;269;0;728;266;2,86;0,00;31,25;0;United States;Northern America;"Council on Foreign Relations, Inc.";"1965, 1974, 1977-1981, 1984-1985, 1989, 1991-1992, 1996-2025";"Political Science and International Relations (Q1); Sociology and Political Science (Q1)";"Social Sciences"
279;28894;"Journal of Leisure Research";journal;"00222216, 21596417";"Routledge";No;No;0,761;Q1;88;52;115;3567;402;100;3,42;68,60;47,76;0;United Kingdom;Western Europe;"Routledge";"1978-1989, 1991, 1996-2016, 2018-2026";"Sociology and Political Science (Q1); Environmental Science (miscellaneous) (Q2); Tourism, Leisure and Hospitality Management (Q2)";"Business, Management and Accounting; Environmental Science; Social Sciences"
280;17600155227;"Asian Business and Management";journal;"14724782, 14769328";"Palgrave Macmillan Ltd.";No;No;0,758;Q1;38;30;149;2471;599;139;3,57;82,37;36,00;0;United Kingdom;Western Europe;"Palgrave Macmillan Ltd.";"2008-2026";"Political Science and International Relations (Q1); Sociology and Political Science (Q1); Business and International Management (Q2); Strategy and Management (Q2)";"Business, Management and Accounting; Social Sciences"
281;16772;"Canadian Journal of Political Science";journal;"17449324, 00084239";"Cambridge University Press";No;No;0,754;Q1;52;68;149;4891;277;148;1,37;71,93;35,61;0;United Kingdom;Western Europe;"Cambridge University Press";"1968-2026";"Sociology and Political Science (Q1)";"Social Sciences"
282;14586;"Social Service Review";journal;"15375404, 00377961";"University of Chicago Press";No;No;0,751;Q1;72;20;62;1462;168;61;3,08;73,10;67,61;3;United States;Northern America;"University of Chicago Press";"1973-1983, 1987, 1996-2026";"Sociology and Political Science (Q1); Social Work (Q2)";"Social Sciences"
283;21100217205;"Journal of Borderlands Studies";journal;"21591229, 08865655";"Taylor and Francis Ltd.";No;No;0,747;Q1;33;110;162;6596;439;152;2,50;59,96;44,44;1;United Kingdom;Western Europe;"Taylor and Francis Ltd.";"1986-2026";"Geography, Planning and Development (Q1); Law (Q1); Political Science and International Relations (Q1); Sociology and Political Science (Q1)";"Social Sciences"
284;5700163951;"International Journal of Cultural Policy";journal;"14772833, 10286632";"Routledge";No;No;0,746;Q1;68;105;172;6718;528;169;2,77;63,98;57,53;5;United Kingdom;Western Europe;"Routledge";"1997-2026";"Cultural Studies (Q1); Sociology and Political Science (Q1)";"Social Sciences"
285;16241;"Journal of Law and Society";journal;"14676478, 0263323X";"Wiley-Blackwell Publishing Ltd";No;No;0,746;Q1;63;52;109;2002;249;107;1,59;38,50;54,29;0;United Kingdom;Western Europe;"Wiley-Blackwell Publishing Ltd";"1983, 1985, 1988, 1991-1993, 1996-2026";"Law (Q1); Sociology and Political Science (Q1)";"Social Sciences"
286;5700160451;"Politics and Religion";journal;"17550483";"Cambridge University Press";Yes;No;0,741;Q1;33;26;100;2209;224;98;2,27;84,96;40,48;0;United Kingdom;Western Europe;"Cambridge University Press";"2008-2026";"Religious Studies (Q1); Sociology and Political Science (Q1)";"Arts and Humanities; Social Sciences"
287;21100812569;"Journal of Social and Political Psychology";journal;"21953325";"PsychOpen";Yes;Yes;0,740;Q1;43;22;105;1343;233;102;2,02;61,05;48,78;0;Germany;Western Europe;"PsychOpen";"2013-2025";"Sociology and Political Science (Q1); Applied Psychology (Q2); Social Psychology (Q2)";"Psychology; Social Sciences"
288;21100403126;"European Politics and Society";journal;"23745126, 23745118";"Taylor and Francis Ltd.";No;No;0,737;Q1;38;98;130;6625;375;125;3,13;67,60;37,20;2;United Kingdom;Western Europe;"Taylor and Francis Ltd.";"2014-2026";"Political Science and International Relations (Q1); Sociology and Political Science (Q1)";"Social Sciences"
289;21100242617;"Journal of Information, Communication and Ethics in Society";journal;"17588871, 1477996X";"Emerald Group Publishing Ltd.";No;No;0,734;Q1;36;61;93;3713;512;91;6,25;60,87;47,01;0;United Kingdom;Western Europe;"Emerald Group Publishing Ltd.";"2003-2026";"Communication (Q1); Philosophy (Q1); Sociology and Political Science (Q1); Computer Networks and Communications (Q2); E-learning (Q2)";"Arts and Humanities; Computer Science; Social Sciences"
290;12100155921;"Social Policy and Society";journal;"14753073, 14747464";"Cambridge University Press";No;No;0,734;Q1;43;85;193;5717;613;186;2,50;67,26;63,58;0;United Kingdom;Western Europe;"Cambridge University Press";"2011, 2013-2026";"Political Science and International Relations (Q1); Sociology and Political Science (Q1)";"Social Sciences"
291;22889;"Political Science Quarterly";journal;"00323195, 1538165X";"Oxford University Press";No;No;0,729;Q1;61;30;96;1893;180;95;1,77;63,10;30,23;0;United States;Northern America;"Oxford University Press";"1935, 1955, 1964-1965, 1968, 1972-1974, 1976, 1978, 1980-1994, 1996-2025";"Sociology and Political Science (Q1)";"Social Sciences"
292;21100427853;"Politics and Governance";journal;"21832463";"Cogitatio Press";Yes;No;0,728;Q1;45;140;370;9577;1081;332;2,79;68,41;41,60;6;Portugal;Western Europe;"Cogitatio Press";"2013-2026";"Sociology and Political Science (Q1); Public Administration (Q2)";"Social Sciences"
293;21100896140;"Global Constitutionalism";journal;"20453825, 20453817";"Cambridge University Press";Yes;No;0,726;Q1;20;39;92;4501;252;92;2,34;115,41;56,25;0;United Kingdom;Western Europe;"Cambridge University Press";"2018-2026";"History (Q1); Philosophy (Q1); Sociology and Political Science (Q1)";"Arts and Humanities; Social Sciences"
294;19774;"International Journal of Public Opinion Research";journal;"14716909, 09542892";"Oxford University Press";No;No;0,726;Q1;73;73;140;4290;324;140;2,24;58,77;35,16;1;United Kingdom;Western Europe;"Oxford University Press";"1989-2026";"Sociology and Political Science (Q1)";"Social Sciences"
295;19700169837;"America Latina Hoy";journal;"23404396, 11302887";"Ediciones Universidad de Salamanca";Yes;Yes;0,725;Q1;14;11;49;710;29;48;0,69;64,55;30,00;0;Spain;Western Europe;"Ediciones Universidad de Salamanca";"2011-2025";"History (Q1); Sociology and Political Science (Q1)";"Arts and Humanities; Social Sciences"
296;18697;"Theory and Society";journal;"15737853, 03042421";"Springer Netherlands";No;No;0,725;Q1;100;65;128;3432;293;127;2,09;52,80;25,00;1;Netherlands;Western Europe;"Springer Netherlands";"1974-2026";"History (Q1); Sociology and Political Science (Q1)";"Arts and Humanities; Social Sciences"
297;28910;"Leisure Sciences";journal;"15210588, 01490400";"Taylor and Francis Ltd.";No;No;0,724;Q1;89;194;232;12439;823;221;3,22;64,12;47,81;2;United Kingdom;Western Europe;"Taylor and Francis Ltd.";"1977-2026";"Sociology and Political Science (Q1); Environmental Science (miscellaneous) (Q2); Tourism, Leisure and Hospitality Management (Q2)";"Business, Management and Accounting; Environmental Science; Social Sciences"
298;23925;"Commonwealth and Comparative Politics";journal;"17439094, 14662043";"Routledge";No;No;0,723;Q1;38;14;55;844;74;54;1,30;60,29;15,38;0;United Kingdom;Western Europe;"Routledge";"2002-2026";"Political Science and International Relations (Q1); Sociology and Political Science (Q1)";"Social Sciences"
299;28507;"Survival";journal;"00396338, 14682699";"Routledge";No;No;0,722;Q1;60;81;201;2623;386;194;1,44;32,38;17,58;11;United Kingdom;Western Europe;"Routledge";"1959-2026";"Political Science and International Relations (Q1); Sociology and Political Science (Q1)";"Social Sciences"
300;5700161890;"International Feminist Journal of Politics";journal;"14684470, 14616742";"Routledge";No;No;0,718;Q1;66;58;148;3230;359;108;2,23;55,69;85,29;5;United Kingdom;Western Europe;"Routledge";"1999-2026";"Arts and Humanities (miscellaneous) (Q1); Gender Studies (Q1); Political Science and International Relations (Q1); Sociology and Political Science (Q1)";"Arts and Humanities; Social Sciences"
301;20324;"Journal of Educational Administration and History";journal;"14787431, 00220620";"Routledge";No;No;0,718;Q1;34;51;99;2483;303;88;2,57;48,69;56,63;1;United Kingdom;Western Europe;"Routledge";"1968-2000, 2003, 2010-2026";"Education (Q1); Sociology and Political Science (Q1)";"Social Sciences"
302;16996;"Modern China";journal;"15526836, 00977004";"SAGE Publications Inc.";No;No;0,713;Q1;53;25;92;1682;140;91;1,57;67,28;20,83;0;United States;Northern America;"SAGE Publications Inc.";"1975-2026";"Geography, Planning and Development (Q1); History (Q1); Sociology and Political Science (Q1)";"Arts and Humanities; Social Sciences"
303;21101058963;"Methodological Innovations";journal;"20597991";"SAGE Publications Inc.";Yes;No;0,712;Q1;31;20;81;1072;250;81;3,22;53,60;71,43;0;United States;Northern America;"SAGE Publications Inc.";"2016-2026";"Social Sciences (miscellaneous) (Q1); Sociology and Political Science (Q1)";"Social Sciences"
304;5200152206;"Annual Review of Law and Social Science";book series;"15503585";"Annual Reviews Inc.";No;No;0,709;Q1;69;0;58;0;232;58;3,78;0,00;0,00;0;United States;Northern America;"Annual Reviews Inc.";"2006-2024";"Law (Q1); Sociology and Political Science (Q1)";"Social Sciences"
305;21100850750;"European Journal of Futures Research";journal;"21952248, 21954194";"Springer Verlag";Yes;No;0,709;Q1;32;15;56;1029;229;56;2,19;68,60;41,94;0;Germany;Western Europe;"Springer Verlag";"2013-2026";"Economics, Econometrics and Finance (miscellaneous) (Q1); Social Sciences (miscellaneous) (Q1); Sociology and Political Science (Q1); Management of Technology and Innovation (Q2); Tourism, Leisure and Hospitality Management (Q2)";"Business, Management and Accounting; Economics, Econometrics and Finance; Social Sciences"
306;21100886530;"Area Development and Policy";journal;"23792957";"Routledge";No;No;0,708;Q1;28;41;80;2378;237;72;2,73;58,00;36,96;2;United Kingdom;Western Europe;"Routledge";"2016-2026";"Geography, Planning and Development (Q1); Nature and Landscape Conservation (Q1); Sociology and Political Science (Q1); Urban Studies (Q1); Public Administration (Q2)";"Environmental Science; Social Sciences"
307;21100443918;"Distinktion";journal;"21599149, 1600910X";"Routledge";No;No;0,708;Q1;28;47;75;3421;186;69;2,14;72,79;24,29;0;United Kingdom;Western Europe;"Routledge";"2009-2026";"Social Sciences (miscellaneous) (Q1); Sociology and Political Science (Q1)";"Social Sciences"
308;14402;"Archives Europeennes de Sociologie";journal;"14740583, 00039756";"Cambridge University Press";No;No;0,707;Q1;52;10;39;753;109;39;1,93;75,30;23,08;0;United Kingdom;Western Europe;"Cambridge University Press";"1960-2026";"Sociology and Political Science (Q1)";"Social Sciences"
309;5600154403;"Australian Social Work";journal;"0312407X, 14470748";"Taylor and Francis Ltd.";No;No;0,706;Q1;47;79;140;2887;356;120;2,57;36,54;76,39;0;United Kingdom;Western Europe;"Taylor and Francis Ltd.";"1971-2004, 2006-2026";"Social Sciences (miscellaneous) (Q1); Sociology and Political Science (Q1); Health (social science) (Q2); Social Work (Q2)";"Social Sciences"
310;21100835739;"Contemporary Italian Politics";journal;"23248823, 23248831";"Routledge";No;No;0,706;Q1;25;47;98;2150;237;87;2,23;45,74;41,33;4;United States;Northern America;"Routledge";"2013-2026";"Political Science and International Relations (Q1); Sociology and Political Science (Q1)";"Social Sciences"
311;19700188160;"Journal of Comparative Policy Analysis: Research and Practice";journal;"13876988, 15725448";"Routledge";No;No;0,703;Q1;44;44;99;2987;331;96;3,69;67,89;51,22;0;United States;Northern America;"Routledge";"1998-2026";"Sociology and Political Science (Q1); Public Administration (Q2)";"Social Sciences"
312;5700162683;"Globalizations";journal;"1474774X, 14747731";"Taylor and Francis Ltd.";No;No;0,702;Q1;66;160;308;11603;923;291;3,19;72,52;42,17;5;United Kingdom;Western Europe;"Taylor and Francis Ltd.";"2004-2026";"Economics, Econometrics and Finance (miscellaneous) (Q1); Geography, Planning and Development (Q1); Sociology and Political Science (Q1); Management, Monitoring, Policy and Law (Q2); Public Administration (Q2)";"Economics, Econometrics and Finance; Environmental Science; Social Sciences"
313;19900191551;"International Review of the Red Cross";journal;"16075889, 18163831";"Cambridge University Press";Yes;No;0,702;Q1;54;60;184;8605;297;171;1,37;143,42;53,75;0;United Kingdom;Western Europe;"Cambridge University Press";"2005-2026";"Law (Q1); Sociology and Political Science (Q1)";"Social Sciences"
314;21100854808;"Journal of the Society for Social Work and Research";journal;"1948822X, 23342315";"University of Chicago Press";Yes;No;0,702;Q1;35;37;116;2087;306;113;2,69;56,41;61,70;0;United States;Northern America;"University of Chicago Press";"2014-2026";"Social Sciences (miscellaneous) (Q1); Sociology and Political Science (Q1)";"Social Sciences"
315;18086;"Sociological Inquiry";journal;"1475682X, 00380245";"Wiley-Blackwell Publishing Ltd";No;No;0,702;Q1;72;62;131;4177;344;126;2,36;67,37;53,45;1;United Kingdom;Western Europe;"Wiley-Blackwell Publishing Ltd";"1961-2026";"Sociology and Political Science (Q1)";"Social Sciences"
316;17670;"Comparative Studies in Society and History";journal;"00104175, 14752999";"Cambridge University Press";No;No;0,700;Q1;71;44;121;4019;156;109;1,19;91,34;31,82;0;United Kingdom;Western Europe;"Cambridge University Press";"1958-2026";"History (Q1); Sociology and Political Science (Q1)";"Arts and Humanities; Social Sciences"
317;19900191744;"Equality, Diversity and Inclusion";journal;"17587093, 20407149";"Emerald Publishing";No;No;0,698;Q1;50;160;255;10350;897;245;2,90;64,69;64,43;0;United Kingdom;Western Europe;"Emerald Publishing";"1989-1994, 1996-2003, 2010-2026";"Cultural Studies (Q1); Gender Studies (Q1); Sociology and Political Science (Q1); Organizational Behavior and Human Resource Management (Q2)";"Business, Management and Accounting; Social Sciences"
318;21100454975;"Journal of Current Chinese Affairs";journal;"18684874, 18681026";"SAGE Publications Inc.";Yes;Yes;0,693;Q1;24;25;69;1799;233;68;3,13;71,96;54,17;2;United Kingdom;Western Europe;"SAGE Publications Inc.";"2015-2026";"Economics, Econometrics and Finance (miscellaneous) (Q1); Political Science and International Relations (Q1); Sociology and Political Science (Q1)";"Economics, Econometrics and Finance; Social Sciences"
319;5700163963;"Politics, Philosophy and Economics";journal;"1470594X, 17413060";"SAGE Publications Inc.";No;No;0,692;Q1;43;31;60;1598;156;57;2,57;51,55;15,79;0;United States;Northern America;"SAGE Publications Inc.";"2002-2026";"Philosophy (Q1); Sociology and Political Science (Q1); Economics and Econometrics (Q2)";"Arts and Humanities; Economics, Econometrics and Finance; Social Sciences"
320;21100887620;"European Journal for Sport and Society";journal;"23805919, 16138171";"Taylor and Francis Ltd.";No;No;0,690;Q1;33;30;61;1785;202;60;2,56;59,50;41,67;0;United Kingdom;Western Europe;"Taylor and Francis Ltd.";"2004-2026";"Sociology and Political Science (Q1); Orthopedics and Sports Medicine (Q2); Physical Therapy, Sports Therapy and Rehabilitation (Q2)";"Health Professions; Medicine; Social Sciences"
321;5700167221;"Journal of Contemporary European Studies";journal;"14782790, 14782804";"Routledge";No;No;0,690;Q1;33;114;246;8150;656;238;2,62;71,49;44,92;5;United Kingdom;Western Europe;"Routledge";"2007-2026";"Cultural Studies (Q1); Political Science and International Relations (Q1); Sociology and Political Science (Q1)";"Social Sciences"
322;14293;"Deviant Behavior";journal;"15210456, 01639625";"Taylor and Francis Ltd.";No;No;0,684;Q1;74;288;298;20213;833;298;2,64;70,18;46,46;2;United Kingdom;Western Europe;"Taylor and Francis Ltd.";"1979-2026";"Law (Q1); Sociology and Political Science (Q1); Clinical Psychology (Q2); Social Psychology (Q2)";"Psychology; Social Sciences"
323;16907;"Research on Social Work Practice";journal;"10497315, 15527581";"SAGE Publications Inc.";No;No;0,679;Q1;82;166;225;8585;623;206;2,44;51,72;56,63;2;United States;Northern America;"SAGE Publications Inc.";"1991-2026";"Social Sciences (miscellaneous) (Q1); Sociology and Political Science (Q1); Psychology (miscellaneous) (Q2); Social Work (Q2)";"Psychology; Social Sciences"
324;24848;"Critical Sociology";journal;"08969205, 15691632";"SAGE Publications Ltd";No;No;0,677;Q1;64;162;238;11415;700;205;2,59;70,46;36,36;5;United Kingdom;Western Europe;"SAGE Publications Ltd";"1971-1992, 1994-2026";"Sociology and Political Science (Q1)";"Social Sciences"
325;21100803392;"Cross Cultural and Strategic Management";journal;"20595794";"Emerald Group Publishing Ltd.";No;No;0,676;Q1;58;44;100;4403;385;99;3,56;100,07;42,75;0;United Kingdom;Western Europe;"Emerald Group Publishing Ltd.";"2016-2026";"Cultural Studies (Q1); Sociology and Political Science (Q1); Business and International Management (Q2); Organizational Behavior and Human Resource Management (Q2); Strategy and Management (Q2)";"Business, Management and Accounting; Social Sciences"
326;5700168403;"Global Crime";journal;"17440572, 17440580";"Routledge";No;No;0,676;Q1;40;23;47;1432;122;46;2,92;62,26;31,58;0;United Kingdom;Western Europe;"Routledge";"2007-2026";"Law (Q1); Political Science and International Relations (Q1); Sociology and Political Science (Q1)";"Social Sciences"
327;4700152207;"International Communication Gazette";journal;"17480485, 17480493";"SAGE Publications Ltd";No;No;0,675;Q1;56;54;111;3026;270;109;2,42;56,04;34,82;0;United Kingdom;Western Europe;"SAGE Publications Ltd";"1961, 1966, 1996-1997, 2003-2004, 2006-2026";"Communication (Q1); Sociology and Political Science (Q1)";"Social Sciences"
328;4700152786;"Journal of Political Marketing";journal;"15377857, 15377865";"Routledge";No;No;0,675;Q1;37;37;57;2793;179;54;2,88;75,49;33,72;1;United States;Northern America;"Routledge";"2002-2026";"Sociology and Political Science (Q1); Marketing (Q2)";"Business, Management and Accounting; Social Sciences"
329;16511;"Australian Journal of Public Administration";journal;"14678500, 03136647";"Wiley-Blackwell Publishing Ltd";No;No;0,674;Q1;60;61;115;3686;384;113;3,01;60,43;47,45;5;United Kingdom;Western Europe;"Wiley-Blackwell Publishing Ltd";"1937-2026";"Sociology and Political Science (Q1); Public Administration (Q2)";"Social Sciences"
330;18103;"Sociological Quarterly";journal;"00380253, 15338525";"Taylor and Francis Ltd.";No;No;0,672;Q1;80;44;94;3441;192;93;2,08;78,20;45,98;1;United States;Northern America;"Taylor and Francis Ltd.";"1960-2026";"Sociology and Political Science (Q1)";"Social Sciences"
331;19900192164;"Journal of Political Power";journal;"21583803, 2158379X";"Routledge";No;No;0,669;Q1;35;30;61;1874;142;54;1,84;62,47;46,34;0;United Kingdom;Western Europe;"Routledge";"2008, 2010-2026";"Sociology and Political Science (Q1)";"Social Sciences"
332;25822;"Society and Natural Resources";journal;"08941920, 15210723";"Taylor and Francis Ltd.";No;No;0,668;Q1;110;107;256;6983;670;237;2,32;65,26;52,51;2;United Kingdom;Western Europe;"Taylor and Francis Ltd.";"1988-2026";"Sociology and Political Science (Q1); Development (Q2); Environmental Science (miscellaneous) (Q2)";"Environmental Science; Social Sciences"
333;21599;"Studies in American Political Development";journal;"14698692, 0898588X";"Cambridge University Press";No;No;0,668;Q1;31;15;42;2387;46;41;1,00;159,13;57,89;0;United Kingdom;Western Europe;"Cambridge University Press";"1986-1987, 1989-2026";"History (Q1); Sociology and Political Science (Q1)";"Arts and Humanities; Social Sciences"
334;18718;"Time and Society";journal;"0961463X, 14617463";"SAGE Publications Ltd";No;No;0,668;Q1;61;46;88;3204;217;75;2,31;69,65;50,00;0;United Kingdom;Western Europe;"SAGE Publications Ltd";"1992-2026";"Sociology and Political Science (Q1)";"Social Sciences"
335;21100830164;"Business and Human Rights Journal";journal;"20570198, 20570201";"Cambridge University Press";No;No;0,667;Q1;30;36;102;3232;223;101;2,27;89,78;63,64;1;United Kingdom;Western Europe;"Cambridge University Press";"2016-2026";"Law (Q1); Sociology and Political Science (Q1); Business and International Management (Q2); Industrial Relations (Q2)";"Business, Management and Accounting; Social Sciences"
336;27159;"Innovation: The European Journal of Social Science Research";journal;"13511610, 14698412";"Routledge";No;No;0,665;Q1;50;138;183;9818;549;160;2,06;71,14;44,19;8;United Kingdom;Western Europe;"Routledge";"1988-2026";"Cultural Studies (Q1); Social Sciences (miscellaneous) (Q1); Sociology and Political Science (Q1); Geography, Planning and Development (Q2); Management of Technology and Innovation (Q2); Organizational Behavior and Human Resource Management (Q2); Strategy and Management (Q2)";"Business, Management and Accounting; Social Sciences"
337;100147328;"Child and Family Social Work";journal;"13652206, 13567500";"Wiley-Blackwell Publishing Ltd";No;No;0,661;Q1;81;225;285;13180;719;285;2,26;58,58;72,45;2;United Kingdom;Western Europe;"Wiley-Blackwell Publishing Ltd";"1996-2026";"Sociology and Political Science (Q1); Health (social science) (Q2); Social Work (Q2)";"Social Sciences"
338;29502;"Race and Class";journal;"03063968, 17413125";"SAGE Publications Ltd";No;No;0,661;Q1;58;23;70;1487;216;57;3,16;64,65;50,00;2;United Kingdom;Western Europe;"SAGE Publications Ltd";"1959, 1962-2026";"Anthropology (Q1); Archeology (Q1); Archeology (arts and humanities) (Q1); Cultural Studies (Q1); Social Sciences (miscellaneous) (Q1); Sociology and Political Science (Q1)";"Arts and Humanities; Social Sciences"
339;5700164302;"Rivista Italiana di Scienza Politica";journal;"20574908, 00488402";"Cambridge University Press";No;No;0,661;Q1;20;34;63;1564;180;62;2,36;46,00;31,75;0;Italy;Western Europe;"Cambridge University Press";"2003, 2010-2026";"Political Science and International Relations (Q1); Sociology and Political Science (Q1)";"Social Sciences"
340;15016;"Social Work Research";journal;"15456838, 10705309";"Oxford University Press";No;No;0,657;Q1;64;24;78;1037;199;67;1,49;43,21;61,19;0;United Kingdom;Western Europe;"Oxford University Press";"1994-2025";"Sociology and Political Science (Q1); Social Work (Q2)";"Social Sciences"
341;21100924769;"European Journal of Social Security";journal;"23992948, 13882627";"SAGE Publications Ltd";No;No;0,656;Q1;25;23;76;1026;234;76;2,96;44,61;51,52;2;United Kingdom;Western Europe;"SAGE Publications Ltd";"2002-2026";"Economics, Econometrics and Finance (miscellaneous) (Q1); Sociology and Political Science (Q1); Public Administration (Q2)";"Economics, Econometrics and Finance; Social Sciences"
342;5600153350;"International Review of Victimology";journal;"20479433, 02697580";"SAGE Publications Ltd";No;No;0,656;Q1;39;44;70;3070;186;70;2,89;69,77;68,13;0;United Kingdom;Western Europe;"SAGE Publications Ltd";"1990-2010, 2012-2026";"Law (Q1); Sociology and Political Science (Q1)";"Social Sciences"
343;24734;"American Journal of Evaluation";journal;"10982140, 15570878";"SAGE Publications Inc.";No;No;0,655;Q1;74;39;120;1752;178;102;1,47;44,92;66,29;0;United States;Northern America;"SAGE Publications Inc.";"1981-2026";"Sociology and Political Science (Q1); Business and International Management (Q2); Education (Q2); Health (social science) (Q2); Social Psychology (Q2); Strategy and Management (Q2)";"Business, Management and Accounting; Psychology; Social Sciences"
344;21100199539;"Politica Criminal";journal;"07183399";"Centro Estudios Derecho Penal";Yes;Yes;0,654;Q1;13;43;103;2617;58;103;0,55;60,86;39,13;0;Chile;Latin America;"Centro Estudios Derecho Penal";"2009-2025";"Law (Q1); Sociology and Political Science (Q1)";"Social Sciences"
345;16562;"Armed Forces and Society";journal;"15560848, 0095327X";"SAGE Publications Inc.";No;No;0,653;Q1;54;114;162;7049;366;145;2,37;61,83;41,03;0;United States;Northern America;"SAGE Publications Inc.";"1974-2026";"Safety Research (Q1); Social Sciences (miscellaneous) (Q1); Sociology and Political Science (Q1)";"Social Sciences"
346;19700188322;"Journal of Human Rights";journal;"14754843, 14754835";"Carfax Publishers";No;No;0,653;Q1;32;38;117;2706;248;116;1,96;71,21;64,62;2;United Kingdom;Western Europe;"Carfax Publishers";"2010-2026";"Law (Q1); Political Science and International Relations (Q1); Sociology and Political Science (Q1)";"Social Sciences"
347;26863;"Middle East Policy";journal;"14754967, 10611924";"Wiley-Blackwell Publishing Ltd";No;No;0,648;Q1;38;47;119;2788;196;116;1,97;59,32;17,39;7;United Kingdom;Western Europe;"Wiley-Blackwell Publishing Ltd";"1992-2026";"Political Science and International Relations (Q1); Sociology and Political Science (Q1)";"Social Sciences"
348;18102;"Sociological Perspectives";journal;"07311214, 15338673";"SAGE Publications Inc.";No;No;0,646;Q1;79;23;126;1691;255;124;1,57;73,52;50,00;0;United States;Northern America;"SAGE Publications Inc.";"1958-2026";"Sociology and Political Science (Q1)";"Social Sciences"
349;16824;"Central Asian Survey";journal;"02634937, 14653354";"Routledge";No;No;0,644;Q1;45;70;113;3996;294;100;2,75;57,09;41,05;0;United Kingdom;Western Europe;"Routledge";"1982-2026";"History (Q1); Sociology and Political Science (Q1); Development (Q2); Earth-Surface Processes (Q2); Geography, Planning and Development (Q2)";"Arts and Humanities; Earth and Planetary Sciences; Social Sciences"
350;17181;"Public Money and Management";journal;"14679302, 09540962";"Routledge";No;No;0,642;Q1;65;205;367;6494;978;302;2,47;31,68;43,00;7;United Kingdom;Western Europe;"Routledge";"1988-2026";"Sociology and Political Science (Q1); Accounting (Q2); Business, Management and Accounting (miscellaneous) (Q2); Finance (Q2); Public Administration (Q2)";"Business, Management and Accounting; Economics, Econometrics and Finance; Social Sciences"
351;11600153582;"Community Development";journal;"15575330, 19447485";"Routledge";No;No;0,641;Q1;34;71;159;4502;464;139;2,83;63,41;49,06;0;United Kingdom;Western Europe;"Routledge";"2009-2026";"Sociology and Political Science (Q1); Geography, Planning and Development (Q2)";"Social Sciences"
352;27390;"Pacific Affairs";journal;"0030851X, 17153379";"University of British Columbia";No;No;0,641;Q1;49;26;66;1523;129;62;1,93;58,58;33,33;0;Canada;Northern America;"University of British Columbia";"1979, 1981-1982, 1984, 1991-2025";"Sociology and Political Science (Q1); Geography, Planning and Development (Q2)";"Social Sciences"
353;19400158571;"Race and Social Problems";journal;"18671748, 18671756";"Springer Verlag";No;No;0,640;Q1;46;44;87;2880;222;86;2,08;65,45;65,04;0;Germany;Western Europe;"Springer Verlag";"2009-2026";"Anthropology (Q1); Sociology and Political Science (Q1)";"Social Sciences"
354;17504;"Social and Legal Studies";journal;"09646639, 14617390";"SAGE Publications Ltd";No;No;0,640;Q1;57;61;134;4323;312;133;1,89;70,87;74,71;2;United Kingdom;Western Europe;"SAGE Publications Ltd";"1992-2026";"Law (Q1); Social Sciences (miscellaneous) (Q1); Sociology and Political Science (Q1)";"Social Sciences"
355;11600154613;"Environmental Hazards";journal;"17477891, 18780059";"Taylor and Francis Ltd.";No;No;0,639;Q1;67;60;75;4116;258;75;3,42;68,60;37,84;4;United Kingdom;Western Europe;"Taylor and Francis Ltd.";"1983, 1999-2003, 2005, 2007, 2009-2026";"Sociology and Political Science (Q1); Development (Q2); Environmental Science (miscellaneous) (Q2); Geography, Planning and Development (Q2); Global and Planetary Change (Q3)";"Environmental Science; Social Sciences"
356;15567;"Journal of Marital and Family Therapy";journal;"17520606, 0194472X";"Wiley-Blackwell";No;No;0,639;Q1;84;111;163;6550;406;162;1,55;59,01;63,71;0;United States;Northern America;"Wiley-Blackwell";"1975-2026";"Social Sciences (miscellaneous) (Q1); Sociology and Political Science (Q1); Clinical Psychology (Q2); Social Psychology (Q2)";"Psychology; Social Sciences"
357;37903;"Ethos";journal;"00912131, 15481352";"Wiley-Blackwell";No;No;0,638;Q1;60;31;81;1796;153;77;2,11;57,94;67,27;0;United States;Northern America;"Wiley-Blackwell";"1973-2026";"Anthropology (Q1); Arts and Humanities (miscellaneous) (Q1); Sociology and Political Science (Q1)";"Arts and Humanities; Social Sciences"
358;24733;"American Behavioral Scientist";journal;"15523381, 00027642";"SAGE Publications Inc.";No;No;0,635;Q1;149;171;426;8225;971;412;1,98;48,10;48,48;7;United States;Northern America;"SAGE Publications Inc.";"1957-2026";"Cultural Studies (Q1); Social Sciences (miscellaneous) (Q1); Sociology and Political Science (Q1); Education (Q2); Social Psychology (Q2)";"Psychology; Social Sciences"
359;21101337219;"Journal of Pacifism and Nonviolence";journal;"27727882, 27727874";"Brill Academic Publishers";No;No;0,635;Q1;6;18;27;1159;53;27;1,96;64,39;40,91;0;Netherlands;Western Europe;"Brill Academic Publishers";"2023-2026";"Political Science and International Relations (Q1); Social Sciences (miscellaneous) (Q1); Sociology and Political Science (Q1)";"Social Sciences"
360;24359;"Women's Studies International Forum";journal;"02775395";"Elsevier Ltd";No;No;0,635;Q1;81;138;330;9113;992;322;2,80;66,04;67,97;0;United Kingdom;Western Europe;"Elsevier Ltd";"1982-2026";"Gender Studies (Q1); Law (Q1); Sociology and Political Science (Q1); Development (Q2); Education (Q2)";"Social Sciences"
361;26587;"Studies in Comparative International Development";journal;"00393606, 19366167";"Springer New York";No;No;0,634;Q1;68;55;81;4519;172;79;2,12;82,16;48,54;6;United States;Northern America;"Springer New York";"1965-1970, 1972-2026";"Political Science and International Relations (Q1); Sociology and Political Science (Q1); Development (Q2)";"Social Sciences"
362;70397;"Evaluation";journal;"13563890, 14617153";"SAGE Publications Ltd";No;No;0,633;Q1;64;35;95;2038;193;80;1,26;58,23;52,53;3;United Kingdom;Western Europe;"SAGE Publications Ltd";"1995-2026";"Sociology and Political Science (Q1); Development (Q2)";"Social Sciences"
363;21100371203;"Revista de Derecho Politico";journal;"21745625, 0211979X";"Universidad Nacional de Educacion a Distancia (UNED)";Yes;Yes;0,633;Q1;10;37;119;1550;64;118;0,64;41,89;40,63;0;Spain;Western Europe;"Universidad Nacional de Educacion a Distancia (UNED)";"2014-2025";"Law (Q1); Political Science and International Relations (Q1); Sociology and Political Science (Q1)";"Social Sciences"
364;21101298336;"Consumption and Society";journal;"27528499";"Bristol University Press";No;No;0,632;Q1;12;26;70;1460;194;53;2,28;56,15;71,43;0;United Kingdom;Western Europe;"Bristol University Press";"2022-2026";"Social Sciences (miscellaneous) (Q1); Sociology and Political Science (Q1); Global and Planetary Change (Q3)";"Environmental Science; Social Sciences"
365;21100840031;"Critical Military Studies";journal;"23337486, 23337494";"Taylor and Francis Ltd.";No;No;0,632;Q1;27;52;98;3030;177;96;1,70;58,27;60,32;2;United Kingdom;Western Europe;"Taylor and Francis Ltd.";"2015-2026";"History (Q1); Law (Q1); Political Science and International Relations (Q1); Social Sciences (miscellaneous) (Q1); Sociology and Political Science (Q1); Management Science and Operations Research (Q2)";"Arts and Humanities; Decision Sciences; Social Sciences"
366;4700152403;"Journal of Gay and Lesbian Social Services";journal;"15404056, 10538720";"Routledge";No;No;0,632;Q1;51;0;75;0;202;75;2,32;0,00;0,00;0;United States;Northern America;"Routledge";"1994-2023";"Gender Studies (Q1); Sociology and Political Science (Q1)";"Social Sciences"
367;21100898050;"Social Enterprise Journal";journal;"17508533, 17508614";"Emerald Group Publishing Ltd.";No;No;0,629;Q1;29;88;107;6591;506;104;4,45;74,90;49,54;0;United Kingdom;Western Europe;"Emerald Group Publishing Ltd.";"2012, 2016, 2018-2026";"Economics, Econometrics and Finance (miscellaneous) (Q1); Sociology and Political Science (Q1); Business, Management and Accounting (miscellaneous) (Q2); Development (Q2); Management, Monitoring, Policy and Law (Q2)";"Business, Management and Accounting; Economics, Econometrics and Finance; Environmental Science; Social Sciences"
368;5600155017;"International Journal of Human Rights";journal;"1744053X, 13642987";"Routledge";No;No;0,626;Q1;46;128;233;10871;591;226;2,36;84,93;55,49;4;United Kingdom;Western Europe;"Routledge";"2009-2026";"Law (Q1); Sociology and Political Science (Q1)";"Social Sciences"
369;18675;"Teaching Sociology";journal;"0092055X, 1939862X";"SAGE Publications Inc.";No;No;0,625;Q1;48;36;102;1407;161;88;1,65;39,08;50,00;0;United States;Northern America;"SAGE Publications Inc.";"1986, 1990, 1996-2026";"Sociology and Political Science (Q1); Education (Q2)";"Social Sciences"
370;5600153503;"Critical Review of International Social and Political Philosophy";journal;"13698230, 17438772";"Routledge";No;No;0,625;Q2;37;181;244;7282;404;236;1,79;40,23;37,78;1;United Kingdom;Western Europe;"Routledge";"2001, 2008, 2010-2026";"Philosophy (Q1); Sociology and Political Science (Q2)";"Arts and Humanities; Social Sciences"
371;21100463803;"Regional Studies, Regional Science";journal;"21681376";"Taylor and Francis Ltd.";Yes;No;0,625;Q2;36;56;161;3211;426;160;2,16;57,34;38,97;3;United Kingdom;Western Europe;"Taylor and Francis Ltd.";"2014-2026";"Economics and Econometrics (Q2); Geography, Planning and Development (Q2); Sociology and Political Science (Q2)";"Economics, Econometrics and Finance; Social Sciences"
372;20727;"Europe-Asia Studies";journal;"09668136, 14653427";"Routledge";No;No;0,622;Q2;73;69;220;4716;398;210;1,42;68,35;36,46;2;United Kingdom;Western Europe;"Routledge";"1993-2026";"History (Q1); Economics and Econometrics (Q2); Geography, Planning and Development (Q2); Sociology and Political Science (Q2)";"Arts and Humanities; Economics, Econometrics and Finance; Social Sciences"
373;27760;"New Left Review";journal;"00286060";"New Left Review Subscriptions";No;No;0,622;Q2;86;0;45;0;126;41;1,93;0,00;0,00;0;United Kingdom;Western Europe;"New Left Review Subscriptions";"1984, 1987, 1996-2024";"Political Science and International Relations (Q1); Sociology and Political Science (Q2)";"Social Sciences"
374;23971;"Critical Asian Studies";journal;"14672715, 14726033";"Routledge";No;No;0,621;Q2;51;36;90;2161;218;90;2,82;60,03;39,47;0;United Kingdom;Western Europe;"Routledge";"1968-1993, 1995-2026";"Geography, Planning and Development (Q2); Sociology and Political Science (Q2)";"Social Sciences"
375;21101188706;"Frontiers in Human Dynamics";journal;"26732726";"Frontiers Media SA";Yes;No;0,621;Q2;18;102;189;6211;575;168;3,36;60,89;45,05;1;Switzerland;Western Europe;"Frontiers Media SA";"2019-2026";"Demography (Q2); Management, Monitoring, Policy and Law (Q2); Sociology and Political Science (Q2); Human-Computer Interaction (Q3)";"Computer Science; Environmental Science; Social Sciences"
376;28625;"Australian Journal of Social Issues";journal;"18394655, 01576321";"Wiley-Blackwell";No;No;0,617;Q2;45;138;163;7300;465;156;2,49;52,90;67,86;4;Australia;Pacific Region;"Wiley-Blackwell";"1975-1976, 1980-1982, 1984, 1986, 1989-1993, 1996-2026";"Sociology and Political Science (Q2)";"Social Sciences"
377;21100929579;"Secularism and Nonreligion";journal;"20536712";"Ubiquity Press";Yes;No;0,613;Q2;9;6;13;366;22;13;2,00;61,00;33,33;0;United Kingdom;Western Europe;"Ubiquity Press";"2019-2025";"Anthropology (Q1); Gender Studies (Q1); History (Q1); Philosophy (Q1); Religious Studies (Q1); Sociology and Political Science (Q2)";"Arts and Humanities; Social Sciences"
378;5600152813;"Business and Society Review";journal;"00453609, 14678594";"Wiley-Blackwell Publishing Ltd";No;No;0,609;Q2;36;34;102;2652;320;102;2,61;78,00;28,57;0;United Kingdom;Western Europe;"Wiley-Blackwell Publishing Ltd";"2007-2026";"Business and International Management (Q2); Industrial Relations (Q2); Sociology and Political Science (Q2); Strategy and Management (Q2)";"Business, Management and Accounting; Social Sciences"
379;21100782393;"Innovation and Development";journal;"2157930X, 21579318";"Taylor and Francis Ltd.";No;No;0,608;Q2;23;61;94;4183;269;86;2,83;68,57;31,62;0;United Kingdom;Western Europe;"Taylor and Francis Ltd.";"2015-2026";"Cultural Studies (Q1); Political Science and International Relations (Q1); Development (Q2); Education (Q2); Geography, Planning and Development (Q2); Sociology and Political Science (Q2)";"Social Sciences"
380;29840;"International Social Work";journal;"00208728, 14617234";"SAGE Publications Ltd";No;No;0,607;Q2;60;95;336;3686;666;307;1,90;38,80;66,00;2;United Kingdom;Western Europe;"SAGE Publications Ltd";"1959-2026";"Social Sciences (miscellaneous) (Q1); Social Work (Q2); Sociology and Political Science (Q2)";"Social Sciences"
381;72639;"International Journal of Comparative Sociology";journal;"00207152";"SAGE Publications Ltd";No;No;0,606;Q2;60;62;83;5041;190;83;2,14;81,31;44,34;2;United Kingdom;Western Europe;"SAGE Publications Ltd";"1960-2026";"Social Sciences (miscellaneous) (Q1); Sociology and Political Science (Q2)";"Social Sciences"
382;26079;"Journal of Palestine Studies";journal;"0377919X, 15338614";"Routledge";No;No;0,606;Q2;41;29;102;1187;151;81;1,67;40,93;60,00;0;United States;Northern America;"Routledge";"1971-2025";"Geography, Planning and Development (Q2); Sociology and Political Science (Q2)";"Social Sciences"
383;19700167906;"Economia Politica";journal;"1973820X, 11202890";"Springer International Publishing AG";No;No;0,604;Q2;27;42;115;2595;304;110;2,04;61,79;28,16;0;Switzerland;Western Europe;"Springer International Publishing AG";"2008-2026";"Economics and Econometrics (Q2); Finance (Q2); Sociology and Political Science (Q2)";"Economics, Econometrics and Finance; Social Sciences"
384;19900192720;"China Economic Journal";journal;"17538963, 17538971";"Routledge";No;No;0,603;Q2;32;33;66;1741;186;61;2,20;52,76;40,00;0;United Kingdom;Western Europe;"Routledge";"2010-2026";"Cultural Studies (Q1); Economics, Econometrics and Finance (miscellaneous) (Q1); Sociology and Political Science (Q2)";"Economics, Econometrics and Finance; Social Sciences"
385;21100887617;"Education Inquiry";journal;"20004508";"Taylor and Francis Ltd.";Yes;Yes;0,602;Q2;33;83;107;4982;300;105;2,31;60,02;63,19;7;United Kingdom;Western Europe;"Taylor and Francis Ltd.";"2010-2026";"Education (Q2); Public Administration (Q2); Sociology and Political Science (Q2)";"Social Sciences"
386;6500153218;"Latin American and Caribbean Ethnic Studies";journal;"17442222, 17442230";"Routledge";No;No;0,600;Q2;25;27;84;1935;117;76;1,40;71,67;72,09;0;United Kingdom;Western Europe;"Routledge";"2006-2026";"Anthropology (Q1); Cultural Studies (Q1); Sociology and Political Science (Q2)";"Social Sciences"
387;21101082056;"China Economic Quarterly International";journal;"26669331";"KeAi Communications Co.";Yes;No;0,597;Q2;13;18;67;911;220;67;3,48;50,61;43,18;0;China;Asiatic Region;"KeAi Communications Co.";"2021-2025";"Economics, Econometrics and Finance (miscellaneous) (Q1); Social Sciences (miscellaneous) (Q1); Geography, Planning and Development (Q2); Sociology and Political Science (Q2)";"Economics, Econometrics and Finance; Social Sciences"
388;19900188083;"Island Studies Journal";journal;"17152593";"";Yes;Yes;0,597;Q2;35;24;83;1400;177;82;1,72;58,33;54,72;2;Hong Kong;Asiatic Region;"";"2010-2025";"Geography, Planning and Development (Q2); Political Science and International Relations (Q2); Sociology and Political Science (Q2)";"Social Sciences"
389;145332;"Identity";journal;"15283488, 1532706X";"Routledge";No;No;0,596;Q2;46;51;72;3315;197;70;2,88;65,00;63,24;1;United Kingdom;Western Europe;"Routledge";"2005-2026";"Anthropology (Q1); Psychology (miscellaneous) (Q2); Sociology and Political Science (Q2)";"Psychology; Social Sciences"
390;20000195019;"International Journal of the Commons";journal;"18750281";"Ubiquity Press";Yes;No;0,596;Q2;45;30;97;2032;263;93;2,59;67,73;43,82;0;United Kingdom;Western Europe;"Ubiquity Press";"2011-2026";"Sociology and Political Science (Q2)";"Social Sciences"
391;21568;"Monthly Review";journal;"00270520";"Monthly Review Press";No;No;0,596;Q2;46;54;154;1550;166;120;1,12;28,70;26,67;0;United States;Northern America;"Monthly Review Press";"1977, 1980-1982, 1984, 1987, 1996-2020, 2022-2026";"Gender Studies (Q2); Geography, Planning and Development (Q2); Management, Monitoring, Policy and Law (Q2); Sociology and Political Science (Q2)";"Environmental Science; Social Sciences"
392;21101121584;"Review of Economics and Political Science";journal;"26313561, 23569980";"Emerald Publishing";Yes;No;0,595;Q2;19;40;80;2221;324;80;3,61;55,53;54,55;0;United Kingdom;Western Europe;"Emerald Publishing";"2018-2026";"Economics, Econometrics and Finance (miscellaneous) (Q1); Applied Mathematics (Q2); Political Science and International Relations (Q2); Sociology and Political Science (Q2); Statistics and Probability (Q2)";"Economics, Econometrics and Finance; Mathematics; Social Sciences"
393;21100886221;"Evaluation Journal of Australasia";journal;"1035719X, 25159372";"SAGE Publications Ltd";No;No;0,592;Q2;16;23;62;631;54;41;0,73;27,43;76,19;0;United Kingdom;Western Europe;"SAGE Publications Ltd";"2001-2003, 2005-2026";"Development (Q2); Sociology and Political Science (Q2)";"Social Sciences"
394;24470;"Childhood";journal;"09075682, 14617013";"SAGE Publications Ltd";No;No;0,591;Q2;81;50;105;2505;317;94;2,42;50,10;72,73;0;United Kingdom;Western Europe;"SAGE Publications Ltd";"1993-1994, 1996-2026";"Anthropology (Q1); Cultural Studies (Q1); Developmental and Educational Psychology (Q2); Sociology and Political Science (Q2); Life-span and Life-course Studies (Q3)";"Psychology; Social Sciences"
395;29831;"International Journal of Social Welfare";journal;"14682397, 13696866";"Wiley-Blackwell Publishing Ltd";No;No;0,590;Q2;66;99;163;6420;388;153;2,26;64,85;51,63;8;United Kingdom;Western Europe;"Wiley-Blackwell Publishing Ltd";"1996-2026";"Social Work (Q2); Sociology and Political Science (Q2)";"Social Sciences"
396;27067;"Human Nature";journal;"19364776, 10456767";"Springer New York";No;No;0,589;Q2;88;25;66;2375;142;66;1,91;95,00;39,33;0;United States;Northern America;"Springer New York";"1990-2026";"Anthropology (Q1); Arts and Humanities (miscellaneous) (Q1); Social Sciences (miscellaneous) (Q1); Ecology, Evolution, Behavior and Systematics (Q2); Sociology and Political Science (Q2)";"Agricultural and Biological Sciences; Arts and Humanities; Social Sciences"
397;14045;"Psychology, Public Policy, and Law";journal;"10768971, 19391528";"American Psychological Association";No;No;0,589;Q2;84;29;110;2102;272;109;1,84;72,48;73,12;0;United States;Northern America;"American Psychological Association";"1995-2025";"Law (Q1); Social Psychology (Q2); Sociology and Political Science (Q2)";"Psychology; Social Sciences"
398;5600153515;"Asian Studies Review";journal;"10357823, 14678403";"Taylor and Francis Ltd.";No;No;0,587;Q2;43;55;125;3326;261;122;2,14;60,47;45,12;0;United Kingdom;Western Europe;"Taylor and Francis Ltd.";"1970, 1990-2026";"Cultural Studies (Q1); History (Q1); Sociology and Political Science (Q2)";"Arts and Humanities; Social Sciences"
399;19700170839;"Journal of Human Rights Practice";journal;"17579619, 17579627";"Oxford University Press";No;No;0,587;Q2;30;52;173;3057;385;171;2,32;58,79;62,50;7;United Kingdom;Western Europe;"Oxford University Press";"2009-2026";"History (Q1); Law (Q1); Political Science and International Relations (Q2); Sociology and Political Science (Q2)";"Arts and Humanities; Social Sciences"
400;5700164350;"Social Theory and Health";journal;"14778211, 1477822X";"Palgrave Macmillan Ltd.";No;No;0,587;Q2;45;30;65;1876;160;65;2,60;62,53;46,55;0;United Kingdom;Western Europe;"Palgrave Macmillan Ltd.";"2003-2026";"Health (social science) (Q2); Sociology and Political Science (Q2)";"Social Sciences"
401;21101077280;"Frontiers in Political Science";journal;"26733145";"Frontiers Media SA";Yes;No;0,586;Q2;28;329;497;21345;1092;450;1,85;64,88;37,15;7;Switzerland;Western Europe;"Frontiers Media SA";"2019-2026";"Safety Research (Q1); Political Science and International Relations (Q2); Public Administration (Q2); Sociology and Political Science (Q2)";"Social Sciences"
402;19700170065;"Journal of Asian Public Policy";journal;"17516242, 17516234";"Routledge";No;No;0,586;Q2;26;89;115;5371;363;113;2,36;60,35;42,06;2;United Kingdom;Western Europe;"Routledge";"2010-2026";"Public Administration (Q2); Sociology and Political Science (Q2)";"Social Sciences"
403;19600163400;"Social Work";journal;"15456846, 00378046";"Oxford University Press";No;No;0,584;Q2;88;42;138;1297;354;101;2,65;30,88;69,70;0;United States;Northern America;"Oxford University Press";"1956-2026";"Medicine (miscellaneous) (Q2); Sociology and Political Science (Q2); Social Work (Q3)";"Medicine; Social Sciences"
404;26623;"Alternatives";journal;"21633150, 03043754";"SAGE Publications Inc.";No;No;0,583;Q2;53;68;64;4879;160;59;2,29;71,75;35,29;3;United States;Northern America;"SAGE Publications Inc.";"1975-2026";"Political Science and International Relations (Q2); Sociology and Political Science (Q2)";"Social Sciences"
405;15713;"Asian Survey";journal;"00044687, 1533838X";"University of California Press";No;No;0,582;Q2;59;34;143;1407;260;140;1,97;41,38;32,00;0;United States;Northern America;"University of California Press";"1970-2026";"Geography, Planning and Development (Q2); Sociology and Political Science (Q2)";"Social Sciences"
406;19900191624;"Utilitas";journal;"17416183, 09538208";"Cambridge University Press";No;No;0,579;Q2;34;26;79;1043;82;76;0,81;40,12;14,29;0;United Kingdom;Western Europe;"Cambridge University Press";"1989-2008, 2010-2026";"Philosophy (Q1); Sociology and Political Science (Q2)";"Arts and Humanities; Social Sciences"
407;22863;"Political Quarterly";journal;"1467923X, 00323179";"Wiley-Blackwell Publishing Ltd";No;No;0,577;Q2;57;113;237;2077;443;196;1,46;18,38;25,00;0;United Kingdom;Western Europe;"Wiley-Blackwell Publishing Ltd";"1930-2026";"Sociology and Political Science (Q2)";"Social Sciences"
408;5700155017;"Nordicom Review";journal;"14031108, 20015119";"Sciendo";Yes;Yes;0,574;Q2;29;20;50;1926;144;50;2,57;96,30;50,00;0;Sweden;Western Europe;"Sciendo";"2000-2026";"Cultural Studies (Q1); Communication (Q2); Sociology and Political Science (Q2)";"Social Sciences"
409;21100940340;"Forest and Society";journal;"25494333, 25494724";"Hasanuddin University";Yes;No;0,571;Q2;25;33;87;2291;266;87;3,10;69,42;36,45;1;Indonesia;Asiatic Region;"Hasanuddin University";"2017-2025";"Cultural Studies (Q1); Forestry (Q1); Geography, Planning and Development (Q2); Nature and Landscape Conservation (Q2); Plant Science (Q2); Political Science and International Relations (Q2); Sociology and Political Science (Q2)";"Agricultural and Biological Sciences; Environmental Science; Social Sciences"
410;21101039693;"Journal of Population Ageing";journal;"18747876, 18747884";"Springer Science and Business Media B.V.";No;No;0,570;Q2;22;65;145;3782;322;136;1,93;58,18;55,49;1;Netherlands;Western Europe;"Springer Science and Business Media B.V.";"2013-2016, 2018-2026";"Demography (Q2); Geography, Planning and Development (Q2); Sociology and Political Science (Q2)";"Social Sciences"
411;21100886532;"Economic and Political Studies";journal;"24704024, 20954816";"Routledge";No;No;0,569;Q2;22;23;81;1091;240;75;2,88;47,43;40,74;1;United Kingdom;Western Europe;"Routledge";"2013-2026";"Economics and Econometrics (Q2); Political Science and International Relations (Q2); Sociology and Political Science (Q2)";"Economics, Econometrics and Finance; Social Sciences"
412;145582;"Educational Research for Policy and Practice";journal;"15731723, 15702081";"Springer";No;No;0,567;Q2;32;34;78;1842;201;74;2,65;54,18;44,44;0;Singapore;Asiatic Region;"Springer";"2004-2026";"Education (Q2); Sociology and Political Science (Q2)";"Social Sciences"
413;16865;"Acta Sociologica";journal;"00016993, 15023869";"SAGE Publications Ltd";Yes;No;0,566;Q2;69;61;84;3447;215;80;2,39;56,51;39,09;2;United Kingdom;Western Europe;"SAGE Publications Ltd";"1956-1959, 1962, 1964-2026";"Sociology and Political Science (Q2)";"Social Sciences"
414;5800170866;"Irish Political Studies";journal;"07907184, 17439078";"Routledge";No;No;0,566;Q2;31;30;67;1537;101;61;0,72;51,23;50,00;1;United Kingdom;Western Europe;"Routledge";"1986-2025";"Political Science and International Relations (Q2); Sociology and Political Science (Q2)";"Social Sciences"
415;5800169167;"Journal of East Asian Studies";journal;"22346643, 15982408";"Cambridge University Press";Yes;No;0,563;Q2;34;17;63;1236;140;63;2,18;72,71;32,26;0;United Kingdom;Western Europe;"Cambridge University Press";"2002, 2008-2026";"Development (Q2); Economics and Econometrics (Q2); Political Science and International Relations (Q2); Sociology and Political Science (Q2)";"Economics, Econometrics and Finance; Social Sciences"
416;21100780471;"Asian Studies";journal;"22325131, 23504226";"University of Ljubljana Press";Yes;Yes;0,562;Q2;12;53;126;1761;96;116;0,79;33,23;51,28;0;Slovenia;Eastern Europe;"University of Ljubljana Press";"2013-2026";"Cultural Studies (Q1); History (Q1); Literature and Literary Theory (Q1); Philosophy (Q1); Sociology and Political Science (Q2)";"Arts and Humanities; Social Sciences"
417;19700187619;"International Journal of Strategic Communication";journal;"1553118X, 15531198";"Routledge";No;No;0,562;Q2;44;59;95;4662;301;94;3,09;79,02;58,14;0;United States;Northern America;"Routledge";"2009-2026";"Communication (Q2); Sociology and Political Science (Q2)";"Social Sciences"
418;19700188900;"Social Psychology";journal;"18649335, 21512590";"Hogrefe Publishing GmbH";No;No;0,560;Q2;56;17;94;934;144;92;1,22;54,94;55,36;1;Germany;Western Europe;"Hogrefe Publishing GmbH";"2006, 2008-2026";"Arts and Humanities (miscellaneous) (Q1); Psychology (miscellaneous) (Q2); Social Psychology (Q2); Sociology and Political Science (Q2)";"Arts and Humanities; Psychology; Social Sciences"
419;5700164101;"French Politics";journal;"14763427, 14763419";"Palgrave Macmillan Ltd.";No;No;0,558;Q2;20;32;92;1954;110;65;1,02;61,06;38,64;0;United Kingdom;Western Europe;"Palgrave Macmillan Ltd.";"2005, 2009-2026";"Political Science and International Relations (Q2); Sociology and Political Science (Q2)";"Social Sciences"
420;5600156543;"Netherlands Quarterly of Human Rights";journal;"01693441";"Stichting Studie- en Informatiecentrum Mensenrechten";Yes;No;0,558;Q2;29;14;57;1186;92;48;1,38;84,71;71,43;0;Netherlands;Western Europe;"Stichting Studie- en Informatiecentrum Mensenrechten";"1999, 2006-2025";"Law (Q1); Political Science and International Relations (Q2); Sociology and Political Science (Q2)";"Social Sciences"
421;17575;"Law and Policy";journal;"02658240, 14679930";"Wiley-Blackwell Publishing Ltd";No;No;0,555;Q2;58;17;58;1613;138;58;2,08;94,88;51,52;1;United Kingdom;Western Europe;"Wiley-Blackwell Publishing Ltd";"1979-2026";"Law (Q1); Sociology and Political Science (Q2)";"Social Sciences"
422;21100827893;"Sustainable Development of Mountain Territories";journal;"19984502, 2499975X";"North Caucasian Institute of Mining and Metallurgy, State Technological University";Yes;No;0,554;Q2;22;144;320;4037;647;319;2,28;28,03;43,89;0;Russian Federation;Eastern Europe;"North Caucasian Institute of Mining and Metallurgy, State Technological University";"2011-2025";"Earth and Planetary Sciences (miscellaneous) (Q2); Geography, Planning and Development (Q2); Management, Monitoring, Policy and Law (Q2); Mechanical Engineering (Q2); Sociology and Political Science (Q2); Renewable Energy, Sustainability and the Environment (Q3)";"Earth and Planetary Sciences; Energy; Engineering; Environmental Science; Social Sciences"
423;21100897232;"REICE. Revista Iberoamericana Sobre Calidad, Eficacia y Cambio en Educacion";journal;"16964713";"Universidad Autonoma de Madrid";Yes;Yes;0,549;Q2;31;15;92;698;195;89;2,25;46,53;43,59;0;Spain;Western Europe;"Universidad Autonoma de Madrid";"2003-2026";"Cultural Studies (Q1); Education (Q2); Sociology and Political Science (Q2)";"Social Sciences"
424;5600155308;"Canadian Slavonic Papers";journal;"23752475, 00085006";"Taylor and Francis Ltd.";No;No;0,546;Q2;19;22;81;1151;127;69;1,39;52,32;57,89;0;United Kingdom;Western Europe;"Taylor and Francis Ltd.";"1974, 1977-1979, 1985, 1988, 1991, 1996-2025";"Cultural Studies (Q1); History (Q1); Linguistics and Language (Q1); Literature and Literary Theory (Q1); Philosophy (Q1); Visual Arts and Performing Arts (Q1); Sociology and Political Science (Q2)";"Arts and Humanities; Social Sciences"
425;5700162125;"Action Research";journal;"17412617, 14767503";"SAGE Publications Ltd";No;No;0,545;Q2;55;39;75;1612;180;64;2,18;41,33;75,47;1;United Kingdom;Western Europe;"SAGE Publications Ltd";"2003-2026";"Organizational Behavior and Human Resource Management (Q2); Sociology and Political Science (Q2); Strategy and Management (Q2)";"Business, Management and Accounting; Social Sciences"
426;21100897170;"Power and Education";journal;"17577438";"SAGE Publications Ltd";Yes;No;0,544;Q2;26;49;71;2769;196;70;2,84;56,51;55,70;0;United Kingdom;Western Europe;"SAGE Publications Ltd";"2009-2026";"Education (Q2); Sociology and Political Science (Q2)";"Social Sciences"
427;130127;"Human Rights Law Review";journal;"14617781, 17441021";"Oxford University Press";No;No;0,543;Q2;50;16;110;2824;237;110;1,52;176,50;52,63;1;United Kingdom;Western Europe;"Oxford University Press";"2004-2026";"Law (Q1); Sociology and Political Science (Q2)";"Social Sciences"
428;15525;"International Review of Sociology";journal;"03906701, 14699273";"Routledge";No;No;0,541;Q2;39;44;86;3457;187;83;2,25;78,57;49,23;0;United Kingdom;Western Europe;"Routledge";"1987-1994, 2003-2026";"Sociology and Political Science (Q2)";"Social Sciences"
429;21100887440;"Educational Studies - AESA";journal;"00131946, 15326993";"Taylor and Francis Ltd.";No;No;0,540;Q2;20;37;106;2143;199;103;1,54;57,92;55,17;0;United Kingdom;Western Europe;"Taylor and Francis Ltd.";"2008, 2010, 2018-2026";"Education (Q2); Sociology and Political Science (Q2)";"Social Sciences"
430;5700166187;"Du Bois Review";journal;"1742058X, 17420598";"Cambridge University Press";No;No;0,539;Q2;51;20;54;1825;106;54;2,03;91,25;42,86;0;United Kingdom;Western Europe;"Cambridge University Press";"2004-2025";"Anthropology (Q1); Cultural Studies (Q1); Sociology and Political Science (Q2)";"Social Sciences"
431;15619;"Journal of Contemporary Ethnography";journal;"08912416, 15525414";"SAGE Publications Inc.";No;No;0,539;Q2;72;35;97;2205;200;96;1,52;63,00;57,89;0;United States;Northern America;"SAGE Publications Inc.";"1972-1982, 1984-2026";"Anthropology (Q1); Linguistics and Language (Q1); Sociology and Political Science (Q2); Urban Studies (Q2)";"Social Sciences"
432;21100416483;"Families, Relationships and Societies";journal;"20467435, 20467443";"The Policy Press";No;No;0,538;Q2;28;37;115;1633;197;112;1,74;44,14;78,13;0;United Kingdom;Western Europe;"The Policy Press";"2012-2025";"Sociology and Political Science (Q2)";"Social Sciences"
433;21101039079;"Central European Management Journal";journal;"26580845, 26582430";"Emerald Publishing";Yes;Yes;0,536;Q2;18;66;90;4783;345;90;4,69;72,47;52,74;0;Poland;Eastern Europe;"Emerald Publishing";"2020-2026";"Business, Management and Accounting (miscellaneous) (Q2); Political Science and International Relations (Q2); Sociology and Political Science (Q2); Social Psychology (Q3)";"Business, Management and Accounting; Psychology; Social Sciences"
434;26437;"Social Science Journal";journal;"03623319";"Taylor and Francis Ltd.";No;No;0,536;Q2;55;96;180;5548;443;178;2,48;57,79;52,19;4;United States;Northern America;"Taylor and Francis Ltd.";"1978, 1980, 1982-2026";"Sociology and Political Science (Q2); Social Psychology (Q3)";"Psychology; Social Sciences"
435;21101185683;"Journal of Race Ethnicity and the City";journal;"26884674, 26884682";"Routledge";No;No;0,535;Q2;10;15;29;1154;52;25;1,56;76,93;59,09;0;United States;Northern America;"Routledge";"2020-2026";"Anthropology (Q1); Geography, Planning and Development (Q2); Political Science and International Relations (Q2); Public Administration (Q2); Sociology and Political Science (Q2); Urban Studies (Q2)";"Social Sciences"
436;21100805792;"Studies in Indian Politics";journal;"23210230, 23217472";"SAGE Publications Inc.";No;No;0,534;Q2;15;22;76;1028;94;59;0,71;46,73;39,13;1;United Kingdom;Western Europe;"SAGE Publications Inc.";"2014-2025";"Political Science and International Relations (Q2); Sociology and Political Science (Q2)";"Social Sciences"
437;5600152909;"Capital and Class";journal;"03098168, 20410980";"SAGE Publications Ltd";No;No;0,529;Q2;47;54;88;3186;170;85;1,95;59,00;34,83;4;United Kingdom;Western Europe;"SAGE Publications Ltd";"1977-2026";"History (Q1); Economics and Econometrics (Q2); Sociology and Political Science (Q2)";"Arts and Humanities; Economics, Econometrics and Finance; Social Sciences"
438;15498;"International Journal of Sociology and Social Policy";journal;"0144333X, 17586720";"Emerald Group Publishing Ltd.";No;No;0,527;Q2;59;150;248;9416;698;245;2,54;62,77;42,57;0;United Kingdom;Western Europe;"Emerald Group Publishing Ltd.";"1981-2026";"Economics, Econometrics and Finance (miscellaneous) (Q2); Sociology and Political Science (Q2)";"Economics, Econometrics and Finance; Social Sciences"
439;5600155212;"Analyse und Kritik";journal;"01715860, 23659858";"De Gruyter Oldenbourg";Yes;No;0,526;Q2;19;21;60;895;69;57;0,67;42,62;19,05;0;Germany;Western Europe;"De Gruyter Oldenbourg";"2004-2005, 2007, 2011-2025";"Philosophy (Q1); Sociology and Political Science (Q2)";"Arts and Humanities; Social Sciences"
440;21101186201;"Quaderni dell'Osservatorio Elettorale";journal;"27244679, 03926753";"Firenze University Press";Yes;Yes;0,526;Q2;7;15;24;694;42;22;1,80;46,27;32,35;0;Italy;Western Europe;"Firenze University Press";"2019-2025";"Political Science and International Relations (Q2); Sociology and Political Science (Q2)";"Social Sciences"
441;5600153131;"Social Analysis";journal;"15585727, 0155977X";"Berghahn Journals";Yes;Yes;0,526;Q2;39;12;76;544;51;75;0,58;45,33;45,45;0;United Kingdom;Western Europe;"Berghahn Journals";"2002-2025";"Anthropology (Q1); Arts and Humanities (miscellaneous) (Q1); Cultural Studies (Q1); Sociology and Political Science (Q2)";"Arts and Humanities; Social Sciences"
442;14600154704;"Pacific Focus";journal;"12254657, 19765118";"Wiley-Blackwell";No;No;0,525;Q2;18;22;60;1365;68;59;1,25;62,05;34,62;0;United States;Northern America;"Wiley-Blackwell";"1986-2026";"Political Science and International Relations (Q2); Sociology and Political Science (Q2)";"Social Sciences"
443;5700166959;"Human Rights Review";journal;"15248879, 18746306";"Springer Science and Business Media B.V.";No;No;0,524;Q2;32;11;69;822;142;68;1,81;74,73;42,11;0;Netherlands;Western Europe;"Springer Science and Business Media B.V.";"2000-2026";"Law (Q1); Sociology and Political Science (Q2)";"Social Sciences"
444;23108;"Language and Speech";journal;"00238309, 17566053";"SAGE Publications Inc.";No;No;0,521;Q2;67;74;132;5119;200;132;1,34;69,18;55,05;0;United Kingdom;Western Europe;"SAGE Publications Inc.";"1958-2026";"Linguistics and Language (Q1); Sociology and Political Science (Q2); Speech and Hearing (Q2); Medicine (miscellaneous) (Q3)";"Health Professions; Medicine; Social Sciences"
445;5100154603;"Opiniao Publica";journal;"01046276, 18070191";"Universidade Estadual de Campinas UNICAMP";Yes;Yes;0,520;Q2;25;19;78;1118;82;78;0,90;58,84;54,05;0;Brazil;Latin America;"Universidade Estadual de Campinas UNICAMP";"2006-2026";"Sociology and Political Science (Q2)";"Social Sciences"
446;21100898700;"Journal of Human Trafficking";journal;"23322705, 23322713";"Taylor and Francis Ltd.";No;No;0,519;Q2;28;84;176;4602;376;161;2,09;54,79;71,05;5;United States;Northern America;"Taylor and Francis Ltd.";"2015-2026";"Anthropology (Q1); Law (Q1); Demography (Q2); Sociology and Political Science (Q2); Transportation (Q2)";"Social Sciences"
447;16064;"East European Politics and Societies";journal;"15338371, 08883254";"SAGE Publications Inc.";No;No;0,518;Q2;54;65;186;4285;288;180;1,27;65,92;53,54;0;United States;Northern America;"SAGE Publications Inc.";"1986-2026";"Sociology and Political Science (Q2)";"Social Sciences"
448;4700152785;"Journal of Intergenerational Relationships";journal;"15350770, 15350932";"Routledge";No;No;0,516;Q2;36;61;101;2579;226;101;1,92;42,28;75,81;2;United States;Northern America;"Routledge";"2003-2026";"Archeology (Q1); Social Sciences (miscellaneous) (Q2); Sociology and Political Science (Q2); Geriatrics and Gerontology (Q3); Life-span and Life-course Studies (Q3); Social Psychology (Q3)";"Medicine; Psychology; Social Sciences"
449;110220;"Human Ecology";journal;"15729915, 03007839";"Springer";No;No;0,515;Q2;90;88;252;5944;526;248;2,04;67,55;41,16;0;United States;Northern America;"Springer";"1972-2026";"Anthropology (Q1); Arts and Humanities (miscellaneous) (Q1); Ecology (Q2); Environmental Science (miscellaneous) (Q2); Health (social science) (Q2); Public Health, Environmental and Occupational Health (Q2); Sociology and Political Science (Q2); Health, Toxicology and Mutagenesis (Q3)";"Arts and Humanities; Environmental Science; Medicine; Social Sciences"
450;26619;"Symbolic Interaction";journal;"15338665, 01956086";"Wiley-Blackwell";No;No;0,515;Q2;65;52;74;3303;152;71;2,00;63,52;51,81;0;United States;Northern America;"Wiley-Blackwell";"1977-2026";"Communication (Q2); Education (Q2); Nursing (miscellaneous) (Q2); Social Sciences (miscellaneous) (Q2); Sociology and Political Science (Q2); Social Psychology (Q3)";"Nursing; Psychology; Social Sciences"
451;19700173011;"Modern Intellectual History";journal;"14792451, 14792443";"Cambridge University Press";No;No;0,513;Q2;32;48;168;6669;166;168;0,93;138,94;19,61;0;United Kingdom;Western Europe;"Cambridge University Press";"2004-2026";"Cultural Studies (Q1); History (Q1); Philosophy (Q1); Sociology and Political Science (Q2)";"Arts and Humanities; Social Sciences"
452;24606;"Anthrozoos";journal;"08927936, 17530377";"Routledge";No;No;0,512;Q2;78;64;173;3928;482;173;2,55;61,38;73,81;0;United Kingdom;Western Europe;"Routledge";"1990, 1992-1993, 1996-2026";"Anthropology (Q1); Animal Science and Zoology (Q2); Education (Q2); Sociology and Political Science (Q2); Veterinary (miscellaneous) (Q2)";"Agricultural and Biological Sciences; Social Sciences; Veterinary"
453;19900192514;"Dynamics of Asymmetric Conflict: Pathways toward Terrorism and Genocide";journal;"17467594, 17467586";"Routledge";No;No;0,512;Q2;21;19;41;1226;74;36;1,41;64,53;35,00;0;United Kingdom;Western Europe;"Routledge";"2010-2025";"Cultural Studies (Q1); Law (Q1); Political Science and International Relations (Q2); Sociology and Political Science (Q2); Social Psychology (Q3)";"Psychology; Social Sciences"
454;21101043799;"Emotions and Society";journal;"26316900, 26316897";"Policy Press";No;No;0,511;Q2;14;18;68;984;139;61;1,67;54,67;80,00;0;United Kingdom;Western Europe;"Policy Press";"2019-2025";"Cultural Studies (Q1); Social Sciences (miscellaneous) (Q2); Sociology and Political Science (Q2); Social Psychology (Q3)";"Psychology; Social Sciences"
455;21100788265;"Housing and Society";journal;"23760923, 08882746";"Taylor and Francis Ltd.";No;No;0,511;Q2;13;29;52;1491;102;43;1,74;51,41;68,00;1;United Kingdom;Western Europe;"Taylor and Francis Ltd.";"2015-2026";"Geography, Planning and Development (Q2); Sociology and Political Science (Q2); Urban Studies (Q2)";"Social Sciences"
456;21100453516;"Psychology, Society and Education";journal;"1989709X, 21712085";"UCOPress. Editorial Universidad de Cordoba";Yes;Yes;0,510;Q2;17;24;70;1280;137;70;1,74;53,33;38,10;0;Spain;Western Europe;"UCOPress. Editorial Universidad de Cordoba";"2012, 2015-2026";"Clinical Psychology (Q2); Education (Q2); Sociology and Political Science (Q2); Social Psychology (Q3)";"Psychology; Social Sciences"
457;21100200653;"Information Polity";journal;"18758754, 15701255";"SAGE Publications Ltd";No;No;0,509;Q2;50;7;84;341;210;72;2,51;48,71;46,15;0;United Kingdom;Western Europe;"SAGE Publications Ltd";"2002-2025";"Communication (Q2); Geography, Planning and Development (Q2); Information Systems (Q2); Public Administration (Q2); Sociology and Political Science (Q2)";"Computer Science; Social Sciences"
458;12100157009;"Politics and Policy";journal;"17471346, 15555623";"John Wiley and Sons Inc";No;No;0,508;Q2;39;108;184;7911;417;167;2,28;73,25;34,73;4;United States;Northern America;"John Wiley and Sons Inc";"2001-2026";"Political Science and International Relations (Q2); Sociology and Political Science (Q2)";"Social Sciences"
459;18000156705;"Soccer and Society";journal;"17439590, 14660970";"Routledge";No;No;0,508;Q2;42;101;238;4852;461;227;1,62;48,04;23,20;1;United Kingdom;Western Europe;"Routledge";"2008-2026";"Cultural Studies (Q1); Sociology and Political Science (Q2); Social Psychology (Q3)";"Psychology; Social Sciences"
460;5700163232;"Contemporary Political Theory";journal;"14708914, 14769336";"Palgrave Macmillan Ltd.";No;No;0,507;Q2;24;31;72;1614;137;64;1,57;52,06;45,07;1;United Kingdom;Western Europe;"Palgrave Macmillan Ltd.";"2009-2026";"Political Science and International Relations (Q2); Sociology and Political Science (Q2)";"Social Sciences"
461;29496;"Religion";journal;"10961151, 0048721X";"Taylor and Francis Ltd.";No;No;0,507;Q2;44;47;91;3184;128;78;1,34;67,74;38,60;0;United Kingdom;Western Europe;"Taylor and Francis Ltd.";"1971-2026";"History (Q1); Sociology and Political Science (Q2)";"Arts and Humanities; Social Sciences"
462;21101151590;"Journal of Deliberative Democracy";journal;"26340488";"International Association for Public Participation";Yes;Yes;0,506;Q2;13;12;45;790;96;45;2,50;65,83;39,13;1;United States;Northern America;"International Association for Public Participation";"2013, 2015, 2020-2025";"Sociology and Political Science (Q2)";"Social Sciences"
463;26579;"European Review of Latin American and Caribbean Studies";journal;"18794750, 09240608";"Centre for Latin American Research and Documentation/Centro de Estudios y Documentacion Latinoamericanos (CEDLA)";Yes;Yes;0,501;Q2;23;13;43;532;61;43;0,80;40,92;45,00;0;Netherlands;Western Europe;"Centre for Latin American Research and Documentation/Centro de Estudios y Documentacion Latinoamericanos (CEDLA)";"1996, 2001, 2012-2025";"History (Q1); Sociology and Political Science (Q2)";"Arts and Humanities; Social Sciences"
464;21101091648;"Finance and Society";journal;"20595999";"Cambridge University Press";Yes;No;0,501;Q2;10;31;60;2517;113;57;1,90;81,19;35,94;2;United Kingdom;Western Europe;"Cambridge University Press";"2019, 2021-2026";"Arts and Humanities (miscellaneous) (Q1); History and Philosophy of Science (Q1); Finance (Q2); Social Sciences (miscellaneous) (Q2); Sociology and Political Science (Q2)";"Arts and Humanities; Economics, Econometrics and Finance; Social Sciences"
465;12100156090;"British Politics";journal;"1746918X, 17469198";"Palgrave Macmillan Ltd.";No;No;0,500;Q2;37;37;84;2286;152;84;1,82;61,78;32,20;5;United Kingdom;Western Europe;"Palgrave Macmillan Ltd.";"2006-2026";"History (Q1); Political Science and International Relations (Q2); Sociology and Political Science (Q2)";"Arts and Humanities; Social Sciences"
466;19700187605;"South Asian Diaspora";journal;"19438184, 19438192";"Routledge";No;No;0,500;Q2;17;37;44;1860;73;43;1,69;50,27;45,65;0;United Kingdom;Western Europe;"Routledge";"2009-2026";"Anthropology (Q1); Cultural Studies (Q1); Sociology and Political Science (Q2)";"Social Sciences"
467;20841;"Health and Human Rights";journal;"10790969, 21504113";"Harvard School of Public Health";Yes;No;0,499;Q2;49;59;119;494;226;85;1,48;8,37;66,98;0;United States;Northern America;"Harvard School of Public Health";"1994-2001, 2003-2004, 2006, 2008-2025";"Health (social science) (Q2); Political Science and International Relations (Q2); Sociology and Political Science (Q2)";"Social Sciences"
468;21100448080;"Interest Groups and Advocacy";journal;"20477414, 20477422";"Palgrave Macmillan Ltd.";Yes;No;0,497;Q2;25;22;73;1280;112;71;1,41;58,18;43,18;1;United Kingdom;Western Europe;"Palgrave Macmillan Ltd.";"2014-2026";"Sociology and Political Science (Q2)";"Social Sciences"
469;5800154205;"International Journal of Comparative and Applied Criminal Justice";journal;"21576475, 01924036";"Routledge";No;No;0,497;Q2;26;38;71;2899;154;66;2,35;76,29;36,17;1;United States;Northern America;"Routledge";"1977-1995, 2009, 2014-2026";"Law (Q1); Sociology and Political Science (Q2); Social Psychology (Q3)";"Psychology; Social Sciences"
470;12600154765;"Japanese Journal of Political Science";journal;"14681099, 14740060";"Cambridge University Press";Yes;No;0,497;Q2;28;18;63;1392;112;63;1,93;77,33;33,33;0;United Kingdom;Western Europe;"Cambridge University Press";"2000-2026";"Political Science and International Relations (Q2); Sociology and Political Science (Q2)";"Social Sciences"
471;145137;"Critical Criminology";journal;"15729877, 12058629";"Springer Netherlands";No;No;0,496;Q2;46;57;184;2939;293;171;1,46;51,56;30,56;1;Netherlands;Western Europe;"Springer Netherlands";"1996-1997, 2000-2026";"Law (Q1); Sociology and Political Science (Q2)";"Social Sciences"
472;5700163096;"International Negotiation";journal;"1382340X, 15718069";"Brill Academic Publishers";No;No;0,496;Q2;27;35;49;2300;73;49;1,21;65,71;43,86;2;Netherlands;Western Europe;"Brill Academic Publishers";"1999, 2002, 2007-2026";"Political Science and International Relations (Q2); Sociology and Political Science (Q2)";"Social Sciences"
473;15060;"Africa Spectrum";journal;"18686869, 00020397";"SAGE Publications Inc.";Yes;Yes;0,494;Q2;34;33;51;1873;132;49;2,26;56,76;23,21;1;Germany;Western Europe;"SAGE Publications Inc.";"1983-1984, 2006-2026";"Cultural Studies (Q1); Development (Q2); Political Science and International Relations (Q2); Sociology and Political Science (Q2)";"Social Sciences"
474;200147136;"Religion, State and Society";journal;"14653974, 09637494";"Routledge";No;No;0,493;Q2;30;31;112;1548;140;77;1,05;49,94;51,52;0;United Kingdom;Western Europe;"Routledge";"1992-2026";"Religious Studies (Q1); Sociology and Political Science (Q2)";"Arts and Humanities; Social Sciences"
475;19900191410;"Ethics and Social Welfare";journal;"17496535, 17496543";"Routledge";No;No;0,492;Q2;22;32;96;1360;134;84;1,05;42,50;68,92;0;United Kingdom;Western Europe;"Routledge";"2015-2026";"Philosophy (Q1); Sociology and Political Science (Q2)";"Arts and Humanities; Social Sciences"
476;19900191760;"Journal of Peace Education";journal;"17400201, 1740021X";"Routledge";No;No;0,492;Q2;24;28;52;1591;88;48;1,33;56,82;69,05;0;United Kingdom;Western Europe;"Routledge";"2010-2026";"Education (Q2); Political Science and International Relations (Q2); Sociology and Political Science (Q2)";"Social Sciences"
477;19900188955;"PoLAR: Political and Legal Anthropology Review";journal;"10816976, 15552934";"John Wiley and Sons Inc";No;No;0,490;Q2;39;34;76;1693;68;49;0,87;49,79;63,89;0;United States;Northern America;"John Wiley and Sons Inc";"1973-1974, 1977-2026";"Anthropology (Q1); Law (Q1); Sociology and Political Science (Q2)";"Social Sciences"
478;21100889405;"Critical and Radical Social Work";journal;"20498675, 20498608";"Policy Press";No;No;0,486;Q2;15;43;109;2278;142;99;0,89;52,98;70,15;0;United Kingdom;Western Europe;"Policy Press";"2018-2026";"Sociology and Political Science (Q2)";"Social Sciences"
479;16842;"Qualitative Sociology";journal;"01620436, 15737837";"Springer New York";No;No;0,486;Q2;74;37;80;2408;142;78;1,38;65,08;40,00;0;United States;Northern America;"Springer New York";"1978-2026";"Sociology and Political Science (Q2)";"Social Sciences"
480;21100385960;"American Journal of Cultural Sociology";journal;"20497121, 20497113";"Springer International Publishing AG";No;No;0,484;Q2;29;48;78;3980;142;73;1,38;82,92;39,71;0;Switzerland;Western Europe;"Springer International Publishing AG";"2013-2026";"Sociology and Political Science (Q2)";"Social Sciences"
481;21100861082;"Democratic Theory";journal;"23328894, 23328908";"Berghahn Journals";Yes;Yes;0,484;Q2;17;11;45;602;81;43;1,33;54,73;63,64;0;United Kingdom;Western Europe;"Berghahn Journals";"2014-2025";"Philosophy (Q1); Sociology and Political Science (Q2)";"Arts and Humanities; Social Sciences"
482;16931;"American Sociologist";journal;"00031232, 19364784";"Springer";No;No;0,483;Q2;32;48;111;3399;169;104;1,46;70,81;33,33;0;United States;Northern America;"Springer";"1973-1975, 1978-1979, 1981, 1987-1996, 2002, 2004-2026";"Social Sciences (miscellaneous) (Q2); Sociology and Political Science (Q2)";"Social Sciences"
483;144948;"Journal of Occupational Science";journal;"21581576, 14427591";"Taylor and Francis Ltd.";No;No;0,482;Q2;60;95;164;5317;435;142;2,18;55,97;71,78;0;United Kingdom;Western Europe;"Taylor and Francis Ltd.";"1993-2026";"Social Sciences (miscellaneous) (Q2); Sociology and Political Science (Q2)";"Social Sciences"
484;23442;"Politics and the Life Sciences";journal;"14715457, 07309384";"Cambridge University Press";No;No;0,481;Q2;26;26;61;1661;112;55;1,35;63,88;40,23;1;United Kingdom;Western Europe;"Cambridge University Press";"1982-1984, 1986-2026";"Public Administration (Q2); Social Sciences (miscellaneous) (Q2); Sociology and Political Science (Q2)";"Social Sciences"
485;21100874350;"Baltic Region";journal;"23100524, 20798555";"Immanuel Kant Baltic Federal University";Yes;Yes;0,480;Q2;12;21;105;777;122;103;1,16;37,00;48,65;0;Russian Federation;Eastern Europe;"Immanuel Kant Baltic Federal University";"2018-2025";"Cultural Studies (Q1); History (Q1); Economics, Econometrics and Finance (miscellaneous) (Q2); Geography, Planning and Development (Q2); Social Sciences (miscellaneous) (Q2); Sociology and Political Science (Q2)";"Arts and Humanities; Economics, Econometrics and Finance; Social Sciences"
486;15344;"International History Review";journal;"07075332, 19496540";"Routledge";No;No;0,478;Q2;33;100;188;4700;157;182;0,67;47,00;20,18;0;United Kingdom;Western Europe;"Routledge";"1979-2026";"Cultural Studies (Q1); History (Q1); Sociology and Political Science (Q2)";"Arts and Humanities; Social Sciences"
487;21101017551;"Journal of Evidence-Based Social Work (United States)";journal;"26408074, 26408066";"Routledge";No;No;0,476;Q2;36;86;138;4862;299;135;2,21;56,53;57,31;0;United Kingdom;Western Europe;"Routledge";"2019-2026";"Health (social science) (Q2); Sociology and Political Science (Q2); Social Psychology (Q3)";"Psychology; Social Sciences"
488;24187;"Human Studies";journal;"1572851X, 01638548";"Springer Netherlands";No;No;0,475;Q2;42;80;113;4110;183;109;1,49;51,38;34,78;0;Netherlands;Western Europe;"Springer Netherlands";"1978-1980, 1982-2026";"Philosophy (Q1); Sociology and Political Science (Q2)";"Arts and Humanities; Social Sciences"
489;5700166680;"Revista de Estudios Politicos";journal;"00487694, 19890613";"Centro Estudios Politicos Constitucionales";No;No;0,475;Q2;15;44;109;2091;77;106;0,79;47,52;29,55;0;Spain;Western Europe;"Centro Estudios Politicos Constitucionales";"2008-2025";"Political Science and International Relations (Q2); Sociology and Political Science (Q2)";"Social Sciences"
490;15731;"Australian Journal of Political Science";journal;"1363030X, 10361146";"Routledge";No;No;0,474;Q2;47;30;84;1816;180;80;1,82;60,53;53,06;1;United Kingdom;Western Europe;"Routledge";"1990-2026";"Sociology and Political Science (Q2)";"Social Sciences"
491;24762;"Human Rights Quarterly";journal;"1085794X, 02750392";"Johns Hopkins University Press";No;No;0,474;Q2;85;17;75;358;108;74;1,23;21,06;47,83;0;United States;Northern America;"Johns Hopkins University Press";"1981, 1990, 1992, 1994-2025";"Social Sciences (miscellaneous) (Q2); Sociology and Political Science (Q2)";"Social Sciences"
492;21100407545;"International Journal for Crime, Justice and Social Democracy";journal;"22028005, 22027998";"Queensland Uuniversity of Technology";Yes;Yes;0,470;Q2;33;38;106;2538;250;98;1,83;66,79;71,67;2;Australia;Pacific Region;"Queensland Uuniversity of Technology";"2013-2025";"Law (Q1); Sociology and Political Science (Q2)";"Social Sciences"
493;21101037141;"RUDN Journal of Russian History";journal;"23128674, 23128690";"RUDN University";Yes;Yes;0,470;Q2;6;48;132;1031;54;132;0,42;21,48;44,62;0;Russian Federation;Eastern Europe;"RUDN University";"2019-2025";"History (Q1); Political Science and International Relations (Q2); Sociology and Political Science (Q2)";"Arts and Humanities; Social Sciences"
494;21100814045;"Journal of Human Rights and the Environment";journal;"17597188, 17597196";"Edward Elgar Publishing Ltd.";No;No;0,469;Q2;22;16;46;360;125;38;1,52;22,50;73,33;0;United Kingdom;Western Europe;"Edward Elgar Publishing Ltd.";"2016-2025";"Law (Q1); Sociology and Political Science (Q2); Management, Monitoring, Policy and Law (Q3)";"Environmental Science; Social Sciences"
495;4100151522;"Political Power and Social Theory";book series;"01988719";"Emerald Group Publishing Ltd.";No;No;0,469;Q2;23;16;31;408;12;9;0,24;25,50;40,00;0;United Kingdom;Western Europe;"Emerald Group Publishing Ltd.";"2000, 2002-2003, 2005-2026";"Political Science and International Relations (Q2); Sociology and Political Science (Q2)";"Social Sciences"
496;17507;"Social Compass";journal;"00377686, 14617404";"SAGE Publications Ltd";No;No;0,468;Q2;44;37;106;1837;130;103;0,93;49,65;56,52;0;United Kingdom;Western Europe;"SAGE Publications Ltd";"1953-1957, 1959-1960, 1962, 1965, 1967, 1969-1970, 1972-1974, 1985-2025";"Anthropology (Q1); Religious Studies (Q1); Sociology and Political Science (Q2)";"Arts and Humanities; Social Sciences"
497;21100937015;"Arctic Review on Law and Politics";journal;"23874562";"Cappelen Damm Akademisk";Yes;No;0,467;Q2;14;3;55;157;140;50;3,06;52,33;66,67;0;Norway;Western Europe;"Cappelen Damm Akademisk";"2019-2025";"Law (Q1); Sociology and Political Science (Q2)";"Social Sciences"
498;21101021755;"Journal of Aging and Environment";journal;"26892618, 26892626";"Routledge";No;No;0,467;Q2;38;55;80;2757;150;80;1,63;50,13;59,62;0;United Kingdom;Western Europe;"Routledge";"2020-2026";"Environmental Science (miscellaneous) (Q2); Health (social science) (Q2); Sociology and Political Science (Q2); Gerontology (Q3)";"Environmental Science; Nursing; Social Sciences"
499;21100870605;"European Journal of Cultural and Political Sociology";journal;"23254815, 23254823";"Taylor and Francis Ltd.";No;No;0,466;Q2;19;16;83;786;137;69;1,33;49,13;66,67;0;United Kingdom;Western Europe;"Taylor and Francis Ltd.";"2014-2025";"Cultural Studies (Q1); Sociology and Political Science (Q2)";"Social Sciences"
500;17032;"Berliner Journal fur Soziologie";journal;"18622593, 08631808";"Walter de Gruyter GmbH";No;No;0,464;Q2;23;36;77;1873;112;64;1,10;52,03;53,33;0;Germany;Western Europe;"Walter de Gruyter GmbH";"1992-1993, 1996-1999, 2001-2026";"Sociology and Political Science (Q2)";"Social Sciences"
501;21101121509;"Ulumuna";journal;"14113457, 23557648";"Universitas Islam Negeri (UIN) Mataram";Yes;Yes;0,462;Q2;10;40;93;1821;219;93;2,34;45,53;21,84;0;Indonesia;Asiatic Region;"Universitas Islam Negeri (UIN) Mataram";"2019-2025";"Arts and Humanities (miscellaneous) (Q1); Cultural Studies (Q1); History (Q1); Philosophy (Q1); Religious Studies (Q1); Education (Q2); Sociology and Political Science (Q2)";"Arts and Humanities; Social Sciences"
502;15540;"Journal of Humanistic Psychology";journal;"1552650X, 00221678";"SAGE Publications Inc.";No;No;0,461;Q2;53;151;258;6892;488;244;1,56;45,64;50,41;2;United States;Northern America;"SAGE Publications Inc.";"1961-2026";"Philosophy (Q1); Sociology and Political Science (Q2); Social Psychology (Q3)";"Arts and Humanities; Psychology; Social Sciences"
503;21101056926;"Central and Eastern European Migration Review";journal;"23001682";"Polska Akademia Nauk";Yes;Yes;0,460;Q2;13;10;64;606;94;63;1,32;60,60;63,64;0;Poland;Eastern Europe;"Polska Akademia Nauk";"2019-2025";"Demography (Q2); Social Sciences (miscellaneous) (Q2); Sociology and Political Science (Q2)";"Social Sciences"
504;21101186824;"Corrections: Policy, Practice, and Research";journal;"23774657, 23774665";"Informa UK Ltd";No;No;0,460;Q2;18;38;84;2320;154;83;1,87;61,05;61,70;1;United Kingdom;Western Europe;"Informa UK Ltd";"2016-2026";"Law (Q1); Sociology and Political Science (Q2)";"Social Sciences"
505;5600153382;"Journal of the Economic and Social History of the Orient";journal;"15685209, 00224995";"Brill Academic Publishers";No;No;0,458;Q2;41;30;75;1888;59;75;0,77;62,93;38,24;0;Netherlands;Western Europe;"Brill Academic Publishers";"1957, 1959-1976, 1978-2025";"History (Q1); Economics and Econometrics (Q2); Sociology and Political Science (Q2)";"Arts and Humanities; Economics, Econometrics and Finance; Social Sciences"
506;5700162015;"Public Integrity";journal;"15580989, 10999922";"Taylor and Francis Ltd.";No;No;0,458;Q2;35;77;161;4792;347;155;2,13;62,23;34,19;2;United Kingdom;Western Europe;"Taylor and Francis Ltd.";"2000-2026";"Law (Q1); Philosophy (Q1); Business and International Management (Q2); Public Administration (Q2); Sociology and Political Science (Q2)";"Arts and Humanities; Business, Management and Accounting; Social Sciences"
507;22273;"Peace Economics, Peace Science and Public Policy";journal;"15548597, 10792457";"Walter de Gruyter GmbH";No;No;0,457;Q2;23;20;53;1010;122;49;2,24;50,50;31,71;0;Germany;Western Europe;"Walter de Gruyter GmbH";"1994-1996, 1999-2026";"Economics and Econometrics (Q2); Political Science and International Relations (Q2); Sociology and Political Science (Q2); Management, Monitoring, Policy and Law (Q3)";"Economics, Econometrics and Finance; Environmental Science; Social Sciences"
508;21101047935;"Hasanuddin Law Review";journal;"24429880, 24429899";"Faculty of Law, Universitas Hasanuddin";Yes;Yes;0,455;Q2;11;15;60;578;115;60;2,28;38,53;38,24;0;Indonesia;Asiatic Region;"Faculty of Law, Universitas Hasanuddin";"2017-2025";"Law (Q1); Political Science and International Relations (Q2); Sociology and Political Science (Q2)";"Social Sciences"
509;21100464772;"Network Science";journal;"20501250, 20501242";"Cambridge University Press";No;No;0,454;Q2;29;22;72;1363;117;70;1,71;61,95;23,33;0;United Kingdom;Western Europe;"Cambridge University Press";"2013-2026";"Communication (Q2); Sociology and Political Science (Q2); Social Psychology (Q3)";"Psychology; Social Sciences"
510;23528;"Presidential Studies Quarterly";journal;"17415705, 03604918";"John Wiley and Sons Inc";No;No;0,454;Q2;42;18;98;1303;98;95;0,98;72,39;25,00;1;United States;Northern America;"John Wiley and Sons Inc";"1983, 1985, 1988, 1999-2026";"History (Q1); Public Administration (Q2); Sociology and Political Science (Q2)";"Arts and Humanities; Social Sciences"
511;145648;"Refuge";journal;"19207336, 02295113";"York University Libraries";Yes;Yes;0,454;Q2;37;8;69;563;70;61;0,93;70,38;73,68;0;Canada;Northern America;"York University Libraries";"1996-2025";"Cultural Studies (Q1); Demography (Q2); Geography, Planning and Development (Q2); Political Science and International Relations (Q2); Sociology and Political Science (Q2)";"Social Sciences"
512;21100886534;"International Journal of Political Economy";journal;"15580970, 08911916";"Routledge";No;No;0,453;Q2;33;28;68;1636;93;64;1,30;58,43;16,22;1;United Kingdom;Western Europe;"Routledge";"1996-2004, 2006-2026";"Political Science and International Relations (Q2); Sociology and Political Science (Q2); Economics and Econometrics (Q3)";"Economics, Econometrics and Finance; Social Sciences"
513;25798;"International Journal of Politics, Culture and Society";journal;"15733416, 08914486";"Human Sciences Press";No;No;0,453;Q2;38;70;93;5186;173;84;1,87;74,09;40,00;1;United States;Northern America;"Human Sciences Press";"1987-2005, 2008-2026";"Political Science and International Relations (Q2); Sociology and Political Science (Q2)";"Social Sciences"
514;5800169165;"Conflict, Security and Development";journal;"14678802, 14781174";"Routledge";No;No;0,452;Q2;34;34;87;2787;154;84;1,70;81,97;41,18;0;United Kingdom;Western Europe;"Routledge";"2010-2026";"Political Science and International Relations (Q2); Sociology and Political Science (Q2)";"Social Sciences"
515;21100890928;"Journal of Ethnic and Cultural Studies";journal;"21491291";"Florida Gulf Coast University";Yes;No;0,447;Q2;21;63;169;4148;375;168;2,16;65,84;59,24;0;United States;Northern America;"Florida Gulf Coast University";"2018-2026";"Cultural Studies (Q1); Sociology and Political Science (Q2)";"Social Sciences"
516;23484;"Polity";journal;"17441684, 00323497";"University of Chicago Press";No;No;0,445;Q2;38;50;157;591;148;102;0,77;11,82;44,44;1;United States;Northern America;"University of Chicago Press";"1995-2026";"Sociology and Political Science (Q2)";"Social Sciences"
517;21100843365;"Indonesian Journal of Islam and Muslim Societies";journal;"2406825X, 20891490";"Pascasarjana Universitas Islam Negeri (UIN) Salatiga";Yes;No;0,444;Q2;18;14;47;673;71;47;1,32;48,07;23,33;0;Indonesia;Asiatic Region;"Pascasarjana Universitas Islam Negeri (UIN) Salatiga";"2011-2025";"Religious Studies (Q1); Sociology and Political Science (Q2)";"Arts and Humanities; Social Sciences"
518;24747;"Modern Asian Studies";journal;"0026749X, 14698099";"Cambridge University Press";No;No;0,443;Q2;57;25;210;3150;220;208;0,89;126,00;45,71;0;United Kingdom;Western Europe;"Cambridge University Press";"1967-2026";"History (Q1); Geography, Planning and Development (Q2); Sociology and Political Science (Q2)";"Arts and Humanities; Social Sciences"
519;25330;"Rationality and Society";journal;"14617358, 10434631";"SAGE Publications Ltd";No;No;0,442;Q2;56;19;58;988;103;58;2,03;52,00;25,81;0;United Kingdom;Western Europe;"SAGE Publications Ltd";"1989-2026";"Social Sciences (miscellaneous) (Q2); Sociology and Political Science (Q2)";"Social Sciences"
520;15887;"Journal of Urban History";journal;"15526771, 00961442";"SAGE Publications Inc.";No;No;0,441;Q2;37;103;193;6012;175;189;0,81;58,37;43,31;0;United States;Northern America;"SAGE Publications Inc.";"1974-2026";"History (Q1); Sociology and Political Science (Q2); Urban Studies (Q2)";"Arts and Humanities; Social Sciences"
521;20350;"Journal of Theoretical Politics";journal;"14603667, 09516298";"SAGE Publications Ltd";No;No;0,439;Q2;57;16;50;762;53;49;0,96;47,63;27,27;0;United Kingdom;Western Europe;"SAGE Publications Ltd";"1989-2026";"Sociology and Political Science (Q2)";"Social Sciences"
522;20318;"Journal of Modern African Studies";journal;"14697777, 0022278X";"Cambridge University Press";No;No;0,436;Q2;75;11;69;900;127;69;1,79;81,82;31,58;0;United Kingdom;Western Europe;"Cambridge University Press";"1963-2025";"Geography, Planning and Development (Q2); Sociology and Political Science (Q2)";"Social Sciences"
523;19900191954;"Journal of the Indian Ocean Region";journal;"1948108X, 19480881";"Taylor and Francis Inc.";No;No;0,436;Q2;25;9;49;521;91;35;1,16;57,89;50,00;0;United States;Northern America;"Taylor and Francis Inc.";"2010-2026";"Political Science and International Relations (Q2); Sociology and Political Science (Q2); Management, Monitoring, Policy and Law (Q3); Oceanography (Q3); Water Science and Technology (Q3)";"Earth and Planetary Sciences; Environmental Science; Social Sciences"
524;21100442094;"Social Inclusion";journal;"21832803";"Cogitatio Press";Yes;No;0,435;Q2;42;179;341;10397;583;303;1,58;58,08;64,81;5;Portugal;Western Europe;"Cogitatio Press";"2013-2026";"Sociology and Political Science (Q2); Social Psychology (Q3)";"Psychology; Social Sciences"
525;21100320408;"Human Service Organizations Management, Leadership and Governance";journal;"2330314X, 23303131";"Taylor and Francis Ltd.";No;No;0,432;Q2;31;44;98;2794;182;91;1,99;63,50;63,85;0;United Kingdom;Western Europe;"Taylor and Francis Ltd.";"2014-2026";"Health (social science) (Q2); Public Administration (Q2); Sociology and Political Science (Q2); Strategy and Management (Q3)";"Business, Management and Accounting; Social Sciences"
526;20499;"Canadian Public Policy";journal;"03170861";"University of Toronto Press";No;No;0,429;Q2;45;42;103;2486;128;101;1,34;59,19;43,48;1;Canada;Northern America;"University of Toronto Press";"1978-1980, 1984, 1989-2025";"Public Administration (Q2); Sociology and Political Science (Q2)";"Social Sciences"
527;21100820733;"International Organisations Research Journal";journal;"19967845, 25422081";"National Research University Higher School of Economics (HSE University)";Yes;No;0,428;Q2;17;21;110;1125;115;110;0,82;53,57;40,91;0;Russian Federation;Eastern Europe;"National Research University Higher School of Economics (HSE University)";"2015-2025";"Political Science and International Relations (Q2); Sociology and Political Science (Q2); Economics and Econometrics (Q3); Finance (Q3)";"Economics, Econometrics and Finance; Social Sciences"
528;18500158100;"Forum (Germany)";journal;"21946183, 15408884";"Walter de Gruyter GmbH";Yes;No;0,427;Q2;28;17;89;903;81;82;0,73;53,12;44,44;0;Germany;Western Europe;"Walter de Gruyter GmbH";"2000, 2002, 2004-2025";"Social Sciences (miscellaneous) (Q2); Sociology and Political Science (Q2)";"Social Sciences"
529;21100894548;"Global Studies of Childhood";journal;"20436106";"SAGE Publications Ltd";No;No;0,427;Q2;23;56;100;2821;160;88;1,48;50,38;70,09;0;United Kingdom;Western Europe;"SAGE Publications Ltd";"2015-2026";"Demography (Q2); Development (Q2); Education (Q2); Sociology and Political Science (Q2); Developmental and Educational Psychology (Q3)";"Psychology; Social Sciences"
530;21100814050;"Millennial Asia";journal;"23217081, 09763996";"SAGE Publications Inc.";No;No;0,427;Q2;18;72;115;3949;268;114;2,40;54,85;28,15;3;United Kingdom;Western Europe;"SAGE Publications Inc.";"2014-2026";"Cultural Studies (Q1); Development (Q2); Economics, Econometrics and Finance (miscellaneous) (Q2); Political Science and International Relations (Q2); Sociology and Political Science (Q2)";"Economics, Econometrics and Finance; Social Sciences"
531;5700176240;"Practice";journal;"17424909, 09503153";"Taylor and Francis Ltd.";No;No;0,427;Q2;28;35;92;1269;124;76;1,08;36,26;70,27;1;United Kingdom;Western Europe;"Taylor and Francis Ltd.";"1987-1992, 1994-2006, 2008-2026";"Social Sciences (miscellaneous) (Q2); Sociology and Political Science (Q2)";"Social Sciences"
532;21101192306;"Journal of Economics, Race, and Policy";journal;"25208411, 2520842X";"Springer International Publishing";No;No;0,426;Q2;8;24;64;1426;101;61;1,53;59,42;19,61;0;Switzerland;Western Europe;"Springer International Publishing";"2020, 2022-2025";"Economics, Econometrics and Finance (miscellaneous) (Q2); Sociology and Political Science (Q2); Management, Monitoring, Policy and Law (Q3)";"Economics, Econometrics and Finance; Environmental Science; Social Sciences"
533;21100934094;"Nonprofit Policy Forum";journal;"21543348";"Walter de Gruyter GmbH";Yes;Yes;0,426;Q2;21;49;68;2765;110;61;1,46;56,43;51,58;2;Germany;Western Europe;"Walter de Gruyter GmbH";"2010-2026";"Public Administration (Q2); Sociology and Political Science (Q2); Economics and Econometrics (Q3)";"Economics, Econometrics and Finance; Social Sciences"
534;21101064943;"Nordic Journal of Migration Research";journal;"1799649X";"Helsinki University Press";Yes;Yes;0,426;Q2;12;22;92;1181;155;87;1,66;53,68;73,81;1;Finland;Western Europe;"Helsinki University Press";"2019-2026";"Anthropology (Q1); Demography (Q2); Geography, Planning and Development (Q2); Law (Q2); Sociology and Political Science (Q2)";"Social Sciences"
535;21100873079;"Asian Journal of Comparative Politics";journal;"20578911, 2057892X";"SAGE Publications Ltd";No;No;0,422;Q2;19;25;163;1594;334;163;1,93;63,76;20,59;0;United Kingdom;Western Europe;"SAGE Publications Ltd";"2016-2026";"Political Science and International Relations (Q2); Sociology and Political Science (Q2)";"Social Sciences"
536;13435;"Communist and Post-Communist Studies";journal;"0967067X, 18736920";"University of California Press";No;No;0,420;Q2;57;24;90;1555;135;90;1,31;64,79;43,75;1;United Kingdom;Western Europe;"University of California Press";"1993-2025";"Development (Q2); Sociology and Political Science (Q2)";"Social Sciences"
537;21100386855;"Heritage and Society";journal;"2159032X, 21590338";"Maney Publishing";No;No;0,419;Q2;20;44;55;2785;92;55;1,67;63,30;48,72;0;United Kingdom;Western Europe;"Maney Publishing";"2011, 2014-2026";"Anthropology (Q1); Conservation (Q1); Cultural Studies (Q1); Sociology and Political Science (Q2)";"Arts and Humanities; Social Sciences"
538;21101136847;"International Tax Studies";journal;"25901117";"International Bureau of Fiscal Documentation (IBFD)";No;No;0,419;Q2;4;9;30;500;7;30;0,37;55,56;14,29;0;Netherlands;Western Europe;"International Bureau of Fiscal Documentation (IBFD)";"2019-2025";"Economics, Econometrics and Finance (miscellaneous) (Q2); Law (Q2); Social Sciences (miscellaneous) (Q2); Sociology and Political Science (Q2)";"Economics, Econometrics and Finance; Social Sciences"
539;67476;"Social Anthropology";journal;"14698676, 09640282";"Berghahn Journals";Yes;Yes;0,418;Q2;58;29;109;1330;195;91;1,74;45,86;59,09;0;United Kingdom;Western Europe;"Berghahn Journals";"1982, 1992-2025";"Anthropology (Q1); Arts and Humanities (miscellaneous) (Q1); Sociology and Political Science (Q2); Developmental and Educational Psychology (Q3)";"Arts and Humanities; Psychology; Social Sciences"
540;21100910567;"Holocaust Studies";journal;"17504902, 20484887";"Routledge";No;No;0,417;Q2;16;45;84;2408;67;80;0,79;53,51;58,93;0;United States;Northern America;"Routledge";"2005-2026";"Cultural Studies (Q1); History (Q1); Communication (Q2); Sociology and Political Science (Q2)";"Arts and Humanities; Social Sciences"
541;5700167216;"Stato e Mercato";journal;"03929701, 26120976";"Societa Editrice Il Mulino";No;No;0,417;Q2;22;17;45;696;74;44;1,65;40,94;42,86;0;Italy;Western Europe;"Societa Editrice Il Mulino";"1997-2018, 2020-2025";"Sociology and Political Science (Q2)";"Social Sciences"
542;5700164241;"Young";journal;"17413222, 11033088";"SAGE Publications Inc.";Yes;No;0,417;Q2;44;43;84;2386;184;82;1,48;55,49;72,55;2;United States;Northern America;"SAGE Publications Inc.";"1993-2026";"Sociology and Political Science (Q2); Developmental and Educational Psychology (Q3); Health (social science) (Q3)";"Psychology; Social Sciences"
543;26481;"Society";journal;"01472011, 19364725";"Springer New York";No;No;0,412;Q2;36;86;171;3337;248;150;1,38;38,80;30,21;0;United States;Northern America;"Springer New York";"1968, 1971-1999, 2002-2026";"Social Sciences (miscellaneous) (Q2); Sociology and Political Science (Q2)";"Social Sciences"
544;4700152864;"Journal of Public Child Welfare";journal;"15548732, 15548740";"Taylor and Francis Ltd.";No;No;0,411;Q2;32;109;134;6496;245;133;1,81;59,60;70,22;1;United Kingdom;Western Europe;"Taylor and Francis Ltd.";"2006-2026";"Sociology and Political Science (Q2); Developmental and Educational Psychology (Q3)";"Psychology; Social Sciences"
545;12792;"Pastoral Psychology";journal;"15736679, 00312789";"Springer New York";No;No;0,411;Q2;36;105;188;6116;262;186;1,40;58,25;47,45;1;United States;Northern America;"Springer New York";"1950-1972, 1975-2002, 2005-2026";"Religious Studies (Q1); Sociology and Political Science (Q2); Applied Psychology (Q3); Social Psychology (Q3)";"Arts and Humanities; Psychology; Social Sciences"
546;21100780549;"Russian Sociological Review";journal;"1728192X, 17281938";"National Research University Higher School of Economics (HSE University)";Yes;Yes;0,410;Q2;12;30;141;1825;104;139;0,78;60,83;27,27;0;Russian Federation;Eastern Europe;"National Research University Higher School of Economics (HSE University)";"2001-2003, 2016-2025";"Cultural Studies (Q1); Philosophy (Q1); Social Sciences (miscellaneous) (Q2); Sociology and Political Science (Q2)";"Arts and Humanities; Social Sciences"
547;5600152903;"Labor Studies Journal";journal;"0160449X, 15389758";"SAGE Publications Inc.";No;No;0,409;Q2;30;27;58;1075;71;55;1,17;39,81;29,27;0;United States;Northern America;"SAGE Publications Inc.";"1996-2026";"Arts and Humanities (miscellaneous) (Q1); Industrial Relations (Q2); Sociology and Political Science (Q2)";"Arts and Humanities; Business, Management and Accounting; Social Sciences"
548;29346;"South Atlantic Quarterly";journal;"15278026, 00382876";"Duke University Press";No;No;0,409;Q2;58;50;155;1770;212;147;1,15;35,40;44,90;0;United States;Northern America;"Duke University Press";"1904-1905, 1907, 1912-1913, 1919, 1926, 1941, 1959-1960, 1962-1964, 1970-1971, 1973, 1977-1981, 1984, 1986-1987, 1999, 2001-2025";"Cultural Studies (Q1); Literature and Literary Theory (Q1); Sociology and Political Science (Q2)";"Arts and Humanities; Social Sciences"
549;12283;"Journal of Social Service Research";journal;"01488376, 15407314";"Routledge";No;No;0,405;Q2;50;126;192;7137;303;189;1,31;56,64;60,52;1;United States;Northern America;"Routledge";"1978-2026";"Social Sciences (miscellaneous) (Q2); Sociology and Political Science (Q2); Social Work (Q3)";"Social Sciences"
550;7000153207;"NanoEthics";journal;"18714765, 18714757";"Springer Netherlands";Yes;No;0,404;Q2;39;19;56;921;128;51;2,80;48,47;36,54;0;Netherlands;Western Europe;"Springer Netherlands";"2007-2026";"History and Philosophy of Science (Q1); Philosophy (Q1); Social Sciences (miscellaneous) (Q2); Sociology and Political Science (Q2); Management of Technology and Innovation (Q3); Nanoscience and Nanotechnology (Q3)";"Arts and Humanities; Business, Management and Accounting; Materials Science; Social Sciences"
551;21100316466;"Ab Imperio";journal;"21649731, 21664072";"Ab Imperio";No;No;0,403;Q2;16;25;116;571;45;92;0,23;22,84;16,67;0;United States;Northern America;"Ab Imperio";"2013-2025";"History (Q1); Sociology and Political Science (Q2)";"Arts and Humanities; Social Sciences"
552;21100211106;"Historia Social";journal;"30206286, 02142570";"Fundacion Instituto de Historia Social";No;No;0,401;Q2;11;26;81;1667;28;80;0,27;64,12;28,57;0;Spain;Western Europe;"Fundacion Instituto de Historia Social";"2011-2025";"History (Q1); Sociology and Political Science (Q2)";"Arts and Humanities; Social Sciences"
553;21100996939;"Revista Cientifica General Jose Maria Cordova";journal;"19006586, 25007645";"Escuela Militar de Cadetes";Yes;Yes;0,400;Q2;10;45;164;2113;158;150;0,80;46,96;24,36;0;Colombia;Latin America;"Escuela Militar de Cadetes";"2011-2013, 2015-2026";"Law (Q2); Political Science and International Relations (Q2); Public Administration (Q2); Safety Research (Q2); Safety, Risk, Reliability and Quality (Q2); Social Sciences (miscellaneous) (Q2); Sociology and Political Science (Q2)";"Engineering; Social Sciences"
554;19700201467;"Journal of Civil Society";journal;"17448689, 17448697";"Taylor and Francis Ltd.";No;No;0,398;Q2;30;25;72;1548;145;71;1,77;61,92;42,22;1;United Kingdom;Western Europe;"Taylor and Francis Ltd.";"2005, 2010-2026";"Sociology and Political Science (Q2)";"Social Sciences"
555;21101218126;"International Journal of Disability and Social Justice";journal;"27324044, 27324036";"Pluto Journals";Yes;Yes;0,397;Q2;8;17;49;967;98;46;1,84;56,88;73,21;0;United Kingdom;Western Europe;"Pluto Journals";"2021-2025";"Education (Q2); Social Sciences (miscellaneous) (Q2); Sociology and Political Science (Q2)";"Social Sciences"
556;15693;"Journal of Modern Italian Studies";journal;"14699583, 1354571X";"Taylor and Francis Ltd.";No;No;0,396;Q2;32;42;102;2242;115;93;0,63;53,38;37,21;0;United Kingdom;Western Europe;"Taylor and Francis Ltd.";"1995-2026";"Cultural Studies (Q1); History (Q1); Political Science and International Relations (Q2); Sociology and Political Science (Q2)";"Arts and Humanities; Social Sciences"
557;21100912224;"Journal of World-Systems Research";journal;"1076156X";"University Library System, University of Pittsburgh";Yes;Yes;0,396;Q2;12;25;87;2087;80;65;0,79;83,48;7,41;1;United States;Northern America;"University Library System, University of Pittsburgh";"1995-1997, 1999-2000, 2002-2004, 2006-2008, 2012, 2015-2017, 2019-2025";"Political Science and International Relations (Q2); Sociology and Political Science (Q2)";"Social Sciences"
558;24884;"Scottish Journal of Political Economy";journal;"14679485, 00369292";"Wiley-Blackwell Publishing Ltd";No;No;0,396;Q2;57;52;84;2413;128;82;1,36;46,40;26,67;2;United Kingdom;Western Europe;"Wiley-Blackwell Publishing Ltd";"1954-2026";"Sociology and Political Science (Q2); Economics and Econometrics (Q3)";"Economics, Econometrics and Finance; Social Sciences"
559;21100886544;"Journal of Contemporary East Asia Studies";journal;"24761028, 24761036";"Routledge";Yes;No;0,393;Q2;18;2;57;80;110;54;1,87;40,00;33,33;0;United Kingdom;Western Europe;"Routledge";"2017-2026";"Cultural Studies (Q1); Development (Q2); Sociology and Political Science (Q2)";"Social Sciences"
560;17900156739;"Journal of Eastern African Studies";journal;"17531055, 17531063";"Routledge";No;No;0,393;Q2;44;36;96;1692;133;92;1,14;47,00;36,17;0;United Kingdom;Western Europe;"Routledge";"2009-2026";"Anthropology (Q1); Cultural Studies (Q1); History (Q1); Political Science and International Relations (Q2); Sociology and Political Science (Q2)";"Arts and Humanities; Social Sciences"
561;21100829274;"Journal of International Studies";journal;"20718330, 23063483";"Centre of Sociological Research";Yes;Yes;0,393;Q2;39;59;179;3455;543;178;3,52;58,56;54,07;0;Poland;Eastern Europe;"Centre of Sociological Research";"2008-2025";"Political Science and International Relations (Q2); Social Sciences (miscellaneous) (Q2); Sociology and Political Science (Q2); Business and International Management (Q3); Economics and Econometrics (Q3)";"Business, Management and Accounting; Economics, Econometrics and Finance; Social Sciences"
562;15532;"International Sociology";journal;"02685809, 14617242";"SAGE Publications Ltd";No;No;0,392;Q2;75;46;119;2201;221;111;2,02;47,85;48,78;0;United Kingdom;Western Europe;"SAGE Publications Ltd";"1986-2026";"Sociology and Political Science (Q2)";"Social Sciences"
563;4700152730;"Journal of Community Practice";journal;"15433706, 10705422";"Routledge";No;No;0,392;Q2;43;29;89;1053;146;78;1,36;36,31;71,05;0;United States;Northern America;"Routledge";"1994-2025";"Development (Q2); Public Administration (Q2); Sociology and Political Science (Q2)";"Social Sciences"
564;26288;"Journal of Latin American Studies";journal;"0022216X, 1469767X";"Cambridge University Press";No;No;0,392;Q2;56;15;75;1721;87;75;1,20;114,73;36,84;0;United Kingdom;Western Europe;"Cambridge University Press";"1969-2026";"Arts and Humanities (miscellaneous) (Q1); Geography, Planning and Development (Q2); Sociology and Political Science (Q2)";"Arts and Humanities; Social Sciences"
565;5700162393;"India Review";journal;"14736489, 15573036";"Routledge";No;No;0,391;Q2;19;26;82;1919;77;79;1,00;73,81;25,93;0;United Kingdom;Western Europe;"Routledge";"2010-2025";"Political Science and International Relations (Q2); Sociology and Political Science (Q2)";"Social Sciences"
566;5800207391;"Journal of Adult Protection";journal;"14668203";"Emerald Publishing";No;No;0,390;Q2;23;34;81;1058;108;67;1,22;31,12;66,67;0;United Kingdom;Western Europe;"Emerald Publishing";"1999-2026";"Law (Q2); Sociology and Political Science (Q2)";"Social Sciences"
567;17201;"Canadian Public Administration";journal;"00084840, 17547121";"Wiley-Blackwell";No;No;0,388;Q2;35;42;118;1897;194;115;1,55;45,17;47,22;0;United States;Northern America;"Wiley-Blackwell";"1958-2026";"Public Administration (Q2); Sociology and Political Science (Q2)";"Social Sciences"
568;11700154508;"Ethics in Science and Environmental Politics";journal;"16118014, 18635415";"Inter-Research";Yes;Yes;0,388;Q2;25;9;17;498;35;17;1,00;55,33;40,00;0;Germany;Western Europe;"Inter-Research";"2001-2025";"Philosophy (Q1); Ecology (Q2); Education (Q2); Sociology and Political Science (Q2); Management, Monitoring, Policy and Law (Q3)";"Arts and Humanities; Environmental Science; Social Sciences"
569;27733;"Latin American Research Review";journal;"00238791, 15424278";"Cambridge University Press";Yes;Yes;0,387;Q2;62;76;143;4409;181;140;1,13;58,01;42,15;0;United States;Northern America;"Cambridge University Press";"1965-2026";"Anthropology (Q1); Arts and Humanities (miscellaneous) (Q1); Cultural Studies (Q1); History (Q1); Literature and Literary Theory (Q1); Development (Q2); Economics, Econometrics and Finance (miscellaneous) (Q2); Geography, Planning and Development (Q2); Multidisciplinary (Q2); Political Science and International Relations (Q2); Sociology and Political Science (Q2)";"Arts and Humanities; Economics, Econometrics and Finance; Multidisciplinary; Social Sciences"
570;5600152814;"Journal of Public Economic Theory";journal;"14679779, 10973923";"Wiley-Blackwell Publishing Ltd";No;No;0,386;Q2;38;85;162;3503;146;159;0,94;41,21;25,77;1;United Kingdom;Western Europe;"Wiley-Blackwell Publishing Ltd";"1999-2026";"Sociology and Political Science (Q2); Economics and Econometrics (Q3); Finance (Q3)";"Economics, Econometrics and Finance; Social Sciences"
571;18165;"International Social Security Review";journal;"0020871X, 1468246X";"Wiley-Blackwell Publishing Ltd";No;No;0,385;Q2;36;21;64;966;111;56;1,18;46,00;56,52;4;United Kingdom;Western Europe;"Wiley-Blackwell Publishing Ltd";"1967-2025";"Economics, Econometrics and Finance (miscellaneous) (Q2); Public Administration (Q2); Sociology and Political Science (Q2)";"Economics, Econometrics and Finance; Social Sciences"
572;14300;"Harvard Journal of Law and Public Policy";journal;"01934872";"Harvard University";No;No;0,384;Q2;33;13;107;1711;126;105;1,32;131,62;18,18;0;United States;Northern America;"Harvard University";"1980, 1985, 1990, 1995-2025";"Law (Q2); Sociology and Political Science (Q2)";"Social Sciences"
573;14980;"Humor";journal;"16133722, 09331719";"De Gruyter Mouton";No;No;0,384;Q2;60;24;86;1396;129;83;1,56;58,17;54,69;0;Germany;Western Europe;"De Gruyter Mouton";"1988-2026";"Linguistics and Language (Q1); Sociology and Political Science (Q2); Psychology (miscellaneous) (Q3)";"Psychology; Social Sciences"
574;19700169402;"Progress in Community Health Partnerships: Research, Education, and Action";journal;"1557055X, 15570541";"Johns Hopkins University Press";No;No;0,384;Q2;37;59;218;1400;180;168;0,80;23,73;73,00;0;United States;Northern America;"Johns Hopkins University Press";"2007-2025";"Education (Q2); Sociology and Political Science (Q2); Health (social science) (Q3); Medicine (miscellaneous) (Q3)";"Medicine; Social Sciences"
575;18109;"Sociological Spectrum";journal;"02732173, 15210707";"Taylor and Francis Ltd.";No;No;0,384;Q2;53;23;38;1385;66;37;1,36;60,22;46,81;1;United Kingdom;Western Europe;"Taylor and Francis Ltd.";"1981-2026";"Sociology and Political Science (Q2)";"Social Sciences"
576;21101043318;"Studies in Communication and Media";journal;"21924007";"Nomos Verlagsgesellschaft mbH und Co KG";Yes;Yes;0,384;Q2;13;15;49;907;50;44;0,78;60,47;54,55;0;Germany;Western Europe;"Nomos Verlagsgesellschaft mbH und Co KG";"2019-2025";"Linguistics and Language (Q1); Communication (Q2); Sociology and Political Science (Q2)";"Social Sciences"
577;21100782417;"Global Discourse";journal;"23269995, 20437897";"Bristol University Press";No;No;0,383;Q2;26;25;128;1185;181;65;0,63;47,40;11,76;0;United Kingdom;Western Europe;"Bristol University Press";"2010-2011, 2013-2026";"Political Science and International Relations (Q2); Sociology and Political Science (Q2)";"Social Sciences"
578;21100855411;"Journal for Social Action in Counseling and Psychology";journal;"21598142";"Ball State University Center for Peace and Conflict Studies";Yes;Yes;0,383;Q2;9;5;34;221;38;34;0,88;44,20;71,43;0;United States;Northern America;"Ball State University Center for Peace and Conflict Studies";"2017-2025";"Sociology and Political Science (Q2); Clinical Psychology (Q3); Education (Q3); Social Psychology (Q3)";"Psychology; Social Sciences"
579;21101306748;"Journal of Digital Social Research";journal;"20031998";"DIGSUM (Centre for Digital Social Research), Umea University";Yes;No;0,383;Q2;10;17;83;993;151;83;1,66;58,41;55,56;0;Sweden;Western Europe;"DIGSUM (Centre for Digital Social Research), Umea University";"2021-2025";"Communication (Q2); Gender Studies (Q2); Sociology and Political Science (Q2)";"Social Sciences"
580;28227;"Asian Pacific Journal of Social Work";journal;"02185385";"Routledge";No;No;0,382;Q2;22;0;55;0;69;47;1,15;0,00;0,00;0;United Kingdom;Western Europe;"Routledge";"1991-2024";"Social Sciences (miscellaneous) (Q2); Sociology and Political Science (Q2)";"Social Sciences"
581;15726;"Kolner Zeitschrift fur Soziologie und Sozialpsychologie";journal;"00232653, 1861891X";"Forschungsinstitut fur Soziologie";No;No;0,381;Q2;44;37;111;3069;169;101;1,13;82,95;47,89;0;Germany;Western Europe;"Forschungsinstitut fur Soziologie";"1983, 1988-1989, 1992-1993, 1996-2026";"Sociology and Political Science (Q2); Social Psychology (Q3)";"Psychology; Social Sciences"
582;5600153109;"Sociologica";journal;"19718853";"University of Bologna";Yes;Yes;0,381;Q2;24;28;82;1320;102;81;1,36;47,14;56,52;0;Italy;Western Europe;"University of Bologna";"2013-2025";"Sociology and Political Science (Q2)";"Social Sciences"
583;21100787833;"CIRIEC-Espana Revista de Economia Publica, Social y Cooperativa";journal;"19896816, 02138093";"CIRIEC";Yes;Yes;0,380;Q2;20;37;102;2314;167;102;1,84;62,54;37,50;0;Spain;Western Europe;"CIRIEC";"2015-2025";"Sociology and Political Science (Q2); Economics and Econometrics (Q3)";"Economics, Econometrics and Finance; Social Sciences"
584;11600153671;"Democracy and Security";journal;"15555860, 17419166";"Taylor and Francis Ltd.";No;No;0,380;Q2;19;34;52;1938;94;51;2,25;57,00;21,15;0;United Kingdom;Western Europe;"Taylor and Francis Ltd.";"2010-2026";"Political Science and International Relations (Q2); Safety Research (Q2); Sociology and Political Science (Q2)";"Social Sciences"
585;17171;"Slavery and Abolition";journal;"17439523, 0144039X";"Routledge";No;No;0,380;Q2;34;57;124;2579;89;114;0,63;45,25;42,62;0;United Kingdom;Western Europe;"Routledge";"1980-2026";"History (Q1); Sociology and Political Science (Q2)";"Arts and Humanities; Social Sciences"
586;5600153391;"Historical Materialism";journal;"14654466, 1569206X";"Brill Academic Publishers";No;No;0,378;Q2;42;29;115;1945;122;113;1,17;67,07;21,88;0;Netherlands;Western Europe;"Brill Academic Publishers";"1997-1998, 2002-2025";"History (Q1); Economics, Econometrics and Finance (miscellaneous) (Q2); Political Science and International Relations (Q2); Social Sciences (miscellaneous) (Q2); Sociology and Political Science (Q2)";"Arts and Humanities; Economics, Econometrics and Finance; Social Sciences"
587;21100235819;"Verbum et Ecclesia";journal;"20747705, 16099982";"AOSIS (Pty) Ltd";Yes;No;0,378;Q2;17;119;285;4453;115;281;0,40;37,42;24,24;0;South Africa;Africa;"AOSIS (Pty) Ltd";"2013-2026";"Religious Studies (Q1); Sociology and Political Science (Q2)";"Arts and Humanities; Social Sciences"
588;21100887525;"New Educator";journal;"15499243";"Taylor and Francis Ltd.";No;No;0,375;Q2;29;23;53;1293;79;44;1,34;56,22;62,96;0;United Kingdom;Western Europe;"Taylor and Francis Ltd.";"2005-2026";"Sociology and Political Science (Q2); Education (Q3)";"Social Sciences"
589;21101051704;"Central Asian Affairs";journal;"22142290, 22142282";"Brill Academic Publishers";No;No;0,374;Q2;14;11;46;698;61;45;0,78;63,45;58,33;0;Netherlands;Western Europe;"Brill Academic Publishers";"2014-2025";"Political Science and International Relations (Q2); Social Sciences (miscellaneous) (Q2); Sociology and Political Science (Q2)";"Social Sciences"
590;21100208059;"Journal of International Political Theory";journal;"17551722, 17550882";"SAGE Publications Ltd";No;No;0,373;Q2;22;50;69;2354;84;68;1,00;47,08;40,82;0;United Kingdom;Western Europe;"SAGE Publications Ltd";"2008-2009, 2014-2026";"Social Sciences (miscellaneous) (Q2); Sociology and Political Science (Q2)";"Social Sciences"
591;21100846340;"Journal of Comparative Politics";journal;"13381385";"University of Ljubljana";Yes;No;0,372;Q2;9;14;37;867;47;35;1,00;61,93;30,00;0;Slovenia;Eastern Europe;"University of Ljubljana";"2017-2025";"Political Science and International Relations (Q2); Sociology and Political Science (Q2)";"Social Sciences"
592;5700168238;"Politologicky Casopis";journal;"12113247, 18059503";"Masaryk University";No;No;0,372;Q2;15;11;36;875;46;36;1,14;79,55;15,00;0;Czech Republic;Eastern Europe;"Masaryk University";"2015-2025";"Political Science and International Relations (Q2); Sociology and Political Science (Q2)";"Social Sciences"
593;13475;"Culture and Psychology";journal;"14617056, 1354067X";"SAGE Publications Ltd";No;No;0,371;Q2;61;97;137;5641;205;130;1,53;58,15;59,55;0;United Kingdom;Western Europe;"SAGE Publications Ltd";"1995-2026";"Cultural Studies (Q1); Anthropology (Q2); Sociology and Political Science (Q2); Social Psychology (Q3)";"Psychology; Social Sciences"
594;5700154315;"Family and Consumer Sciences Research Journal";journal;"1077727X, 15523934";"Wiley-Blackwell";No;No;0,371;Q2;44;33;71;1391;112;58;1,42;42,15;65,79;0;United States;Northern America;"Wiley-Blackwell";"1972-1973, 1994-2026";"Cultural Studies (Q1); Sociology and Political Science (Q2)";"Social Sciences"
595;21101388869;"Lex Social";journal;"21746419";"Universidad Pablo de Olavide";No;No;0,371;Q2;4;36;116;1607;43;103;0,39;44,64;40,00;0;Spain;Western Europe;"Universidad Pablo de Olavide";"2022-2025";"Law (Q2); Social Sciences (miscellaneous) (Q2); Sociology and Political Science (Q2)";"Social Sciences"
596;11600153783;"Review of Faith and International Affairs";journal;"19317743, 15570274";"Taylor and Francis Ltd.";No;No;0,370;Q2;25;47;128;2126;154;115;1,13;45,23;44,44;0;United Kingdom;Western Europe;"Taylor and Francis Ltd.";"2007, 2009-2026";"Religious Studies (Q1); Sociology and Political Science (Q2)";"Arts and Humanities; Social Sciences"
597;18299;"American Journal of Economics and Sociology";journal;"00029246, 15367150";"Wiley-Blackwell Publishing Ltd";No;No;0,369;Q2;52;53;131;2586;230;121;1,95;48,79;36,36;4;United Kingdom;Western Europe;"Wiley-Blackwell Publishing Ltd";"1941-1966, 1968-1976, 1978-2026";"Sociology and Political Science (Q2); Economics and Econometrics (Q3)";"Economics, Econometrics and Finance; Social Sciences"
598;21100208020;"Economics and Sociology";journal;"2071789X, 23063459";"Centre of Sociological Research";Yes;Yes;0,369;Q2;41;62;204;3517;529;203;2,74;56,73;57,30;0;Poland;Eastern Europe;"Centre of Sociological Research";"2008-2025";"Economics, Econometrics and Finance (miscellaneous) (Q2); Social Sciences (miscellaneous) (Q2); Sociology and Political Science (Q2); Business, Management and Accounting (miscellaneous) (Q3)";"Business, Management and Accounting; Economics, Econometrics and Finance; Social Sciences"
599;19500157802;"Asian Social Work and Policy Review";journal;"17531403, 17531411";"Wiley-Blackwell Publishing Ltd";No;No;0,367;Q2;23;16;76;809;104;75;1,15;50,56;40,00;0;Australia;Pacific Region;"Wiley-Blackwell Publishing Ltd";"2008-2026";"Social Sciences (miscellaneous) (Q2); Sociology and Political Science (Q2); Social Work (Q4)";"Social Sciences"
600;5600155080;"Philosophy and Social Criticism";journal;"1461734X, 01914537";"SAGE Publications Inc.";No;No;0,367;Q2;47;133;255;6387;321;251;1,09;48,02;32,82;1;United States;Northern America;"SAGE Publications Inc.";"1973-1982, 1984-2026";"Philosophy (Q1); Sociology and Political Science (Q2)";"Arts and Humanities; Social Sciences"
601;21101076085;"Public Administration and Policy";journal;"2517679X, 17272645";"Emerald Group Publishing Ltd.";Yes;Yes;0,367;Q2;18;33;86;1046;184;73;2,21;31,70;30,77;0;United Kingdom;Western Europe;"Emerald Group Publishing Ltd.";"2018-2025";"Geography, Planning and Development (Q2); Public Administration (Q2); Sociology and Political Science (Q2); Health (social science) (Q3)";"Social Sciences"
602;5600153488;"Rural Society";journal;"10371656";"Routledge";Yes;No;0,367;Q2;33;16;40;1149;80;39;1,71;71,81;38,89;0;United Kingdom;Western Europe;"Routledge";"1991-2026";"Sociology and Political Science (Q2); Tourism, Leisure and Hospitality Management (Q3)";"Business, Management and Accounting; Social Sciences"
603;53135;"Dialectical Anthropology";journal;"03044092, 15730786";"Springer Netherlands";No;No;0,365;Q2;30;51;83;2301;91;59;1,13;45,12;69,49;0;Netherlands;Western Europe;"Springer Netherlands";"1975, 1977-2001, 2003-2026";"Anthropology (Q2); Arts and Humanities (miscellaneous) (Q2); Sociology and Political Science (Q2)";"Arts and Humanities; Social Sciences"
604;4000151818;"Mobilization";journal;"1086671X";"San Diego State University";No;No;0,364;Q2;58;0;58;0;94;58;1,57;0,00;0,00;0;United States;Northern America;"San Diego State University";"1996, 1998-1999, 2003-2024";"Sociology and Political Science (Q2); Transportation (Q3)";"Social Sciences"
605;24150;"International Journal of Middle East Studies";journal;"14716380, 00207438";"Cambridge University Press";No;No;0,363;Q2;60;31;163;2469;114;162;0,59;79,65;55,56;0;United Kingdom;Western Europe;"Cambridge University Press";"1970-2026";"History (Q1); Geography, Planning and Development (Q2); Sociology and Political Science (Q2)";"Arts and Humanities; Social Sciences"
606;200147126;"Journal of Intercultural Studies";journal;"07256868, 14699540";"Taylor and Francis Ltd.";No;No;0,363;Q2;50;89;184;4812;284;162;1,38;54,07;61,69;0;United Kingdom;Western Europe;"Taylor and Francis Ltd.";"1980-2026";"Cultural Studies (Q1); History (Q1); Sociology and Political Science (Q2)";"Arts and Humanities; Social Sciences"
607;21100896940;"Intellectual Economics";journal;"18228038, 18228011";"Mykolo Romerio Universitetas";Yes;No;0,361;Q2;14;20;71;1167;113;69;1,60;58,35;55,17;0;Lithuania;Eastern Europe;"Mykolo Romerio Universitetas";"2018-2025";"Philosophy (Q1); Economics, Econometrics and Finance (miscellaneous) (Q2); Sociology and Political Science (Q2); Management of Technology and Innovation (Q3); Organizational Behavior and Human Resource Management (Q3)";"Arts and Humanities; Business, Management and Accounting; Economics, Econometrics and Finance; Social Sciences"
608;27440;"Revue Europeenne des Migrations Internationales";journal;"07650752, 17775418";"University of Poitiers";Yes;Yes;0,361;Q2;10;38;98;959;43;80;0,49;25,24;54,29;0;France;Western Europe;"University of Poitiers";"1985-1998, 2003, 2019-2025";"Anthropology (Q2); Demography (Q2); Geography, Planning and Development (Q2); Sociology and Political Science (Q2)";"Social Sciences"
609;21101020018;"International Journal of Care and Caring";journal;"2397883X, 23978821";"Policy Press";No;No;0,360;Q2;20;50;135;2339;152;119;1,10;46,78;75,38;0;United Kingdom;Western Europe;"Policy Press";"2017-2025";"Sociology and Political Science (Q2); Health Policy (Q3); Health (social science) (Q3); Public Health, Environmental and Occupational Health (Q3)";"Medicine; Social Sciences"
610;5700152892;"New Political Science";journal;"07393148, 14699931";"Routledge";No;No;0,359;Q2;36;21;103;792;82;91;0,77;37,71;23,53;0;United Kingdom;Western Europe;"Routledge";"1979-1986, 1989-2025";"Sociology and Political Science (Q2)";"Social Sciences"
611;12223;"Social Identities";journal;"13630296, 13504630";"Routledge";No;No;0,359;Q2;52;73;122;3956;161;103;1,33;54,19;48,15;0;United Kingdom;Western Europe;"Routledge";"1995-2025";"Sociology and Political Science (Q2)";"Social Sciences"
612;5700168058;"European Journal of Crime, Criminal Law and Criminal Justice";journal;"15718174, 09289569";"Martinus Nijhoff Publishers";No;No;0,358;Q2;23;18;47;1356;64;37;1,19;75,33;65,38;0;Netherlands;Western Europe;"Martinus Nijhoff Publishers";"1993-2000, 2002-2026";"Law (Q2); Political Science and International Relations (Q2); Sociology and Political Science (Q2)";"Social Sciences"
613;145469;"Illness Crisis and Loss";journal;"15526968, 10541373";"SAGE Publications Inc.";No;No;0,357;Q2;22;64;131;2902;207;131;1,58;45,34;58,11;0;United States;Northern America;"SAGE Publications Inc.";"1991-1992, 2000-2001, 2005-2026";"Sociology and Political Science (Q2); Health (social science) (Q3)";"Social Sciences"
614;145329;"International Journal of Discrimination and the Law";journal;"13582291, 20479468";"SAGE Publications Inc.";No;No;0,357;Q2;17;35;62;2206;104;39;1,11;63,03;57,89;1;United Kingdom;Western Europe;"SAGE Publications Inc.";"2000, 2005-2009, 2011-2026";"Law (Q2); Sociology and Political Science (Q2)";"Social Sciences"
615;19900191584;"Journal of Poverty and Social Justice";journal;"17598273, 17598281";"Policy Press";No;No;0,357;Q2;24;18;69;976;106;61;1,45;54,22;37,84;0;United Kingdom;Western Europe;"Policy Press";"2010-2025";"Public Administration (Q2); Sociology and Political Science (Q2)";"Social Sciences"
616;5600155209;"Modern Italy";journal;"13532944, 14699877";"Cambridge University Press";No;No;0,357;Q2;24;48;78;2816;60;74;0,78;58,67;50,00;0;United Kingdom;Western Europe;"Cambridge University Press";"1995, 1997-2000, 2002-2026";"Cultural Studies (Q1); History (Q1); Anthropology (Q2); Sociology and Political Science (Q2)";"Arts and Humanities; Social Sciences"
617;17600155322;"Revista Espanola de Sociologia";journal;"24450367, 15782824";"Federacion Espanola de Sociologia";Yes;No;0,357;Q2;17;30;158;1707;167;154;1,35;56,90;58,33;0;Spain;Western Europe;"Federacion Espanola de Sociologia";"2010-2026";"Sociology and Political Science (Q2)";"Social Sciences"
618;21101284640;"Discover Global Society";journal;"27319687";"Springer Nature";Yes;No;0,356;Q2;8;179;129;11264;246;128;1,91;62,93;36,83;1;Netherlands;Western Europe;"Springer Nature";"2023-2026";"Anthropology (Q2); Gender Studies (Q2); Social Sciences (miscellaneous) (Q2); Sociology and Political Science (Q2)";"Social Sciences"
619;21100897202;"FWU Journal of Social Sciences";journal;"19951272";"Shaheed Benazir Bhutto Women University";No;No;0,356;Q2;11;48;126;2430;265;126;1,47;50,63;44,23;0;Pakistan;Asiatic Region;"Shaheed Benazir Bhutto Women University";"2018-2025";"History (Q1); Social Sciences (miscellaneous) (Q2); Sociology and Political Science (Q2); Education (Q3); Psychology (miscellaneous) (Q3)";"Arts and Humanities; Psychology; Social Sciences"
620;21101138521;"Journal of Education Culture and Society";journal;"20811640";"Pro Scientia Publica Foundation";Yes;No;0,355;Q2;17;110;240;4462;388;238;1,94;40,56;54,66;0;Poland;Eastern Europe;"Pro Scientia Publica Foundation";"2019-2025";"History (Q1); History and Philosophy of Science (Q1); Sociology and Political Science (Q2); Education (Q3); Psychology (miscellaneous) (Q3)";"Arts and Humanities; Psychology; Social Sciences"
621;21101122746;"Journal of Labor and Society";journal;"24714607";"Brill Academic Publishers";No;No;0,355;Q2;16;28;74;1857;67;71;0,67;66,32;12,20;0;Netherlands;Western Europe;"Brill Academic Publishers";"2017-2026";"Cultural Studies (Q1); History (Q1); Political Science and International Relations (Q2); Social Sciences (miscellaneous) (Q2); Sociology and Political Science (Q2); Economics and Econometrics (Q3)";"Arts and Humanities; Economics, Econometrics and Finance; Social Sciences"
622;21101154265;"African Human Mobility Review";journal;"24107972, 24116955";"University of the Western Cape";Yes;Yes;0,354;Q2;7;18;56;774;64;49;0,90;43,00;31,25;1;South Africa;Africa;"University of the Western Cape";"2019-2025";"Law (Q2); Social Sciences (miscellaneous) (Q2); Sociology and Political Science (Q2); Development (Q3)";"Social Sciences"
623;21101086731;"Global Perspectives";journal;"25757350";"University of California Press";No;No;0,354;Q2;15;21;137;1160;171;134;1,09;55,24;40,74;0;United States;Northern America;"University of California Press";"2020-2026";"Communication (Q2); Social Sciences (miscellaneous) (Q2); Sociology and Political Science (Q2)";"Social Sciences"
624;19700170425;"Journal of Military Ethics";journal;"15027570, 15027589";"Routledge";No;No;0,353;Q2;28;27;71;877;83;59;0,92;32,48;28,00;0;United Kingdom;Western Europe;"Routledge";"2002-2026";"Philosophy (Q1); Sociology and Political Science (Q2)";"Arts and Humanities; Social Sciences"
625;21101097254;"Lex Scientia Law Review";journal;"25989685, 25989677";"Universitas Negeri Semarang";Yes;No;0,353;Q2;12;29;81;1752;154;79;1,92;60,41;39,29;0;Indonesia;Asiatic Region;"Universitas Negeri Semarang";"2017-2025";"Law (Q2); Political Science and International Relations (Q2); Public Administration (Q2); Sociology and Political Science (Q2)";"Social Sciences"
626;21101185418;"Jurnal IUS Kajian Hukum dan Keadilan";journal;"23033827, 2477815X";"Mataram University Faculty of Law";Yes;No;0,351;Q2;7;41;132;1950;202;132;1,89;47,56;42,05;0;Indonesia;Asiatic Region;"Mataram University Faculty of Law";"2019-2025";"Law (Q2); Political Science and International Relations (Q2); Public Administration (Q2); Sociology and Political Science (Q2)";"Social Sciences"
627;21100898697;"UUM Journal of Legal Studies";journal;"01279483, 2229984X";"Universiti Utara Malaysia Press";Yes;Yes;0,351;Q2;10;21;86;1270;105;86;1,04;60,48;42,50;0;Malaysia;Asiatic Region;"Universiti Utara Malaysia Press";"2018-2026";"Law (Q2); Sociology and Political Science (Q2)";"Social Sciences"
628;100147325;"Journal of Classical Sociology";journal;"17412897, 1468795X";"SAGE Publications Ltd";No;No;0,350;Q2;34;32;90;2020;99;88;0,84;63,13;26,47;0;United Kingdom;Western Europe;"SAGE Publications Ltd";"2001-2026";"Sociology and Political Science (Q2)";"Social Sciences"
629;21100820755;"Zeitschrift fur Vergleichende Politikwissenschaft";journal;"18652646, 18652654";"Springer Verlag";No;No;0,350;Q2;23;22;93;1536;111;79;0,89;69,82;26,67;1;Germany;Western Europe;"Springer Verlag";"2007-2026";"Sociology and Political Science (Q2)";"Social Sciences"
630;21101306352;"Asian Journal of Sport History and Culture";journal;"27690156, 27690148";"Taylor and Francis Ltd.";No;No;0,348;Q2;6;24;51;1121;72;51;1,33;46,71;38,89;0;United Kingdom;Western Europe;"Taylor and Francis Ltd.";"2023-2026";"Cultural Studies (Q1); History (Q1); Sociology and Political Science (Q2)";"Arts and Humanities; Social Sciences"
631;19700173305;"Historia y Politica";journal;"15750361, 1989063X";"Center for Constitutional Studies";No;No;0,348;Q2;14;24;73;1401;30;67;0,40;58,38;45,00;0;Spain;Western Europe;"Center for Constitutional Studies";"1999, 2001, 2009-2025";"History (Q1); Sociology and Political Science (Q2)";"Arts and Humanities; Social Sciences"
632;12100156092;"Journal of Political Science Education";journal;"15512177, 15512169";"Taylor and Francis Ltd.";No;No;0,348;Q2;37;80;140;3249;185;136;1,41;40,61;49,64;0;United Kingdom;Western Europe;"Taylor and Francis Ltd.";"2005-2026";"Sociology and Political Science (Q2); Education (Q3)";"Social Sciences"
633;19349;"Journal of Mathematical Sociology";journal;"15455874, 0022250X";"Taylor and Francis Ltd.";No;No;0,347;Q2;39;13;43;729;68;42;1,29;56,08;18,75;0;United Kingdom;Western Europe;"Taylor and Francis Ltd.";"1971-2026";"Social Sciences (miscellaneous) (Q2); Sociology and Political Science (Q2); Algebra and Number Theory (Q3)";"Mathematics; Social Sciences"
634;19700168801;"Journal of Eurasian Studies";journal;"18793665, 18793673";"SAGE Publications Inc.";Yes;Yes;0,346;Q2;35;30;53;1832;88;50;1,53;61,07;50,67;2;United Kingdom;Western Europe;"SAGE Publications Inc.";"2010-2026";"Cultural Studies (Q1); History (Q1); Sociology and Political Science (Q2)";"Arts and Humanities; Social Sciences"
635;24798;"Asian Journal of Social Science";journal;"15684849, 15685314";"Department of Sociology, National University of Singapore";No;No;0,345;Q2;32;25;81;1421;147;79;1,78;56,84;53,19;0;Singapore;Asiatic Region;"Department of Sociology, National University of Singapore";"1973-1995, 2000-2026";"Anthropology (Q2); Sociology and Political Science (Q2)";"Social Sciences"
636;21100886226;"International Journal of Evidence and Proof";journal;"13657127, 17405572";"SAGE Publications Ltd";No;No;0,345;Q2;14;25;53;1251;64;52;1,25;50,04;44,23;1;United Kingdom;Western Europe;"SAGE Publications Ltd";"2018-2026";"Law (Q2); Sociology and Political Science (Q2); Management, Monitoring, Policy and Law (Q3)";"Environmental Science; Social Sciences"
637;19700173116;"Journal of Children's Services";journal;"17466660";"Emerald Group Publishing Ltd.";No;No;0,345;Q2;30;11;50;543;77;49;0,97;49,36;65,79;0;United Kingdom;Western Europe;"Emerald Group Publishing Ltd.";"2006-2026";"Law (Q2); Sociology and Political Science (Q2); Developmental and Educational Psychology (Q3); Education (Q3); Health (social science) (Q3)";"Psychology; Social Sciences"
638;12573;"Food and Foodways";journal;"15423484, 07409710";"Taylor and Francis Ltd.";No;No;0,344;Q2;24;16;48;930;80;46;1,21;58,13;62,79;0;United Kingdom;Western Europe;"Taylor and Francis Ltd.";"1985-1994, 1999, 2001, 2007-2026";"Cultural Studies (Q1); Anthropology (Q2); Sociology and Political Science (Q2); Food Science (Q3); Health (social science) (Q3)";"Agricultural and Biological Sciences; Social Sciences"
639;25158;"Global Governance";journal;"10752846, 19426720";"Brill Academic Publishers";No;No;0,343;Q2;76;20;83;1167;84;80;1,13;58,35;30,77;1;United States;Northern America;"Brill Academic Publishers";"1996-2025";"Political Science and International Relations (Q2); Sociology and Political Science (Q2); Environmental Science (miscellaneous) (Q3); Safety Research (Q3)";"Environmental Science; Social Sciences"
640;5600153110;"Revista Espanola de Investigaciones Sociologicas";journal;"19885903, 02105233";"Centro de Investigaciones Sociologicas";Yes;Yes;0,343;Q2;26;41;97;2142;124;97;1,19;52,24;48,68;15;Spain;Western Europe;"Centro de Investigaciones Sociologicas";"1980-1983, 2008-2025";"Sociology and Political Science (Q2)";"Social Sciences"
641;14000155892;"Insight Turkey";journal;"25647717, 1302177X";"SETA Foundation";Yes;No;0,342;Q2;32;66;163;2746;113;124;0,72;41,61;15,00;0;Turkey;Middle East;"SETA Foundation";"2009-2025";"Political Science and International Relations (Q2); Sociology and Political Science (Q2)";"Social Sciences"
642;21100856464;"Settler Colonial Studies";journal;"18380743, 2201473X";"Taylor and Francis Ltd.";No;No;0,341;Q2;32;54;61;3787;71;53;1,16;70,13;56,67;0;United Kingdom;Western Europe;"Taylor and Francis Ltd.";"2011-2021, 2023-2026";"Cultural Studies (Q1); History (Q1); Anthropology (Q2); Demography (Q2); Law (Q2); Sociology and Political Science (Q2)";"Arts and Humanities; Social Sciences"
643;21101185499;"International Review of Public Policy";journal;"26793873, 27066274";"International Public Policy Association";Yes;Yes;0,340;Q2;15;17;54;1032;93;48;1,51;60,71;34,62;0;France;Western Europe;"International Public Policy Association";"2019-2025";"Political Science and International Relations (Q2); Sociology and Political Science (Q2)";"Social Sciences"
644;21101021437;"Advances in Social Work";journal;"23314125, 15278565";"Indiana University School of Social Work";Yes;Yes;0,339;Q2;17;42;137;2176;162;127;0,60;51,81;71,43;0;United States;Northern America;"Indiana University School of Social Work";"2015, 2019-2025";"Social Sciences (miscellaneous) (Q2); Sociology and Political Science (Q2); Education (Q3)";"Social Sciences"
645;21101022227;"Journal of Human Rights and Social Work";journal;"23651792";"Springer Science + Business Media";No;No;0,339;Q2;22;81;147;4742;214;137;1,23;58,54;59,36;0;Switzerland;Western Europe;"Springer Science + Business Media";"2016-2026";"Law (Q2); Sociology and Political Science (Q2)";"Social Sciences"
646;74283;"Asian Perspective";journal;"02589184";"Johns Hopkins University Press";No;No;0,337;Q2;31;29;91;1986;111;91;1,27;68,48;20,00;0;United States;Northern America;"Johns Hopkins University Press";"1974, 2005-2025";"Political Science and International Relations (Q2); Sociology and Political Science (Q2); Life-span and Life-course Studies (Q3)";"Social Sciences"
647;5600152936;"Crime Prevention and Community Safety";journal;"17434629, 14603780";"Palgrave Macmillan Ltd.";No;No;0,336;Q2;33;5;71;285;122;71;1,81;57,00;15,38;0;United Kingdom;Western Europe;"Palgrave Macmillan Ltd.";"1999-2025";"Law (Q2); Sociology and Political Science (Q2); Safety Research (Q3)";"Social Sciences"
648;21100814520;"Latin American Policy";journal;"20417373, 20417365";"John Wiley and Sons Ltd";No;No;0,335;Q2;14;34;111;1878;128;95;1,14;55,24;26,42;0;United Kingdom;Western Europe;"John Wiley and Sons Ltd";"2010-2026";"Political Science and International Relations (Q2); Sociology and Political Science (Q2)";"Social Sciences"
649;21101074578;"Populism";journal;"25888072, 25888064";"Brill Academic Publishers";No;No;0,335;Q2;11;20;28;1456;37;27;1,67;72,80;46,43;0;Netherlands;Western Europe;"Brill Academic Publishers";"2018-2025";"Political Science and International Relations (Q2); Sociology and Political Science (Q2)";"Social Sciences"
650;21101158599;"Society Register";journal;"25445502";"Uniwersytet im. Adama Mickiewicza w Poznaniu";Yes;Yes;0,335;Q2;8;14;32;764;70;32;2,19;54,57;50,00;1;Poland;Eastern Europe;"Uniwersytet im. Adama Mickiewicza w Poznaniu";"2023-2025";"Cultural Studies (Q1); Gender Studies (Q2); Political Science and International Relations (Q2); Sociology and Political Science (Q2)";"Social Sciences"
651;21100887531;"Administrative Theory and Praxis";journal;"19490461, 10841806";"Taylor and Francis Ltd.";No;No;0,334;Q2;23;40;71;2141;145;63;1,90;53,53;42,86;0;United Kingdom;Western Europe;"Taylor and Francis Ltd.";"2018-2026";"Sociology and Political Science (Q2); Business and International Management (Q3); Public Administration (Q3); Strategy and Management (Q3)";"Business, Management and Accounting; Social Sciences"
652;21101141528;"Advances in Southeast Asian Studies";journal;"2791531X";"SEAS - Society for South-East Asian Studies";Yes;Yes;0,334;Q2;18;11;48;623;87;43;1,94;56,64;52,94;0;Austria;Western Europe;"SEAS - Society for South-East Asian Studies";"2022-2025";"Cultural Studies (Q1); Anthropology (Q2); Communication (Q2); Law (Q2); Sociology and Political Science (Q2); Development (Q3); Geography, Planning and Development (Q3)";"Social Sciences"
653;21100248874;"Dilemas";journal;"19835922, 21782792";"Universidade Federal do Rio de Janeiro";Yes;Yes;0,334;Q2;14;45;149;2312;64;147;0,18;51,38;43,33;0;Brazil;Latin America;"Universidade Federal do Rio de Janeiro";"2013-2025";"Law (Q2); Pharmacology, Toxicology and Pharmaceutics (miscellaneous) (Q2); Social Sciences (miscellaneous) (Q2); Sociology and Political Science (Q2)";"Pharmacology, Toxicology and Pharmaceutics; Social Sciences"
654;5000153601;"Journal of Teaching in Social Work";journal;"15407349, 08841233";"Routledge";No;No;0,334;Q2;37;57;108;2142;110;102;0,66;37,58;73,26;0;United States;Northern America;"Routledge";"1987-2026";"Sociology and Political Science (Q2); Education (Q3); Social Work (Q4)";"Social Sciences"
655;21100897523;"Moral Philosophy and Politics";journal;"21945616, 21945624";"Walter de Gruyter GmbH";No;No;0,334;Q2;16;38;57;1900;75;54;0,70;50,00;22,22;0;Germany;Western Europe;"Walter de Gruyter GmbH";"2014-2026";"Philosophy (Q1); History and Philosophy of Science (Q2); Sociology and Political Science (Q2)";"Arts and Humanities; Social Sciences"
656;21101294616;"Countries Studies";journal;"29809193";"University of Tehran";No;No;0,333;Q2;3;27;50;957;29;48;0,58;35,44;31,25;0;Iran;Middle East;"University of Tehran";"2023-2026";"Sociology and Political Science (Q2); Economics and Econometrics (Q3)";"Economics, Econometrics and Finance; Social Sciences"
657;21101115664;"SCHOLE: A Journal of Leisure Studies and Recreation Education";journal;"1937156X, 21624097";"Taylor and Francis Ltd.";No;No;0,333;Q2;13;8;79;325;69;78;0,66;40,63;44,44;0;United Kingdom;Western Europe;"Taylor and Francis Ltd.";"1993-2026";"Sociology and Political Science (Q2); Education (Q3); Tourism, Leisure and Hospitality Management (Q3)";"Business, Management and Accounting; Social Sciences"
658;26731;"History of the Family";journal;"1081602X";"Taylor and Francis Ltd.";No;No;0,332;Q2;33;50;97;3305;111;88;1,00;66,10;47,76;0;United Kingdom;Western Europe;"Taylor and Francis Ltd.";"1996-2026";"History (Q1); Social Sciences (miscellaneous) (Q2); Sociology and Political Science (Q2)";"Arts and Humanities; Social Sciences"
659;5700164130;"Latino Studies";journal;"14763443, 14763435";"Palgrave Macmillan Ltd.";No;No;0,332;Q2;31;35;102;1735;62;82;0,49;49,57;63,64;0;United Kingdom;Western Europe;"Palgrave Macmillan Ltd.";"2006-2025";"Cultural Studies (Q1); History (Q1); Sociology and Political Science (Q2)";"Arts and Humanities; Social Sciences"
660;21100244605;"Cuestiones Constitucionales";journal;"24484881, 14059193";"Universidad Nacional Autonoma de Mexico";Yes;Yes;0,331;Q2;8;55;131;2561;46;130;0,14;46,56;27,42;0;Mexico;Latin America;"Universidad Nacional Autonoma de Mexico";"2013-2026";"Law (Q2); Sociology and Political Science (Q2)";"Social Sciences"
661;4700153002;"International Journal of Law, Policy and the Family";journal;"13609939, 14643707";"Oxford University Press";No;No;0,331;Q2;31;36;65;3817;83;65;1,14;106,03;72,41;1;United Kingdom;Western Europe;"Oxford University Press";"1996-1997, 2002, 2004-2026";"Law (Q2); Sociology and Political Science (Q2)";"Social Sciences"
662;19700174724;"International Journal of Migration, Health and Social Care";journal;"20428650, 17479894";"Emerald Publishing";No;No;0,330;Q2;24;47;95;2782;122;95;1,15;59,19;61,71;0;United Kingdom;Western Europe;"Emerald Publishing";"2005-2026";"Law (Q2); Sociology and Political Science (Q2); Health (social science) (Q3)";"Social Sciences"
663;21101041704;"Journal of Digital Media and Policy";journal;"25163523, 25163531";"Intellect Ltd.";No;No;0,330;Q2;16;26;67;1316;99;56;1,28;50,62;45,00;0;United Kingdom;Western Europe;"Intellect Ltd.";"2019-2026";"Communication (Q2); Media Technology (Q2); Sociology and Political Science (Q2)";"Engineering; Social Sciences"
664;10600153342;"Society and Economy";journal;"1588970X, 15889726";"Akademiai Kiado";Yes;No;0,330;Q2;21;24;77;1351;136;74;1,76;56,29;46,81;0;Hungary;Eastern Europe;"Akademiai Kiado";"2007-2025";"Economics, Econometrics and Finance (miscellaneous) (Q2); Sociology and Political Science (Q2); Business and International Management (Q3); Industrial Relations (Q3); Public Administration (Q3); Strategy and Management (Q3)";"Business, Management and Accounting; Economics, Econometrics and Finance; Social Sciences"
665;19700201800;"Journal of Integrated Care";journal;"14769018, 20428685";"Emerald Group Publishing Ltd.";No;No;0,329;Q2;26;40;135;1589;128;124;0,85;39,73;59,73;0;United Kingdom;Western Europe;"Emerald Group Publishing Ltd.";"1996-2025";"Sociology and Political Science (Q2); Health (social science) (Q3); Public Administration (Q3)";"Social Sciences"
666;21101190201;"TalTech Journal of European Studies";journal;"26744619, 26744600";"Sciendo";Yes;Yes;0,329;Q2;15;40;62;1850;89;62;1,13;46,25;36,76;0;Poland;Eastern Europe;"Sciendo";"2020-2025";"History (Q1); Economics, Econometrics and Finance (miscellaneous) (Q2); Law (Q2); Political Science and International Relations (Q2); Sociology and Political Science (Q2)";"Arts and Humanities; Economics, Econometrics and Finance; Social Sciences"
667;21100897166;"Journal of Global Buddhism";journal;"15276457";"University of Lucerne";Yes;Yes;0,328;Q2;9;3;28;171;21;27;0,81;57,00;33,33;0;United States;Northern America;"University of Lucerne";"2018-2025";"Cultural Studies (Q1); History (Q1); Religious Studies (Q1); Sociology and Political Science (Q2)";"Arts and Humanities; Social Sciences"
668;5700153385;"Journal of Human Values";journal;"09730737, 09716858";"Sage Publications India Pvt. Ltd";No;No;0,328;Q2;23;41;67;2197;108;58;1,77;53,59;40,00;0;India;Asiatic Region;"Sage Publications India Pvt. Ltd";"1995-2026";"Cultural Studies (Q1); Philosophy (Q1); Sociology and Political Science (Q2); Organizational Behavior and Human Resource Management (Q3); Social Psychology (Q3)";"Arts and Humanities; Business, Management and Accounting; Psychology; Social Sciences"
669;21100972442;"Middle East Development Journal";journal;"17938120, 17938171";"Routledge";No;No;0,328;Q2;16;12;42;558;58;42;1,54;46,50;20,00;0;United Kingdom;Western Europe;"Routledge";"2012-2026";"Economics, Econometrics and Finance (miscellaneous) (Q2); Sociology and Political Science (Q2); Development (Q3)";"Economics, Econometrics and Finance; Social Sciences"
670;21100901047;"Pedagogia Social";journal;"19899742, 11391723";"Sociedad Iberoamericana de Pedagogía Social";Yes;Yes;0,328;Q2;9;33;81;1386;82;78;1,02;42,00;68,60;0;Spain;Western Europe;"Sociedad Iberoamericana de Pedagogía Social";"2018-2025";"Sociology and Political Science (Q2); Education (Q3)";"Social Sciences"
671;21101039805;"Sriwijaya Law Review";journal;"25416464, 25415298";"Sriwijaya University";Yes;Yes;0,326;Q2;11;21;67;1223;109;67;1,69;58,24;38,46;0;Indonesia;Asiatic Region;"Sriwijaya University";"2017-2025";"Law (Q2); Social Sciences (miscellaneous) (Q2); Sociology and Political Science (Q2)";"Social Sciences"
672;21101021142;"Journal of Sport for Development";journal;"23300574";"Journal of Sport for Development";No;No;0,325;Q2;10;4;32;256;54;28;1,26;64,00;47,83;0;United States;Northern America;"Journal of Sport for Development";"2019-2025";"Sociology and Political Science (Q2); Development (Q3); Tourism, Leisure and Hospitality Management (Q3)";"Business, Management and Accounting; Social Sciences"
673;21100793925;"Nordic Journal of Human Rights";journal;"1891814X, 18918131";"Taylor and Francis Ltd.";No;No;0,325;Q2;18;21;82;405;140;76;1,72;19,29;67,86;1;United Kingdom;Western Europe;"Taylor and Francis Ltd.";"2010-2026";"Law (Q2); Political Science and International Relations (Q2); Sociology and Political Science (Q2)";"Social Sciences"
674;21100893575;"Asian Journal of Business Research";journal;"24634522, 11788933";"Asia Business Research Corporation";No;No;0,324;Q2;18;18;69;1118;132;66;1,57;62,11;52,38;0;New Zealand;Pacific Region;"Asia Business Research Corporation";"2018-2025";"Political Science and International Relations (Q2); Sociology and Political Science (Q2); Business and International Management (Q3); Marketing (Q3); Strategy and Management (Q3)";"Business, Management and Accounting; Social Sciences"
675;25354;"Canadian Journal of African Studies";journal;"19233051, 00083968";"Taylor and Francis Ltd.";No;No;0,324;Q2;20;31;91;1628;109;88;1,21;52,52;31,43;1;United Kingdom;Western Europe;"Taylor and Francis Ltd.";"1976, 1980, 1982-1996, 1999, 2001, 2011-2012, 2014-2026";"Cultural Studies (Q1); History (Q1); Anthropology (Q2); Demography (Q2); Sociology and Political Science (Q2); Development (Q3); Geography, Planning and Development (Q3)";"Arts and Humanities; Social Sciences"
676;21100898602;"Vysshee Obrazovanie v Rossii";journal;"08693617, 20720459";"Moscow Polytechnic University";Yes;Yes;0,324;Q2;18;84;290;2918;365;289;1,47;34,74;59,28;0;Russian Federation;Eastern Europe;"Moscow Polytechnic University";"2018-2025";"Philosophy (Q1); Sociology and Political Science (Q2); Education (Q3)";"Arts and Humanities; Social Sciences"
677;21100902532;"Global Social Welfare";journal;"21968799";"Springer International Publishing";No;No;0,323;Q2;23;75;127;3874;204;125;1,58;51,65;51,43;2;Switzerland;Western Europe;"Springer International Publishing";"2014-2026";"Sociology and Political Science (Q2)";"Social Sciences"
678;21101298940;"Culture, Practice and Europeanization";journal;"25667742";"Nomos Verlagsgesellschaft mbH und Co KG";Yes;No;0,322;Q2;9;16;45;894;64;36;0,70;55,88;47,83;0;Germany;Western Europe;"Nomos Verlagsgesellschaft mbH und Co KG";"2017-2025";"Political Science and International Relations (Q2); Social Sciences (miscellaneous) (Q2); Sociology and Political Science (Q2)";"Social Sciences"
679;5700168391;"Journal of Global Ethics";journal;"17449626, 17449634";"Routledge";No;No;0,321;Q2;32;29;93;1016;121;85;0,88;35,03;26,67;0;United Kingdom;Western Europe;"Routledge";"2005-2026";"Philosophy (Q1); Sociology and Political Science (Q2)";"Arts and Humanities; Social Sciences"
680;5800169166;"Congress and the Presidency";journal;"07343469, 19441053";"Routledge";No;No;0,320;Q2;20;12;37;881;23;36;0,60;73,42;36,84;1;United Kingdom;Western Europe;"Routledge";"1981-2025";"Political Science and International Relations (Q2); Sociology and Political Science (Q2)";"Social Sciences"
681;17400154833;"Journal of Transportation Security";journal;"19387741, 1938775X";"Springer New York";No;No;0,320;Q2;23;31;47;1418;112;47;2,29;45,74;29,09;0;United States;Northern America;"Springer New York";"2008-2026";"Law (Q2); Political Science and International Relations (Q2); Sociology and Political Science (Q2); Management Science and Operations Research (Q3); Safety Research (Q3); Transportation (Q3)";"Decision Sciences; Social Sciences"
682;21101045770;"Nordic Journal of Studies in Policing";journal;"27037045";"Scandinavian University Press";Yes;Yes;0,319;Q2;6;12;29;674;34;29;1,25;56,17;72,73;0;Norway;Western Europe;"Scandinavian University Press";"2020-2025";"Law (Q2); Social Sciences (miscellaneous) (Q2); Sociology and Political Science (Q2); Education (Q3)";"Social Sciences"
683;7200153157;"International Journal of Children's Rights";journal;"15718182, 09275568";"Martinus Nijhoff Publishers";No;No;0,318;Q2;47;38;111;2082;133;103;0,91;54,79;65,63;0;Netherlands;Western Europe;"Martinus Nijhoff Publishers";"1993-2025";"Political Science and International Relations (Q2); Social Sciences (miscellaneous) (Q2); Sociology and Political Science (Q2)";"Social Sciences"
684;21100935790;"Journal of Holocaust Research";journal;"25785656";"Taylor and Francis Inc.";No;No;0,318;Q2;8;15;77;1217;75;71;0,96;81,13;29,41;0;United States;Northern America;"Taylor and Francis Inc.";"2019-2026";"History (Q1); Law (Q2); Political Science and International Relations (Q2); Sociology and Political Science (Q2)";"Arts and Humanities; Social Sciences"
685;21100902663;"Revista Brasileira de Direito Processual Penal";journal;"23593881, 2525510X";"Instituto Brasileiro de Direito Processual Penal";Yes;Yes;0,318;Q2;8;44;115;2046;61;115;0,63;46,50;34,88;0;Brazil;Latin America;"Instituto Brasileiro de Direito Processual Penal";"2018-2025";"Anthropology (Q2); Law (Q2); Sociology and Political Science (Q2); Psychiatry and Mental Health (Q3); Safety Research (Q3)";"Medicine; Social Sciences"
686;4700152755;"Journal of Poverty";journal;"10875549, 15407608";"Routledge";No;No;0,317;Q2;33;62;117;2701;165;117;1,32;43,56;56,56;2;United States;Northern America;"Routledge";"1997-2026";"Demography (Q2); Sociology and Political Science (Q2)";"Social Sciences"
687;21100218321;"Ayer";journal;"11342277";"Marcial Pons";No;No;0,316;Q2;14;46;145;741;55;135;0,29;16,11;26,42;0;Spain;Western Europe;"Marcial Pons";"2012-2014, 2017-2025";"Cultural Studies (Q1); History (Q1); Sociology and Political Science (Q2)";"Arts and Humanities; Social Sciences"
688;21100899527;"Australian Feminist Law Journal";journal;"22040064, 13200968";"Routledge";No;No;0,315;Q2;10;11;42;269;54;37;0,96;24,45;68,75;0;Australia;Pacific Region;"Routledge";"2018-2026";"Literature and Literary Theory (Q1); Gender Studies (Q2); Law (Q2); Sociology and Political Science (Q2); Psychology (miscellaneous) (Q3)";"Arts and Humanities; Psychology; Social Sciences"
689;21100897169;"Studies in the Education of Adults";journal;"02660830, 14789833";"Taylor and Francis Ltd.";No;No;0,315;Q2;35;56;69;2666;91;63;1,39;47,61;62,18;0;United Kingdom;Western Europe;"Taylor and Francis Ltd.";"1996-2026";"Sociology and Political Science (Q2); Education (Q3)";"Social Sciences"
690;5700168544;"Adoption and Fostering";journal;"1740469X, 03085759";"SAGE Publications Ltd";No;No;0,314;Q2;37;33;101;1359;81;69;0,68;41,18;76,39;0;United Kingdom;Western Europe;"SAGE Publications Ltd";"1996-2026";"Law (Q2); Sociology and Political Science (Q2); Health (social science) (Q3); Human Factors and Ergonomics (Q3); Social Psychology (Q3)";"Psychology; Social Sciences"
691;21100945168;"Contemporary Review of the Middle East";journal;"23490055, 23477989";"SAGE Publications Ltd";No;No;0,314;Q2;14;28;76;1536;77;62;1,00;54,86;16,67;0;United Kingdom;Western Europe;"SAGE Publications Ltd";"2014-2026";"Cultural Studies (Q1); Political Science and International Relations (Q2); Sociology and Political Science (Q2); Economics and Econometrics (Q3)";"Economics, Econometrics and Finance; Social Sciences"
692;30006;"Global Social Policy";journal;"17412803, 14680181";"SAGE Publications Ltd";No;No;0,314;Q2;46;56;116;2129;154;95;1,12;38,02;60,00;8;United Kingdom;Western Europe;"SAGE Publications Ltd";"2001-2026";"Sociology and Political Science (Q2); Geography, Planning and Development (Q3); Management, Monitoring, Policy and Law (Q3)";"Environmental Science; Social Sciences"
693;27661;"Journal of Black Studies";journal;"15524566, 00219347";"SAGE Publications Inc.";No;No;0,314;Q2;62;39;105;2104;150;104;1,25;53,95;59,02;0;United States;Northern America;"SAGE Publications Inc.";"1970-2026";"Cultural Studies (Q1); Anthropology (Q2); Sociology and Political Science (Q2)";"Social Sciences"
694;5700153969;"University of Toronto Law Journal";journal;"00420220, 17101174";"University of Toronto Press";No;No;0,314;Q2;27;28;68;2974;52;65;0,72;106,21;27,59;0;Canada;Northern America;"University of Toronto Press";"1974-1975, 1977, 1981, 1989, 1991-1993, 2008-2026";"Law (Q2); Sociology and Political Science (Q2)";"Social Sciences"
695;21100929312;"Criminology, Criminal Justice, Law and Society";journal;"2332886X";"Western Society of Criminology";Yes;Yes;0,313;Q2;32;5;27;334;33;27;0,53;66,80;60,00;0;United States;Northern America;"Western Society of Criminology";"2014-2025";"Sociology and Political Science (Q2)";"Social Sciences"
696;21100448012;"Partecipazione e Conflitto";journal;"19727623, 20356609";"University of Salento";Yes;Yes;0,313;Q2;24;41;129;2455;158;124;1,19;59,88;50,00;0;Italy;Western Europe;"University of Salento";"2015-2025";"Sociology and Political Science (Q2)";"Social Sciences"
697;5600155405;"Asian Ethnicity";journal;"14692953, 14631369";"Routledge";No;No;0,312;Q2;28;57;107;3163;148;105;1,10;55,49;31,25;0;United Kingdom;Western Europe;"Routledge";"2008-2026";"Cultural Studies (Q1); Sociology and Political Science (Q2)";"Social Sciences"
698;21100939681;"eJournal of eDemocracy and Open Government";journal;"20759517";"Department for E-Governance and Administration";Yes;Yes;0,311;Q2;24;23;58;1316;85;51;1,13;57,22;20,59;0;Austria;Western Europe;"Department for E-Governance and Administration";"2009-2025";"Sociology and Political Science (Q2); Computer Science Applications (Q3)";"Computer Science; Social Sciences"
699;21100902676;"Istoriya";journal;"20798784";"Ltd "Integration: Education and Science"";No;No;0,311;Q2;8;456;1190;13929;343;1190;0,32;30,55;45,52;0;Russian Federation;Eastern Europe;"Ltd "Integration: Education and Science"";"2018-2025";"History (Q1); Visual Arts and Performing Arts (Q1); History and Philosophy of Science (Q2); Sociology and Political Science (Q2)";"Arts and Humanities; Social Sciences"
700;21100874338;"Journal of Public and Nonprofit Affairs";journal;"23813717";"Midwest Public Affairs Conference";Yes;Yes;0,311;Q2;15;12;58;695;74;54;0,94;57,92;44,44;0;United States;Northern America;"Midwest Public Affairs Conference";"2015-2025";"Economics, Econometrics and Finance (miscellaneous) (Q2); Sociology and Political Science (Q2); Business and International Management (Q3); Organizational Behavior and Human Resource Management (Q3); Public Administration (Q3)";"Business, Management and Accounting; Economics, Econometrics and Finance; Social Sciences"
701;21100896938;"Revista Fuentes";journal;"21727775";"Facultad de Ciencias de la Educacion";Yes;Yes;0,311;Q2;10;16;90;901;90;90;1,12;56,31;51,06;0;Spain;Western Europe;"Facultad de Ciencias de la Educacion";"2018-2025";"Sociology and Political Science (Q2); Developmental and Educational Psychology (Q3); Education (Q3)";"Psychology; Social Sciences"
702;21100836179;"Asia and the Pacific Policy Studies";journal;"20502680";"John Wiley and Sons Ltd";Yes;No;0,310;Q2;36;48;49;2423;81;49;1,74;50,48;42,48;2;United Kingdom;Western Europe;"John Wiley and Sons Ltd";"2014-2026";"Economics, Econometrics and Finance (miscellaneous) (Q2); Political Science and International Relations (Q2); Sociology and Political Science (Q2); Public Administration (Q3); Strategy and Management (Q3)";"Business, Management and Accounting; Economics, Econometrics and Finance; Social Sciences"
703;3300147702;"Journal of Progressive Human Services";journal;"10428232, 15407616";"Routledge";No;No;0,310;Q2;30;55;50;1985;63;40;0,92;36,09;63,86;0;United States;Northern America;"Routledge";"1987, 1990-2026";"Social Sciences (miscellaneous) (Q2); Sociology and Political Science (Q2)";"Social Sciences"
704;17018;"New Perspectives on Turkey";journal;"08966346, 13053299";"Cambridge University Press";No;No;0,310;Q2;26;25;52;1503;70;42;0,89;60,12;47,06;0;United Kingdom;Western Europe;"Cambridge University Press";"1993, 1995, 1999-2002, 2008-2026";"Cultural Studies (Q1); History (Q1); Sociology and Political Science (Q2); Economics and Econometrics (Q3)";"Arts and Humanities; Economics, Econometrics and Finance; Social Sciences"
705;21100395926;"Asian Journal of Law and Society";journal;"20529023, 20529015";"Cambridge University Press";No;No;0,309;Q2;20;40;71;2874;85;68;1,02;71,85;36,36;0;United Kingdom;Western Europe;"Cambridge University Press";"2014-2026";"Law (Q2); Sociology and Political Science (Q2)";"Social Sciences"
706;5800169372;"Brazilian Journal of Political Economy";journal;"18094538, 01013157";"Universidade de Sao Paulo. Museu de Zoologia";Yes;Yes;0,309;Q2;26;26;151;993;130;150;0,70;38,19;22,50;0;Brazil;Latin America;"Universidade de Sao Paulo. Museu de Zoologia";"2000, 2005, 2007-2025";"Economics, Econometrics and Finance (miscellaneous) (Q2); Political Science and International Relations (Q2); Sociology and Political Science (Q2)";"Economics, Econometrics and Finance; Social Sciences"
707;21101209979;"Journal of Law and Legal Reform";journal;"27150968, 27150941";"Universitas Negeri Semarang";Yes;Yes;0,309;Q2;7;63;99;3210;140;99;1,41;50,95;38,52;0;Indonesia;Asiatic Region;"Universitas Negeri Semarang";"2023-2026";"History (Q1); Law (Q2); Sociology and Political Science (Q2); Public Administration (Q3)";"Arts and Humanities; Social Sciences"
708;21100830426;"Journal of Criminological Research, Policy and Practice";journal;"2056385X, 20563841";"Emerald Group Publishing Ltd.";No;No;0,308;Q2;17;30;50;1806;64;48;1,45;60,20;58,02;0;United Kingdom;Western Europe;"Emerald Group Publishing Ltd.";"2015-2025";"Law (Q2); Sociology and Political Science (Q2); Health (social science) (Q3); Public Administration (Q3); Social Psychology (Q3)";"Psychology; Social Sciences"
709;5800169158;"Public Works Management and Policy";journal;"1087724X, 15527549";"SAGE Publications Inc.";No;No;0,308;Q2;33;25;79;1479;123;59;1,53;59,16;30,61;0;United States;Northern America;"SAGE Publications Inc.";"1996-2026";"Sociology and Political Science (Q2); Business, Management and Accounting (miscellaneous) (Q3); Public Administration (Q3)";"Business, Management and Accounting; Social Sciences"
710;21100876251;"Vestnik Sankt-Peterburgskogo Universiteta, Filosofiia i Konfliktologiia";journal;"25422278, 25419382";"Saint Petersburg State University";Yes;No;0,308;Q2;7;37;171;807;44;171;0,22;21,81;41,82;0;Russian Federation;Eastern Europe;"Saint Petersburg State University";"2017-2025";"Cultural Studies (Q1); Philosophy (Q1); Religious Studies (Q1); Sociology and Political Science (Q2)";"Arts and Humanities; Social Sciences"
711;4700152402;"Journal of Family Social Work";journal;"15404072, 10522158";"Routledge";No;No;0,307;Q2;33;17;31;648;31;23;0,82;38,12;60,00;0;United States;Northern America;"Routledge";"1994-2025";"Sociology and Political Science (Q2); Development (Q3); Social Work (Q4)";"Social Sciences"
712;21101169874;"Jurnal Hukum Unissula";journal;"14122723, 27236668";"Islamic University of Sultan Agung Faculty of Law";No;No;0,307;Q2;7;50;69;2693;103;69;1,49;53,86;29,79;0;Indonesia;Asiatic Region;"Islamic University of Sultan Agung Faculty of Law";"2019-2026";"Religious Studies (Q1); Law (Q2); Sociology and Political Science (Q2)";"Arts and Humanities; Social Sciences"
713;21100244228;"International Area Studies Review";journal;"20491123, 22338659";"";No;No;0,306;Q2;23;22;75;1056;102;75;1,18;48,00;30,56;0;South Korea;Asiatic Region;"";"1997-2025";"Political Science and International Relations (Q2); Sociology and Political Science (Q2)";"Social Sciences"
714;19700170105;"Problems and Perspectives in Management";journal;"17277051, 18105467";"LLC CPC Business Perspectives";Yes;No;0,306;Q2;40;225;637;11352;1428;637;2,42;50,45;50,15;0;Ukraine;Eastern Europe;"LLC CPC Business Perspectives";"2003-2026";"Information Systems and Management (Q2); Law (Q2); Social Sciences (miscellaneous) (Q2); Sociology and Political Science (Q2); Business and International Management (Q3); Business, Management and Accounting (miscellaneous) (Q3); Public Administration (Q3); Strategy and Management (Q3)";"Business, Management and Accounting; Decision Sciences; Social Sciences"
715;87222;"Review of Politics";journal;"17486858, 00346705";"Cambridge University Press";No;No;0,306;Q2;30;44;100;1321;49;87;0,38;30,02;25,00;0;United Kingdom;Western Europe;"Cambridge University Press";"1939-2026";"Political Science and International Relations (Q2); Sociology and Political Science (Q2)";"Social Sciences"
716;6500153239;"Vulnerable Children and Youth Studies";journal;"17450136, 17450128";"Routledge";No;No;0,306;Q2;32;72;136;3443;140;136;1,03;47,82;58,42;1;United Kingdom;Western Europe;"Routledge";"2006-2026";"Sociology and Political Science (Q2); Developmental and Educational Psychology (Q3); Health (social science) (Q3)";"Psychology; Social Sciences"
717;21100933830;"Estudios Fronterizos";journal;"23959134";"Universidad Autonoma de Baja California";Yes;Yes;0,303;Q2;10;17;76;1028;70;74;0,90;60,47;36,67;0;Mexico;Latin America;"Universidad Autonoma de Baja California";"2019-2025";"History (Q1); Anthropology (Q2); Demography (Q2); Political Science and International Relations (Q2); Sociology and Political Science (Q2); Economics and Econometrics (Q3); Geography, Planning and Development (Q3)";"Arts and Humanities; Economics, Econometrics and Finance; Social Sciences"
718;21101095938;"International Journal of Economic Policy Studies";journal;"25244892, 18814387";"Springer Japan";No;No;0,302;Q2;11;18;68;934;100;67;1,43;51,89;27,78;1;Japan;Asiatic Region;"Springer Japan";"2019-2026";"Political Science and International Relations (Q2); Sociology and Political Science (Q2); Economics and Econometrics (Q3)";"Economics, Econometrics and Finance; Social Sciences"
719;21101075508;"Journal of Applied Youth Studies";journal;"22049207, 22049193";"Springer Nature";No;No;0,302;Q2;14;53;67;2988;108;57;1,60;56,38;61,29;1;Singapore;Asiatic Region;"Springer Nature";"2020-2026";"Cultural Studies (Q1); Anthropology (Q2); Social Sciences (miscellaneous) (Q2); Sociology and Political Science (Q2); Education (Q3)";"Social Sciences"
720;14594;"Social Work/Maatskaplike Werk";journal;"23127198, 00378054";"University of Stellenbosch";Yes;No;0,302;Q2;22;44;116;2736;115;104;0,84;62,18;59,02;0;South Africa;Africa;"University of Stellenbosch";"1973-1974, 1977, 1994-2025";"Sociology and Political Science (Q2); Social Work (Q4)";"Social Sciences"
721;21101164609;"European Labour Law Journal";journal;"23995556, 20319525";"SAGE Publications Ltd";No;No;0,301;Q2;16;46;142;1389;224;99;1,22;30,20;57,41;2;United Kingdom;Western Europe;"SAGE Publications Ltd";"2010-2026";"Law (Q2); Sociology and Political Science (Q2)";"Social Sciences"
722;21101044834;"Iconos";journal;"13901249, 13908065";"FLACSO Ecuador";Yes;Yes;0,301;Q2;9;33;99;1415;74;93;0,50;42,88;58,33;0;Ecuador;Latin America;"FLACSO Ecuador";"2019-2026";"Anthropology (Q2); Gender Studies (Q2); Social Sciences (miscellaneous) (Q2); Sociology and Political Science (Q2)";"Social Sciences"
723;21101312190;"Weizenbaum Journal of the Digital Society";journal;"27485625";"Weizenbaum Institute";No;No;0,301;Q2;6;22;57;1577;90;49;1,69;71,68;51,52;1;Germany;Western Europe;"Weizenbaum Institute";"2021-2025";"Communication (Q2); Sociology and Political Science (Q2); Human-Computer Interaction (Q3); Information Systems (Q3)";"Computer Science; Social Sciences"
724;20062;"Economie et Statistique";journal;"17775574, 03361454";"Institut National de la Statistique et des Etudes Economiques";No;No;0,300;Q2;18;11;65;261;26;62;0,28;23,73;29,17;2;France;Western Europe;"Institut National de la Statistique et des Etudes Economiques";"1977-1998, 2007-2025";"Sociology and Political Science (Q2); Economics and Econometrics (Q3); Statistics and Probability (Q3)";"Economics, Econometrics and Finance; Mathematics; Social Sciences"
725;5800208402;"Citizenship, Social and Economics Education";journal;"20471734";"SAGE Publications Inc.";No;No;0,299;Q2;18;24;36;1475;57;35;1,29;61,46;41,46;0;United Kingdom;Western Europe;"SAGE Publications Inc.";"2011-2025";"Economics, Econometrics and Finance (miscellaneous) (Q2); Sociology and Political Science (Q2); Education (Q3)";"Economics, Econometrics and Finance; Social Sciences"
726;21100258637;"Administratie si Management Public";journal;"15839583, 25596489";"Academy of Economic Studies from Bucharest";Yes;No;0,298;Q2;24;20;65;773;139;65;2,83;38,65;52,94;0;Romania;Eastern Europe;"Academy of Economic Studies from Bucharest";"2013-2025";"Sociology and Political Science (Q2); Public Administration (Q3)";"Social Sciences"
727;21100903424;"Critical Studies in Teaching and Learning";journal;"23107103";"University of the Western Cape";Yes;No;0,297;Q2;13;40;82;1783;97;70;1,22;44,58;70,18;0;South Africa;Africa;"University of the Western Cape";"2018-2025";"Sociology and Political Science (Q2); Education (Q3)";"Social Sciences"
728;23149;"Language Problems and Language Planning";journal;"15699889, 02722690";"John Benjamins Publishing Company";No;No;0,297;Q2;29;8;34;485;39;34;1,09;60,63;62,50;0;Netherlands;Western Europe;"John Benjamins Publishing Company";"1977-2025";"Communication (Q2); Linguistics and Language (Q2); Sociology and Political Science (Q2)";"Social Sciences"
729;17681;"Contemporary Sociology";journal;"19398638, 00943061";"American Sociological Association";No;No;0,296;Q2;32;46;19;153;11;10;0,00;3,33;48,72;0;United States;Northern America;"American Sociological Association";"1979, 1995-1998, 2000, 2002, 2004-2025";"Sociology and Political Science (Q2)";"Social Sciences"
730;17700156010;"Ethics and Global Politics";journal;"16546369, 16544951";"Taylor and Francis Ltd.";Yes;Yes;0,296;Q2;19;13;33;341;30;31;0,78;26,23;42,86;0;United Kingdom;Western Europe;"Taylor and Francis Ltd.";"2009-2026";"Political Science and International Relations (Q2); Sociology and Political Science (Q2)";"Social Sciences"
731;21100834354;"International Journal of Human Rights in Healthcare";journal;"20564902, 20564910";"Emerald Group Publishing Ltd.";No;No;0,296;Q2;24;23;124;1190;140;116;1,14;51,74;46,30;0;United Kingdom;Western Europe;"Emerald Group Publishing Ltd.";"2015-2026";"Sociology and Political Science (Q2); Health Policy (Q3); Health (social science) (Q3); Public Administration (Q3); Social Psychology (Q3)";"Medicine; Psychology; Social Sciences"
732;21101215777;"Justicia (Barranquilla)";journal;"25904566, 01247441";"Simon Bolivar University (Barranquilla)";Yes;Yes;0,296;Q2;5;27;98;1134;41;96;0,48;42,00;37,78;0;Colombia;Latin America;"Simon Bolivar University (Barranquilla)";"2020-2025";"Political Science and International Relations (Q2); Sociology and Political Science (Q2)";"Social Sciences"
733;5600155285;"Parameters";journal;"00311723, 21582106";"United States Army War College";No;No;0,296;Q2;7;37;130;1126;88;112;0,62;30,43;11,32;2;United States;Northern America;"United States Army War College";"1982, 2019-2025";"Cultural Studies (Q1); History (Q1); Political Science and International Relations (Q2); Social Sciences (miscellaneous) (Q2); Sociology and Political Science (Q2); Safety Research (Q3)";"Arts and Humanities; Social Sciences"
734;18162;"Sotsiologicheskie Issledovaniya";journal;"01321625";"Russian Academy of Sciences";No;No;0,296;Q2;17;164;565;3294;231;494;0,48;20,09;64,95;0;Russian Federation;Eastern Europe;"Russian Academy of Sciences";"1981-1982, 1984-1986, 2002-2025";"Sociology and Political Science (Q2)";"Social Sciences"
735;21101011861;"Contention";journal;"25727184, 23301392";"Berghahn Journals";No;No;0,295;Q2;7;0;29;0;29;25;1,31;0,00;0,00;0;United States;Northern America;"Berghahn Journals";"2019-2024";"Cultural Studies (Q1); Sociology and Political Science (Q2)";"Social Sciences"
736;21100828738;"Critical Housing Analysis";journal;"23362839";"Academy of Sciences of the Czech Republic, Institute of Sociology";Yes;Yes;0,295;Q2;19;11;46;374;52;44;1,27;34,00;42,11;0;Czech Republic;Eastern Europe;"Academy of Sciences of the Czech Republic, Institute of Sociology";"2014-2025";"Sociology and Political Science (Q2); Urban Studies (Q2); Geography, Planning and Development (Q3)";"Social Sciences"
737;20600195510;"Journal of Aggression, Conflict and Peace Research";journal;"20428715, 17596599";"Emerald Group Publishing Ltd.";No;No;0,295;Q2;26;25;92;1288;120;86;1,29;51,52;58,00;0;United Kingdom;Western Europe;"Emerald Group Publishing Ltd.";"2009-2026";"Law (Q2); Sociology and Political Science (Q2); Health (social science) (Q3); Social Psychology (Q4)";"Psychology; Social Sciences"
738;21100903469;"Russia in Global Affairs";journal;"18106374, 26189844";"Foreign Policy Research Foundation";No;No;0,294;Q2;10;57;147;1355;73;119;0,48;23,77;22,58;0;Russian Federation;Eastern Europe;"Foreign Policy Research Foundation";"2018-2026";"Cultural Studies (Q1); History (Q1); Political Science and International Relations (Q2); Sociology and Political Science (Q2)";"Arts and Humanities; Social Sciences"
739;5600152867;"Historical Social Research";journal;"01726404";"GESIS - Leibniz Institute for the Social Sciences";No;No;0,293;Q2;38;49;147;3360;140;147;0,70;68,57;41,94;0;Germany;Western Europe;"GESIS - Leibniz Institute for the Social Sciences";"2006-2025";"History (Q1); Social Sciences (miscellaneous) (Q2); Sociology and Political Science (Q2)";"Arts and Humanities; Social Sciences"
740;12100155623;"Forum for Social Economics";journal;"18746381, 07360932";"Routledge";No;No;0,293;Q3;18;61;106;4376;129;99;1,41;71,74;31,71;2;United Kingdom;Western Europe;"Routledge";"1971, 1975-1998, 2004, 2008, 2011-2026";"Economics and Econometrics (Q3); Sociology and Political Science (Q3)";"Economics, Econometrics and Finance; Social Sciences"
741;19900188001;"Poverty and Public Policy";journal;"21946027, 19442858";"John Wiley and Sons Inc";No;No;0,293;Q3;20;33;70;2126;81;58;1,22;64,42;35,48;1;United States;Northern America;"John Wiley and Sons Inc";"2009-2026";"Cultural Studies (Q1); Sociology and Political Science (Q3)";"Social Sciences"
742;21100894554;"Multidisciplinary Journal of Educational Research";journal;"20142862";"Hipatia Editorial";Yes;No;0,292;Q3;11;12;44;593;64;44;1,52;49,42;39,02;0;Spain;Western Europe;"Hipatia Editorial";"2018-2025";"Developmental and Educational Psychology (Q3); Education (Q3); Sociology and Political Science (Q3)";"Psychology; Social Sciences"
743;23052;"Politicka Ekonomie";journal;"23368225, 00323233";"Prague University of Economics and Business";No;No;0,292;Q3;18;25;98;1686;131;98;1,66;67,44;33,87;0;Czech Republic;Eastern Europe;"Prague University of Economics and Business";"1980, 1982, 1986-1987, 1993, 1996-2025";"Economics and Econometrics (Q3); Sociology and Political Science (Q3)";"Economics, Econometrics and Finance; Social Sciences"
744;21101039620;"Archivos de Historia del Movimiento Obrero y la Izquierda";journal;"26839601, 23139749";"Centro de Estudios Historicos de los Trabajadores y las Izquierdas";Yes;Yes;0,291;Q3;4;11;63;318;13;50;0,21;28,91;22,22;0;Argentina;Latin America;"Centro de Estudios Historicos de los Trabajadores y las Izquierdas";"2019-2025";"History (Q1); Sociology and Political Science (Q3)";"Arts and Humanities; Social Sciences"
745;12100157016;"International Journal of Law, Crime and Justice";journal;"17560616";"Academic Press";No;No;0,290;Q3;40;72;109;4832;290;109;2,62;67,11;53,61;0;United States;Northern America;"Academic Press";"2008-2026";"Law (Q2); Political Science and International Relations (Q2); Sociology and Political Science (Q3)";"Social Sciences"
746;21100871688;"Contemporary Chinese Political Economy and Strategic Relations";journal;"24109681";"Institute of China and Asia-Pacific Studies - National Sun Yat-sen University";Yes;Yes;0,288;Q3;9;2;43;100;16;40;0,29;50,00;83,33;0;Taiwan;Asiatic Region;"Institute of China and Asia-Pacific Studies - National Sun Yat-sen University";"2015-2025";"Political Science and International Relations (Q2); Economics and Econometrics (Q3); Sociology and Political Science (Q3)";"Economics, Econometrics and Finance; Social Sciences"
747;5600154142;"Asian Journal of Political Science";journal;"02185377, 17507812";"Routledge";No;No;0,287;Q3;25;50;55;3151;85;53;1,25;63,02;40,78;1;United Kingdom;Western Europe;"Routledge";"1993-2026";"Political Science and International Relations (Q2); Sociology and Political Science (Q3)";"Social Sciences"
748;21100903414;"International Journal of Energy Production and Management";journal;"20563280, 20563272";"International Information and Engineering Technology Association";Yes;No;0,287;Q3;16;30;88;1373;151;88;2,02;45,77;33,33;0;Canada;Northern America;"International Information and Engineering Technology Association";"2016-2025";"Energy Engineering and Power Technology (Q3); Sociology and Political Science (Q3); Global and Planetary Change (Q4); Renewable Energy, Sustainability and the Environment (Q4)";"Energy; Environmental Science; Social Sciences"
749;4700152718;"Adoption Quarterly";journal;"10926755, 1544452X";"Routledge";No;No;0,286;Q3;40;48;59;2888;65;58;1,14;60,17;77,04;1;United States;Northern America;"Routledge";"1997-2026";"Demography (Q2); Law (Q2); Sociology and Political Science (Q3)";"Social Sciences"
750;21100887621;"Contemporary Japan";journal;"18692737, 18692729";"Taylor and Francis Ltd.";No;No;0,285;Q3;15;25;49;1475;37;38;0,67;59,00;54,55;1;United Kingdom;Western Europe;"Taylor and Francis Ltd.";"2012-2026";"Cultural Studies (Q1); History (Q1); Social Sciences (miscellaneous) (Q2); Sociology and Political Science (Q3)";"Arts and Humanities; Social Sciences"
751;5600152894;"Canadian Ethnic Studies";journal;"19138253, 00083496";"Canadian Ethnic Studies Association";No;No;0,284;Q3;12;10;66;591;68;61;0,66;59,10;70,83;0;Canada;Northern America;"Canadian Ethnic Studies Association";"1986, 2008, 2019-2025";"History (Q1); Anthropology (Q2); Sociology and Political Science (Q3)";"Arts and Humanities; Social Sciences"
752;21101086720;"Oriental Anthropologist";journal;"0972558X, 09763430";"Sage Publications India Pvt. Ltd";No;No;0,284;Q3;8;22;66;1031;62;61;0,81;46,86;41,18;0;Singapore;Asiatic Region;"Sage Publications India Pvt. Ltd";"2001-2025";"Cultural Studies (Q1); Anthropology (Q2); Sociology and Political Science (Q3)";"Social Sciences"
753;27696;"Journal of Southern African Studies";journal;"03057070, 14653893";"Routledge";No;No;0,283;Q3;64;33;172;1174;167;153;0,88;35,58;25,71;0;United Kingdom;Western Europe;"Routledge";"1974-2026";"Arts and Humanities (miscellaneous) (Q2); Geography, Planning and Development (Q3); Sociology and Political Science (Q3)";"Arts and Humanities; Social Sciences"
754;21101036615;"Relacoes Internacionais no Mundo Atual";journal;"23162880";"Centro Universitario Curitiba - UNICURITIBA";No;No;0,283;Q3;9;48;436;1468;179;435;0,47;30,58;52,38;0;Brazil;Latin America;"Centro Universitario Curitiba - UNICURITIBA";"2019-2026";"Law (Q2); Political Science and International Relations (Q2); Public Administration (Q3); Sociology and Political Science (Q3)";"Social Sciences"
755;21100928677;"Conflict and Society";journal;"21644543, 21644551";"Berghahn Journals";Yes;Yes;0,282;Q3;10;11;39;727;58;39;0,91;66,09;42,11;0;United Kingdom;Western Europe;"Berghahn Journals";"2018-2025";"Cultural Studies (Q1); Anthropology (Q2); Political Science and International Relations (Q2); Sociology and Political Science (Q3)";"Social Sciences"
756;21101201499;"Galactica Media: Journal of Media Studies";journal;"26587734";"LLC Scientific Industrial Enterprise “Genesis. Frontier. Science”";Yes;Yes;0,282;Q3;3;47;110;2136;59;110;0,54;45,45;39,34;0;Russian Federation;Eastern Europe;"LLC Scientific Industrial Enterprise “Genesis. Frontier. Science”";"2021, 2023-2025";"Cultural Studies (Q1); Anthropology (Q2); Philosophy (Q2); Sociology and Political Science (Q3)";"Arts and Humanities; Social Sciences"
757;21101116672;"International Critical Thought";journal;"21598312, 21598282";"Taylor and Francis Ltd.";No;No;0,281;Q3;16;34;103;2177;99;102;0,68;64,03;22,22;1;United Kingdom;Western Europe;"Taylor and Francis Ltd.";"2011-2026";"Cultural Studies (Q1); Social Sciences (miscellaneous) (Q2); Political Science and International Relations (Q3); Sociology and Political Science (Q3)";"Social Sciences"
758;5600155107;"Journal of Australian Studies";journal;"0314769X, 14443058";"Taylor and Francis Ltd.";No;No;0,281;Q3;26;39;120;2134;57;107;0,42;54,72;61,54;0;United Kingdom;Western Europe;"Taylor and Francis Ltd.";"1977-2026";"Cultural Studies (Q1); History (Q1); Literature and Literary Theory (Q1); Political Science and International Relations (Q3); Sociology and Political Science (Q3)";"Arts and Humanities; Social Sciences"
759;21100259119;"Journal of International and Comparative Social Policy";journal;"21699763, 2169978X";"Cambridge University Press";No;No;0,281;Q3;28;21;55;1541;77;54;1,29;73,38;46,81;0;United Kingdom;Western Europe;"Cambridge University Press";"2013-2026";"Social Sciences (miscellaneous) (Q2); Health (social science) (Q3); Sociology and Political Science (Q3)";"Social Sciences"
760;5600153226;"Thesis Eleven";journal;"14617455, 07255136";"SAGE Publications Ltd";No;No;0,280;Q3;38;83;170;2652;108;161;0,48;31,95;25,27;0;United Kingdom;Western Europe;"SAGE Publications Ltd";"1980-1994, 1996-2026";"Cultural Studies (Q1); History (Q1); Political Science and International Relations (Q3); Sociology and Political Science (Q3)";"Arts and Humanities; Social Sciences"
761;5600155076;"Revista de Estudios Sociales";journal;"19005180, 0123885X";"Universidad de los Andes, Colombia";Yes;Yes;0,279;Q3;22;36;95;1913;101;95;1,00;53,14;38,46;0;Colombia;Latin America;"Universidad de los Andes, Colombia";"2007, 2009-2026";"Cultural Studies (Q1); History (Q1); Arts and Humanities (miscellaneous) (Q2); Gender Studies (Q2); Social Sciences (miscellaneous) (Q2); Sociology and Political Science (Q3)";"Arts and Humanities; Social Sciences"
762;5700164027;"International Criminal Law Review";journal;"15718123, 1567536X";"Brill Nijhoff";No;No;0,278;Q3;29;41;75;6094;46;71;0,55;148,63;50,88;0;Netherlands;Western Europe;"Brill Nijhoff";"2001-2026";"Law (Q2); Political Science and International Relations (Q3); Sociology and Political Science (Q3)";"Social Sciences"
763;27731;"Latin American Perspectives";journal;"0094582X, 1552678X";"SAGE Publications Ltd";No;No;0,277;Q3;55;80;298;3676;216;268;0,60;45,95;49,19;0;United Kingdom;Western Europe;"SAGE Publications Ltd";"1977, 1981, 1984, 1986-2026";"Geography, Planning and Development (Q3); Sociology and Political Science (Q3)";"Social Sciences"
764;5600152989;"Sotsiologicheskiy Zhurnal";journal;"15622495, 16841581";"Institut Sociologii RAN";Yes;Yes;0,276;Q3;9;37;97;1068;40;97;0,40;28,86;56,60;0;Russian Federation;Eastern Europe;"Institut Sociologii RAN";"2017-2025";"Social Sciences (miscellaneous) (Q2); Sociology and Political Science (Q3)";"Social Sciences"
765;5700167003;"Cultural Politics";journal;"17517435, 17432197";"Duke University Press";No;No;0,274;Q3;21;10;78;219;80;70;1,08;21,90;20,00;0;United States;Northern America;"Duke University Press";"2012-2025";"Cultural Studies (Q1); Communication (Q2); Sociology and Political Science (Q3)";"Social Sciences"
766;21101182773;"Economics and Culture";journal;"22557563, 22560173";"Sciendo";Yes;Yes;0,273;Q3;7;22;65;1018;106;65;1,91;46,27;52,08;0;Germany;Western Europe;"Sciendo";"2022-2025";"Law (Q2); Social Sciences (miscellaneous) (Q2); Business, Management and Accounting (miscellaneous) (Q3); Demography (Q3); Economics, Econometrics and Finance (miscellaneous) (Q3); Sociology and Political Science (Q3)";"Business, Management and Accounting; Economics, Econometrics and Finance; Social Sciences"
767;5600153108;"Papers";journal;"02102862, 20139004";"Universitat Autonoma de Barcelona";Yes;Yes;0,273;Q3;19;17;81;980;63;81;0,69;57,65;44,44;1;Spain;Western Europe;"Universitat Autonoma de Barcelona";"2011-2025";"Social Sciences (miscellaneous) (Q2); Sociology and Political Science (Q3)";"Social Sciences"
768;21100943538;"Revista Internacional de Educacion para la Justicia Social";journal;"22543139";"Universidad Autonoma de Madrid";Yes;Yes;0,273;Q3;21;42;88;2047;100;86;0,95;48,74;60,61;0;Spain;Western Europe;"Universidad Autonoma de Madrid";"2012-2025";"Education (Q3); Sociology and Political Science (Q3)";"Social Sciences"
769;21100942928;"Revista de Internet, Derecho y Politica";journal;"16998154";"Universitat Oberta de Catalunya";Yes;Yes;0,272;Q3;8;21;59;789;46;57;0,80;37,57;26,92;0;Spain;Western Europe;"Universitat Oberta de Catalunya";"2019-2026";"Law (Q2); Computer Science (miscellaneous) (Q3); Sociology and Political Science (Q3)";"Computer Science; Social Sciences"
770;21101062822;"Revista Juridica Portucalense";journal;"21835705, 21835799";"Universidade Portucalense";Yes;Yes;0,272;Q3;6;56;174;1923;116;166;0,72;34,34;48,74;0;Portugal;Western Europe;"Universidade Portucalense";"2019-2026";"Law (Q2); Political Science and International Relations (Q3); Sociology and Political Science (Q3)";"Social Sciences"
771;20600195073;"International Indigenous Policy Journal";journal;"19165781";"Scholarship at Western";Yes;Yes;0,271;Q3;31;10;49;781;53;49;0,82;78,10;70,59;0;United Kingdom;Western Europe;"Scholarship at Western";"2010-2025";"Cultural Studies (Q1); Anthropology (Q2); Sociology and Political Science (Q3)";"Social Sciences"
772;24010;"Constitutional Political Economy";journal;"15729966, 10434062";"Springer New York";No;No;0,270;Q3;36;50;87;2798;98;86;1,08;55,96;21,52;2;United States;Northern America;"Springer New York";"1990-2026";"Law (Q2); Philosophy (Q2); Economics and Econometrics (Q3); Sociology and Political Science (Q3)";"Arts and Humanities; Economics, Econometrics and Finance; Social Sciences"
773;21100837350;"Domes : Digest of Middle East Studies";journal;"10604367, 19493606";"John Wiley and Sons Inc";No;No;0,270;Q3;18;14;76;861;88;62;1,32;61,50;53,33;0;United States;Northern America;"John Wiley and Sons Inc";"1992-2026";"Cultural Studies (Q1); History (Q1); Religious Studies (Q1); Law (Q2); Political Science and International Relations (Q3); Sociology and Political Science (Q3)";"Arts and Humanities; Social Sciences"
774;21100783636;"International Political Science Abstracts";journal;"00208345, 17519292";"SAGE Publications Inc.";No;No;0,270;Q3;3;6;22;258;32;22;1,10;43,00;66,67;0;United Kingdom;Western Europe;"SAGE Publications Inc.";"2007, 2018, 2022-2025";"Arts and Humanities (miscellaneous) (Q2); Political Science and International Relations (Q3); Sociology and Political Science (Q3)";"Arts and Humanities; Social Sciences"
775;15256;"Korean Journal of Defense Analysis";journal;"19414641, 10163271";"Korea Institute for Defense Analyses";No;No;0,270;Q3;14;6;81;542;40;81;0,51;90,33;25,00;0;South Korea;Asiatic Region;"Korea Institute for Defense Analyses";"1996-2025";"Political Science and International Relations (Q3); Safety Research (Q3); Sociology and Political Science (Q3)";"Social Sciences"
776;5600155273;"Cuadernos de Relaciones Laborales";journal;"11318635, 19882572";"Universidad Complutense Madrid";Yes;Yes;0,269;Q3;12;22;72;1155;50;69;0,52;52,50;60,71;0;Spain;Western Europe;"Universidad Complutense Madrid";"2016-2025";"Industrial Relations (Q3); Organizational Behavior and Human Resource Management (Q3); Sociology and Political Science (Q3)";"Business, Management and Accounting; Social Sciences"
777;21100867938;"Open Library of Humanities";journal;"20566700";"Open Library of Humanities";Yes;Yes;0,268;Q3;16;25;82;1238;53;82;0,60;49,52;65,22;0;United Kingdom;Western Europe;"Open Library of Humanities";"2015-2025";"Cultural Studies (Q1); Anthropology (Q2); Arts and Humanities (miscellaneous) (Q2); Sociology and Political Science (Q3)";"Arts and Humanities; Social Sciences"
778;19900191541;"Asian Politics and Policy";journal;"19430787, 19430779";"Wiley-Blackwell";No;No;0,266;Q3;23;43;104;2648;109;93;1,01;61,58;28,26;0;United States;Northern America;"Wiley-Blackwell";"2009-2026";"Political Science and International Relations (Q3); Sociology and Political Science (Q3)";"Social Sciences"
779;21100228113;"BMS Bulletin of Sociological Methodology/ Bulletin de Methodologie Sociologique";journal;"07591063, 20702779";"SAGE Publications Inc.";No;No;0,266;Q3;29;24;77;1228;49;57;0,27;51,17;45,00;0;United Kingdom;Western Europe;"SAGE Publications Inc.";"1983-2026";"Sociology and Political Science (Q3)";"Social Sciences"
780;15617;"Journal of Comparative Family Studies";journal;"00472328, 19299850";"University of Toronto Press";No;No;0,266;Q3;54;0;63;0;55;50;0,72;0,00;0,00;0;Canada;Northern America;"University of Toronto Press";"1973, 1976-2024";"Anthropology (Q2); Sociology and Political Science (Q3); Social Psychology (Q4)";"Psychology; Social Sciences"
781;21101266016;"Jurnal Hukum Islam";journal;"25027719, 18297382";"Faculty of Sharia, Universitas Islam Negeri K.H. Abdurrahman Wahid Pekalongan";Yes;No;0,266;Q3;4;20;46;1187;45;46;1,16;59,35;24,19;0;Indonesia;Asiatic Region;"Faculty of Sharia, Universitas Islam Negeri K.H. Abdurrahman Wahid Pekalongan";"2020-2025";"Religious Studies (Q1); Law (Q2); Sociology and Political Science (Q3)";"Arts and Humanities; Social Sciences"
782;21101022489;"OEconomia";journal;"22698450, 21135207";"Association Oeconomia";Yes;Yes;0,266;Q3;9;11;82;732;53;81;0,63;66,55;33,33;0;France;Western Europe;"Association Oeconomia";"2018-2025";"History (Q1); Economics, Econometrics and Finance (miscellaneous) (Q3); Sociology and Political Science (Q3)";"Arts and Humanities; Economics, Econometrics and Finance; Social Sciences"
783;21100778009;"Polis. Political Studies";journal;"10269487, 16840070";"Editorial Board Polis (Political Studies)";No;No;0,266;Q3;14;71;212;2332;102;211;0,43;32,85;45,28;1;Russian Federation;Eastern Europe;"Editorial Board Polis (Political Studies)";"2015-2025";"Cultural Studies (Q1); History (Q1); Political Science and International Relations (Q3); Sociology and Political Science (Q3)";"Arts and Humanities; Social Sciences"
784;19800188063;"China Journal of Social Work";journal;"17525098, 17525101";"Routledge";No;No;0,265;Q3;17;10;59;391;47;50;0,94;39,10;27,27;0;United Kingdom;Western Europe;"Routledge";"2010-2026";"Health (social science) (Q3); Sociology and Political Science (Q3); Social Work (Q4)";"Social Sciences"
785;19700202605;"Law and Ethics of Human Rights";journal;"19382545, 21946531";"Walter de Gruyter GmbH";No;No;0,265;Q3;18;9;30;869;29;30;0,50;96,56;27,27;0;Germany;Western Europe;"Walter de Gruyter GmbH";"2010-2025";"Law (Q2); Sociology and Political Science (Q3)";"Social Sciences"
786;21100872049;"Journal of Information Policy";journal;"23815892, 21583897";"Penn State University Press";Yes;Yes;0,264;Q3;18;14;45;843;60;44;1,55;60,21;57,14;0;United States;Northern America;"Penn State University Press";"2013, 2017-2025";"Communication (Q3); Public Administration (Q3); Sociology and Political Science (Q3)";"Social Sciences"
787;21100818507;"Monitoring Obshchestvennogo Mneniya: Ekonomicheskie i Sotsial'nye Peremeny";journal;"22195467";"Russian Public Opinion Research Center, VCIOM";Yes;Yes;0,264;Q3;15;75;267;2711;126;266;0,46;36,15;63,04;0;Russian Federation;Eastern Europe;"Russian Public Opinion Research Center, VCIOM";"2016-2025";"Cultural Studies (Q1); Economics, Econometrics and Finance (miscellaneous) (Q3); Sociology and Political Science (Q3)";"Economics, Econometrics and Finance; Social Sciences"
788;21100400185;"Girlhood Studies";journal;"19388209, 19388322";"Berghahn Journals";No;No;0,262;Q3;16;29;90;936;57;76;0,42;32,28;77,27;0;United Kingdom;Western Europe;"Berghahn Journals";"2014-2025";"Gender Studies (Q2); Education (Q3); Sociology and Political Science (Q3); Developmental and Educational Psychology (Q4); Life-span and Life-course Studies (Q4); Social Psychology (Q4)";"Psychology; Social Sciences"
789;21100933831;"Journal of Islamic Thought and Civilization";journal;"20750943, 25200313";"University of Management and Technology";Yes;Yes;0,262;Q3;8;30;131;1312;157;131;1,30;43,73;23,33;0;Pakistan;Asiatic Region;"University of Management and Technology";"2018-2025";"Cultural Studies (Q1); History (Q1); Religious Studies (Q1); Sociology and Political Science (Q3)";"Arts and Humanities; Social Sciences"
790;21100456188;"Journal of the Middle East and Africa";journal;"21520844, 21520852";"Taylor and Francis Ltd.";No;No;0,262;Q3;14;22;59;0;43;58;0,43;0,00;12,50;0;United Kingdom;Western Europe;"Taylor and Francis Ltd.";"2010-2026";"Cultural Studies (Q1); History (Q1); Political Science and International Relations (Q3); Sociology and Political Science (Q3)";"Arts and Humanities; Social Sciences"
791;5700160560;"Islamic Law and Society";journal;"15685195, 09289380";"Brill Academic Publishers";No;No;0,261;Q3;39;17;28;2241;20;28;0,22;131,82;13,33;0;Netherlands;Western Europe;"Brill Academic Publishers";"1994-2026";"Law (Q2); Sociology and Political Science (Q3)";"Social Sciences"
792;21101301814;"Business Ethics and Leadership";journal;"25206311, 25206761";"Academic Research and Publishing UG";Yes;No;0,260;Q3;14;76;156;3740;345;156;2,50;49,21;47,83;0;Germany;Western Europe;"Academic Research and Publishing UG";"2019-2025";"Gender Studies (Q2); Law (Q2); Business, Management and Accounting (miscellaneous) (Q3); Decision Sciences (miscellaneous) (Q3); Issues, Ethics and Legal Aspects (Q3); Organizational Behavior and Human Resource Management (Q3); Social Sciences (miscellaneous) (Q3); Sociology and Political Science (Q3)";"Business, Management and Accounting; Decision Sciences; Nursing; Social Sciences"
793;21100842666;"Caucasus Survey";journal;"23761199, 23761202";"Brill Academic Publishers";No;No;0,260;Q3;15;16;42;812;32;42;0,96;50,75;57,14;0;Netherlands;Western Europe;"Brill Academic Publishers";"2013-2026";"Cultural Studies (Q1); History (Q1); Anthropology (Q2); Demography (Q3); Geography, Planning and Development (Q3); Sociology and Political Science (Q3)";"Arts and Humanities; Social Sciences"
794;21100310035;"Economic Annals-XXI";journal;"17286239, 17286220";"Institute of Society Transformation";No;No;0,260;Q3;23;40;142;551;169;142;1,29;13,78;49,43;0;Ukraine;Eastern Europe;"Institute of Society Transformation";"2013-2025";"Economics, Econometrics and Finance (miscellaneous) (Q3); Sociology and Political Science (Q3)";"Economics, Econometrics and Finance; Social Sciences"
795;21100825345;"Ekonomicheskaya Politika";journal;"19945124, 24112658";"Editorial Board of the Journal Economic Policy";Yes;No;0,260;Q3;13;41;92;1182;58;92;0,80;28,83;43,24;0;Russian Federation;Eastern Europe;"Editorial Board of the Journal Economic Policy";"2013-2025";"Economics and Econometrics (Q3); Finance (Q3); Sociology and Political Science (Q3)";"Economics, Econometrics and Finance; Social Sciences"
796;21100887717;"Journal of Contemporary Central and Eastern Europe";journal;"25739638, 25739646";"Taylor and Francis Ltd.";No;No;0,260;Q3;18;47;106;2164;79;95;0,75;46,04;33,82;0;United Kingdom;Western Europe;"Taylor and Francis Ltd.";"2015-2026";"Cultural Studies (Q1); History (Q1); Economics, Econometrics and Finance (miscellaneous) (Q3); Sociology and Political Science (Q3)";"Arts and Humanities; Economics, Econometrics and Finance; Social Sciences"
797;21100862232;"Intersections East European Journal of Society and Politics";journal;"2416089X";"Centre for Social Sciences Hungarian Academy of Sciences";Yes;No;0,259;Q3;19;29;128;1244;100;128;0,64;42,90;42,86;0;Hungary;Eastern Europe;"Centre for Social Sciences Hungarian Academy of Sciences";"2015-2025";"Law (Q2); Sociology and Political Science (Q3)";"Social Sciences"
798;21101170212;"Sociology Lens";journal;"28325796, 2832580X";"John Wiley and Sons Inc";No;No;0,259;Q3;34;32;114;2101;95;104;0,54;65,66;46,00;0;United States;Northern America;"John Wiley and Sons Inc";"2023-2026";"History (Q1); Sociology and Political Science (Q3)";"Arts and Humanities; Social Sciences"
799;21100899640;"Educational Research for Social Change";journal;"22214070";"Nelson Mandela University,Faculty of Education";Yes;No;0,258;Q3;12;12;53;554;48;44;0,81;46,17;60,00;0;South Africa;Africa;"Nelson Mandela University,Faculty of Education";"2018-2025";"Education (Q3); Sociology and Political Science (Q3)";"Social Sciences"
800;21100828754;"Journal of Comparative Social Work";journal;"08099936";"University of Stavanger, Department of Social Studies";Yes;Yes;0,258;Q3;8;19;40;847;20;31;0,52;44,58;66,67;0;Norway;Western Europe;"University of Stavanger, Department of Social Studies";"2017-2025";"Social Sciences (miscellaneous) (Q3); Sociology and Political Science (Q3)";"Social Sciences"
801;21100274247;"International Journal of Sustainability Policy and Practice";journal;"23251166, 23251182";"Common Ground Research Networks";No;No;0,257;Q3;7;19;25;1177;36;25;1,78;61,95;48,72;0;United States;Northern America;"Common Ground Research Networks";"2013-2025";"Geography, Planning and Development (Q3); Management, Monitoring, Policy and Law (Q3); Sociology and Political Science (Q3); Renewable Energy, Sustainability and the Environment (Q4)";"Energy; Environmental Science; Social Sciences"
802;15675;"Journal of Social History";journal;"15271897, 00224529";"Oxford University Press";No;No;0,257;Q3;46;28;83;3223;69;82;0,94;115,11;69,70;0;United States;Northern America;"Oxford University Press";"1967-2025";"History (Q1); Sociology and Political Science (Q3)";"Arts and Humanities; Social Sciences"
803;17086;"South Asia: Journal of South Asia Studies";journal;"14790270, 00856401";"Routledge";No;No;0,257;Q3;32;85;208;3710;108;202;0,43;43,65;49,38;0;United Kingdom;Western Europe;"Routledge";"1971-1976, 1978-2026";"Cultural Studies (Q1); History (Q1); Development (Q3); Sociology and Political Science (Q3)";"Arts and Humanities; Social Sciences"
804;19700171309;"Studies in Social Justice";journal;"19114788";"Social Justice Research Institute";Yes;Yes;0,257;Q3;26;38;136;1833;144;131;0,47;48,24;71,23;0;Canada;Northern America;"Social Justice Research Institute";"2009-2025";"Gender Studies (Q2); Law (Q2); Sociology and Political Science (Q3)";"Social Sciences"
805;19700175179;"Estudios Constitucionales";journal;"07185200, 07180195";"Universidad de Talca";Yes;Yes;0,256;Q3;18;0;104;0;54;96;0,46;0,00;0,00;0;Chile;Latin America;"Universidad de Talca";"2009-2024";"Law (Q2); Sociology and Political Science (Q3)";"Social Sciences"
806;15860;"Journal of Contemporary History";journal;"00220094, 14617250";"SAGE Publications Ltd";No;No;0,256;Q3;47;64;119;3807;99;113;0,77;59,48;53,42;0;United Kingdom;Western Europe;"SAGE Publications Ltd";"1966-1990, 1993-2026";"Cultural Studies (Q1); History (Q1); Sociology and Political Science (Q3)";"Arts and Humanities; Social Sciences"
807;21100781903;"Mir Rossii";journal;"18110398, 1811038X";"National Research University Higher School of Economics (HSE University)";Yes;No;0,255;Q3;13;33;99;1437;57;99;0,57;43,55;47,17;0;Russian Federation;Eastern Europe;"National Research University Higher School of Economics (HSE University)";"2016-2025";"Demography (Q3); Development (Q3); Economics and Econometrics (Q3); Sociology and Political Science (Q3)";"Economics, Econometrics and Finance; Social Sciences"
808;21674;"University of New South Wales Law Journal";journal;"18392881, 03130096";"University of New South Wales Law Journal";No;No;0,253;Q3;16;45;143;1166;143;126;1,04;25,91;56,34;0;Australia;Pacific Region;"University of New South Wales Law Journal";"1983, 1991, 1994, 2001-2003, 2018-2025";"Law (Q2); Philosophy (Q2); Sociology and Political Science (Q3)";"Arts and Humanities; Social Sciences"
809;24180;"History of European Ideas";journal;"01916599, 1873541X";"Routledge";No;No;0,252;Q3;23;195;298;8130;127;268;0,38;41,69;38,96;3;United Kingdom;Western Europe;"Routledge";"1980-2026";"History (Q1); Philosophy (Q2); Sociology and Political Science (Q3)";"Arts and Humanities; Social Sciences"
810;21101037319;"Journal of Social Inclusion";journal;"18368808";"Griffith University";Yes;Yes;0,252;Q3;17;0;22;0;17;16;0,50;0,00;0,00;0;Australia;Pacific Region;"Griffith University";"2010-2023";"Health Professions (miscellaneous) (Q2); Health (social science) (Q3); Sociology and Political Science (Q3)";"Health Professions; Social Sciences"
811;21100824449;"Norteamerica";journal;"18703550, 24487228";"Universidad Nacional Autonoma de Mexico";Yes;Yes;0,252;Q3;8;32;78;1245;33;78;0,31;38,91;19,35;0;Mexico;Latin America;"Universidad Nacional Autonoma de Mexico";"2010-2011, 2016-2026";"Cultural Studies (Q1); Law (Q2); Demography (Q3); Economics, Econometrics and Finance (miscellaneous) (Q3); Political Science and International Relations (Q3); Sociology and Political Science (Q3)";"Economics, Econometrics and Finance; Social Sciences"
812;21101021456;"Revista de Pensamiento Estrategico y Seguridad CISDE";journal;"25298763";"United Academic Journals (UA Journals)";No;No;0,252;Q3;6;12;36;692;23;34;0,54;57,67;6,67;0;Spain;Western Europe;"United Academic Journals (UA Journals)";"2019-2025";"History (Q1); Law (Q2); Political Science and International Relations (Q3); Safety Research (Q3); Sociology and Political Science (Q3)";"Arts and Humanities; Social Sciences"
813;18929;"African Studies";journal;"00020184, 14692872";"Taylor and Francis Ltd.";No;No;0,251;Q3;36;17;60;719;58;58;0,79;42,29;42,11;0;United Kingdom;Western Europe;"Taylor and Francis Ltd.";"1942-2026";"Cultural Studies (Q1); History (Q1); Anthropology (Q2); Political Science and International Relations (Q3); Sociology and Political Science (Q3)";"Arts and Humanities; Social Sciences"
814;5700153725;"Representations";journal;"07346018, 1533855X";"University of California Press";No;No;0,250;Q3;46;19;86;1301;72;84;0,53;68,47;31,25;0;United States;Northern America;"University of California Press";"1983-2026";"Arts and Humanities (miscellaneous) (Q2); Cultural Studies (Q2); Gender Studies (Q3); Sociology and Political Science (Q3)";"Arts and Humanities; Social Sciences"
815;25057;"Mathematical Social Sciences";journal;"01654896";"Elsevier B.V.";No;No;0,249;Q3;46;63;173;1782;120;173;0,71;28,29;20,00;0;Netherlands;Western Europe;"Elsevier B.V.";"1980-2026";"Psychology (miscellaneous) (Q3); Social Sciences (miscellaneous) (Q3); Sociology and Political Science (Q3); Statistics, Probability and Uncertainty (Q4)";"Decision Sciences; Psychology; Social Sciences"
816;21100843483;"Politiche Sociali";journal;"22842098, 25316389";"Societa Editrice Il Mulino";No;No;0,248;Q3;12;29;101;1071;49;94;0,55;36,93;45,28;0;Italy;Western Europe;"Societa Editrice Il Mulino";"2014-2025";"Sociology and Political Science (Q3)";"Social Sciences"
817;21100898972;"Somatechnics";journal;"20440146, 20440138";"Edinburgh University Press";No;No;0,247;Q3;18;22;43;821;31;37;0,84;37,32;73,33;0;United Kingdom;Western Europe;"Edinburgh University Press";"2011-2025";"Arts and Humanities (miscellaneous) (Q2); Law (Q2); Anatomy (Q3); Human Factors and Ergonomics (Q3); Sociology and Political Science (Q3); Human-Computer Interaction (Q4)";"Arts and Humanities; Computer Science; Medicine; Social Sciences"
818;12365;"Canadian Journal of Law and Society";journal;"08293201, 19110227";"Cambridge University Press";Yes;No;0,246;Q3;29;21;70;1666;51;70;0,47;79,33;64,15;0;United Kingdom;Western Europe;"Cambridge University Press";"1986-2026";"Law (Q2); Sociology and Political Science (Q3)";"Social Sciences"
819;21100843484;"Journal of Global South Studies";journal;"24761397, 24761419";"University of Florida Press";No;No;0,246;Q3;17;15;44;888;17;32;0,21;59,20;13,33;0;United States;Northern America;"University of Florida Press";"2015-2025";"History (Q1); Development (Q3); Political Science and International Relations (Q3); Sociology and Political Science (Q3)";"Arts and Humanities; Social Sciences"
820;21100844910;"Learning and Teaching";journal;"17552281, 17552273";"Berghahn Journals";Yes;Yes;0,246;Q3;12;15;53;699;54;48;0,84;46,60;51,61;0;United Kingdom;Western Europe;"Berghahn Journals";"2017-2025";"Education (Q3); Sociology and Political Science (Q3); Developmental and Educational Psychology (Q4)";"Psychology; Social Sciences"
821;21100201069;"Philippine Studies: Historical and Ethnographic Viewpoints";journal;"22441093, 22441638";"Ateneo de Manila University";No;No;0,246;Q3;13;20;66;1201;30;49;0,40;60,05;15,38;0;Philippines;Asiatic Region;"Ateneo de Manila University";"2012-2025";"History (Q1); Arts and Humanities (miscellaneous) (Q2); Cultural Studies (Q2); Sociology and Political Science (Q3)";"Arts and Humanities; Social Sciences"
822;5700167230;"Psychoanalysis, Culture and Society";journal;"10880763, 15433390";"Palgrave Macmillan Ltd.";No;No;0,244;Q3;15;81;121;2703;71;117;0,60;33,37;41,00;0;United Kingdom;Western Europe;"Palgrave Macmillan Ltd.";"2004-2005, 2013-2025";"Cultural Studies (Q2); Health (social science) (Q3); Sociology and Political Science (Q3); Applied Psychology (Q4); Social Psychology (Q4)";"Psychology; Social Sciences"
823;21100364911;"Creativity Studies";journal;"23450487, 23450479";"Vilnius Gediminas Technical University";Yes;No;0,243;Q3;19;42;132;2183;156;132;0,90;51,98;55,56;0;Lithuania;Eastern Europe;"Vilnius Gediminas Technical University";"2014-2026";"Cultural Studies (Q2); Political Science and International Relations (Q3); Sociology and Political Science (Q3)";"Social Sciences"
824;21486;"European Human Rights Law Review";journal;"13611526";"Sweet and Maxwell-Thomson Reuters";No;No;0,243;Q3;6;55;160;3051;57;105;0,41;55,47;51,28;0;United Kingdom;Western Europe;"Sweet and Maxwell-Thomson Reuters";"1998, 2001, 2003, 2019-2026";"Law (Q2); Political Science and International Relations (Q3); Sociology and Political Science (Q3)";"Social Sciences"
825;21100855500;"Journal of Population and Social Studies";journal;"24654418";"Mahidol University, Institute for Population and Social Research";No;No;0,243;Q3;15;41;152;2134;139;152;0,94;52,05;40,35;0;Thailand;Asiatic Region;"Mahidol University, Institute for Population and Social Research";"2017-2027";"Anthropology (Q2); Demography (Q3); Geography, Planning and Development (Q3); Health (social science) (Q3); Social Sciences (miscellaneous) (Q3); Sociology and Political Science (Q3)";"Social Sciences"
826;21100891828;"Journal of Somali Studies";journal;"20565682, 20565674";"Adonis and Abbey Publishers Ltd";No;No;0,243;Q3;7;14;59;665;36;57;0,78;47,50;16,67;0;United Kingdom;Western Europe;"Adonis and Abbey Publishers Ltd";"2014-2025";"History (Q1); Cultural Studies (Q2); Linguistics and Language (Q2); Sociology and Political Science (Q3)";"Arts and Humanities; Social Sciences"
827;19980;"Economic and Social Review";journal;"00129984";"Economic and Social Studies";No;No;0,242;Q3;34;25;41;984;34;39;0,84;39,36;28,26;0;Ireland;Western Europe;"Economic and Social Studies";"1979-2025";"Economics and Econometrics (Q3); Sociology and Political Science (Q3)";"Economics, Econometrics and Finance; Social Sciences"
828;21100900514;"Obrazovanie i Nauka";journal;"19945639, 23105828";"Russian State Vocational Pedagogical University";Yes;No;0,242;Q3;17;69;210;3147;224;210;1,16;45,61;69,48;0;Russian Federation;Eastern Europe;"Russian State Vocational Pedagogical University";"2018-2026";"Cultural Studies (Q2); Philosophy (Q2); Education (Q3); Physical Therapy, Sports Therapy and Rehabilitation (Q3); Sociology and Political Science (Q3); Developmental and Educational Psychology (Q4)";"Arts and Humanities; Health Professions; Psychology; Social Sciences"
829;21101086602;"Communication and Democracy";journal;"27671127, 27671135";"Taylor and Francis Ltd.";No;No;0,241;Q3;9;31;44;1495;36;36;0,91;48,23;65,00;0;United Kingdom;Western Europe;"Taylor and Francis Ltd.";"2022-2026";"Law (Q2); Communication (Q3); Sociology and Political Science (Q3)";"Social Sciences"
830;21101114186;"Comparative Southeast European Studies";journal;"27018199, 27018202";"Walter de Gruyter GmbH";Yes;Yes;0,241;Q3;11;22;79;860;90;78;1,10;39,09;34,48;1;Germany;Western Europe;"Walter de Gruyter GmbH";"2010, 2021-2025";"History (Q1); Anthropology (Q2); Cultural Studies (Q2); Law (Q2); Economics, Econometrics and Finance (miscellaneous) (Q3); Gender Studies (Q3); Political Science and International Relations (Q3); Sociology and Political Science (Q3)";"Arts and Humanities; Economics, Econometrics and Finance; Social Sciences"
831;5600155015;"German Politics and Society";journal;"15585441, 10450300";"Berghahn Journals";No;No;0,241;Q3;15;18;71;1202;35;70;0,43;66,78;25,93;0;United Kingdom;Western Europe;"Berghahn Journals";"2015-2025";"History (Q1); Cultural Studies (Q2); Sociology and Political Science (Q3)";"Arts and Humanities; Social Sciences"
832;21100857117;"Politics in Central Europe";journal;"18013422";"";Yes;Yes;0,241;Q3;15;13;90;906;66;89;0,50;69,69;40,00;0;Poland;Eastern Europe;"";"2010, 2016-2025";"Political Science and International Relations (Q3); Sociology and Political Science (Q3)";"Social Sciences"
833;5600152919;"Revista Internacional de Sociologia";journal;"1988429X, 00349712";"CSIC Consejo Superior de Investigaciones Cientificas";Yes;Yes;0,241;Q3;25;7;65;423;50;65;0,56;60,43;40,00;0;Spain;Western Europe;"CSIC Consejo Superior de Investigaciones Cientificas";"1976-1981, 1983, 1985-1988, 1992-1993, 1995, 1997, 1999, 2008-2025";"Sociology and Political Science (Q3)";"Social Sciences"
834;21100890927;"Russian Politics";journal;"24518913, 24518921";"Brill Academic Publishers";No;No;0,241;Q3;14;22;70;1797;61;70;0,98;81,68;33,33;0;Netherlands;Western Europe;"Brill Academic Publishers";"2016-2025";"History (Q1); Cultural Studies (Q2); Political Science and International Relations (Q3); Sociology and Political Science (Q3)";"Arts and Humanities; Social Sciences"
835;5600155275;"Historia y Comunicacion Social";journal;"19883056, 11370734";"Universidad Complutense Madrid";Yes;Yes;0,240;Q3;17;49;143;1957;63;138;0,42;39,94;57,75;0;Spain;Western Europe;"Universidad Complutense Madrid";"2010-2025";"History (Q1); Communication (Q3); Sociology and Political Science (Q3)";"Arts and Humanities; Social Sciences"
836;5600156553;"Journal of Pacific History";journal;"00223344";"Taylor and Francis Ltd.";No;No;0,240;Q3;25;39;76;1412;46;73;0,76;36,21;50,00;0;United Kingdom;Western Europe;"Taylor and Francis Ltd.";"1966-2026";"History (Q1); Cultural Studies (Q2); Sociology and Political Science (Q3)";"Arts and Humanities; Social Sciences"
837;5800169849;"Colombia Internacional";journal;"19006004, 01215612";"Universidad de los Andes, Colombia";Yes;Yes;0,239;Q3;18;20;85;1414;68;85;0,60;70,70;52,94;0;Colombia;Latin America;"Universidad de los Andes, Colombia";"2011-2026";"History (Q1); Political Science and International Relations (Q3); Sociology and Political Science (Q3)";"Arts and Humanities; Social Sciences"
838;21101288669;"Diponegoro Law Review";journal;"25274031";"Diponegoro University";Yes;No;0,239;Q3;3;9;39;371;32;39;0,82;41,22;28,57;0;Indonesia;Asiatic Region;"Diponegoro University";"2023-2025";"Law (Q3); Political Science and International Relations (Q3); Public Administration (Q3); Sociology and Political Science (Q3)";"Social Sciences"
839;21101281531;"Journal of Central Banking Law and Institutions";journal;"28277775, 28099885";"Bank Indonesia Institute";Yes;No;0,239;Q3;6;21;63;1204;79;63;1,10;57,33;55,56;0;Indonesia;Asiatic Region;"Bank Indonesia Institute";"2022-2026";"Finance (Q3); Law (Q3); Public Administration (Q3); Sociology and Political Science (Q3)";"Economics, Econometrics and Finance; Social Sciences"
840;5600152877;"Rethinking Marxism";journal;"14758059, 08935696";"Routledge";Yes;No;0,239;Q3;36;34;117;800;75;95;0,47;23,53;31,25;0;United Kingdom;Western Europe;"Routledge";"1988-1996, 1998-2025";"Sociology and Political Science (Q3)";"Social Sciences"
841;19700190300;"WSEAS Transactions on Power Systems";journal;"17905060, 2224350X";"World Scientific and Engineering Academy and Society";Yes;No;0,239;Q3;18;35;135;967;143;135;1,13;27,63;25,93;0;Greece;Western Europe;"World Scientific and Engineering Academy and Society";"2010-2014, 2018-2025";"Anthropology (Q2); Cultural Studies (Q2); Electrical and Electronic Engineering (Q3); Energy (miscellaneous) (Q3); Industrial and Manufacturing Engineering (Q3); Sociology and Political Science (Q3); Urban Studies (Q3)";"Energy; Engineering; Social Sciences"
842;145109;"Australian and New Zealand Journal of Family Therapy";journal;"14678438, 0814723X";"John Wiley and Sons Inc";No;No;0,238;Q3;30;42;120;1772;96;106;0,87;42,19;60,24;1;United Kingdom;Western Europe;"John Wiley and Sons Inc";"1979-1995, 2001-2003, 2005-2026";"Psychology (miscellaneous) (Q3); Sociology and Political Science (Q3)";"Psychology; Social Sciences"
843;21100889430;"China Quarterly of International Strategic Studies";journal;"23777400, 23777419";"World Scientific Publishing Co. Pte Ltd";Yes;Yes;0,238;Q3;18;20;59;1160;38;59;0,50;58,00;44,00;0;Singapore;Asiatic Region;"World Scientific Publishing Co. Pte Ltd";"2015-2025";"Political Science and International Relations (Q3); Sociology and Political Science (Q3)";"Social Sciences"
844;26143;"Middle Eastern Studies";journal;"17437881, 00263206";"Routledge";No;No;0,238;Q3;49;68;179;2937;92;177;0,46;43,19;32,00;1;United Kingdom;Western Europe;"Routledge";"1964-2026";"History (Q1); Cultural Studies (Q2); Geography, Planning and Development (Q3); Sociology and Political Science (Q3)";"Arts and Humanities; Social Sciences"
845;21101358084;"NBP. Nauka, bezbednost, policija";journal;"03548872, 26200406";"University of Criminalistics and Police";Yes;No;0,238;Q3;4;20;49;748;24;47;0,64;37,40;29,55;0;Serbia;Eastern Europe;"University of Criminalistics and Police";"2021-2026";"Law (Q3); Safety Research (Q3); Sociology and Political Science (Q3)";"Social Sciences"
846;33587;"Nomadic Peoples";journal;"17522366, 08227942";"White Horse Press";Yes;Yes;0,237;Q3;27;14;50;572;39;42;0,84;40,86;39,29;0;United Kingdom;Western Europe;"White Horse Press";"1982-1983, 1985, 1990-1994, 2001, 2004-2025";"Anthropology (Q2); Demography (Q3); Sociology and Political Science (Q3)";"Social Sciences"
847;18032;"Sociologia (Slovakia)";journal;"00491225, 13368613";"Sociologicky Ustav SAV / Institute for Sociology of the Slovak Academy of Sciences";No;No;0,237;Q3;17;21;65;1232;51;64;0,80;58,67;54,76;0;Slovakia;Eastern Europe;"Sociologicky Ustav SAV / Institute for Sociology of the Slovak Academy of Sciences";"1998, 2002-2025";"Sociology and Political Science (Q3)";"Social Sciences"
848;18067;"Sociological Bulletin";journal;"00380229, 24570257";"SAGE Publications Ltd";No;No;0,237;Q3;11;32;92;1163;78;89;0,65;36,34;56,67;0;United Kingdom;Western Europe;"SAGE Publications Ltd";"1963, 1974, 1986, 1994-1996, 2014-2026";"History (Q1); Cultural Studies (Q2); Social Sciences (miscellaneous) (Q3); Sociology and Political Science (Q3)";"Arts and Humanities; Social Sciences"
849;21101079126;"Tecnoscienza";journal;"20383460";"STS Italia";Yes;Yes;0,237;Q3;7;12;42;667;51;38;0,90;55,58;56,67;0;Italy;Western Europe;"STS Italia";"2019-2025";"Communication (Q3); Human Factors and Ergonomics (Q3); Social Sciences (miscellaneous) (Q3); Sociology and Political Science (Q3)";"Social Sciences"
850;7700153101;"International Organizations Law Review";journal;"15723739, 15723747";"Martinus Nijhoff Publishers";No;No;0,236;Q3;27;12;61;1315;44;57;0,53;109,58;28,57;0;Netherlands;Western Europe;"Martinus Nijhoff Publishers";"2004-2025";"Law (Q3); Political Science and International Relations (Q3); Sociology and Political Science (Q3); Economics and Econometrics (Q4)";"Economics, Econometrics and Finance; Social Sciences"
851;21100834985;"Journal of Nationalism Memory and Language Politics";journal;"25705857";"Sciendo";Yes;No;0,236;Q3;11;8;34;434;32;33;0,36;54,25;22,22;0;Poland;Eastern Europe;"Sciendo";"2017-2025";"History (Q1); Cultural Studies (Q2); Linguistics and Language (Q2); Sociology and Political Science (Q3)";"Arts and Humanities; Social Sciences"
852;21100836108;"Knowledge Cultures";journal;"23756527, 23275731";"Addleton Academic Publishers";No;No;0,236;Q3;19;11;87;493;64;86;0,59;44,82;56,25;0;United States;Northern America;"Addleton Academic Publishers";"2013-2025";"History (Q1); Literature and Literary Theory (Q1); Cultural Studies (Q2); Philosophy (Q2); Education (Q3); Law (Q3); Library and Information Sciences (Q3); Sociology and Political Science (Q3)";"Arts and Humanities; Social Sciences"
853;27456;"Peace Review";journal;"14699982, 10402659";"Taylor and Francis Ltd.";Yes;No;0,236;Q3;24;52;203;1782;148;177;0,65;34,27;50,85;0;United Kingdom;Western Europe;"Taylor and Francis Ltd.";"1989-1996, 2005-2026";"Arts and Humanities (miscellaneous) (Q2); Safety Research (Q3); Safety, Risk, Reliability and Quality (Q3); Social Sciences (miscellaneous) (Q3); Sociology and Political Science (Q3); Transportation (Q4)";"Arts and Humanities; Engineering; Social Sciences"
854;36020;"Society and Animals";journal;"15685306, 10631119";"Brill Academic Publishers";No;No;0,236;Q3;59;39;121;1420;109;115;0,65;36,41;67,14;0;Netherlands;Western Europe;"Brill Academic Publishers";"1993-2026";"Philosophy (Q2); Sociology and Political Science (Q3); Veterinary (miscellaneous) (Q3)";"Arts and Humanities; Social Sciences; Veterinary"
855;21100927978;"Vestnik Volgogradskogo Gosudarstvennogo Universiteta, Seriia 4: Istoriia, Regionovedenie, Mezhdunarodnye Otnosheniia";journal;"19989938, 23128704";"Volgograd State University";Yes;Yes;0,236;Q3;6;122;377;4320;64;376;0,18;35,41;38,60;0;Russian Federation;Eastern Europe;"Volgograd State University";"2019-2025";"History (Q1); Cultural Studies (Q2); Political Science and International Relations (Q3); Sociology and Political Science (Q3)";"Arts and Humanities; Social Sciences"
856;21100828130;"Cosmopolitan Civil Societies";journal;"18375391";"UTS ePRESS";Yes;Yes;0,235;Q3;12;24;62;1022;59;60;1,02;42,58;50,00;1;Australia;Pacific Region;"UTS ePRESS";"2017-2025";"Anthropology (Q2); Cultural Studies (Q2); Demography (Q3); Law (Q3); Sociology and Political Science (Q3)";"Social Sciences"
857;21101124070;"Nordic Journal of Social Research";journal;"18922783";"Scandinavian University Press";Yes;Yes;0,234;Q3;7;4;27;172;46;27;0,93;43,00;71,43;0;Norway;Western Europe;"Scandinavian University Press";"2019-2025";"Anthropology (Q2); Health (social science) (Q3); Social Sciences (miscellaneous) (Q3); Sociology and Political Science (Q3)";"Social Sciences"
858;5600153133;"Sociedade e Estado";journal;"19805462, 01026992";"Universidade de Brasilia";Yes;Yes;0,231;Q3;23;35;117;1586;48;107;0,28;45,31;58,82;0;Brazil;Latin America;"Universidade de Brasilia";"2007-2025";"Geography, Planning and Development (Q3); Sociology and Political Science (Q3)";"Social Sciences"
859;21101017895;"Jurnal Ilmu Sosial dan Ilmu Politik";journal;"14104946, 25027883";"Universitas Gadjah Mada - Faculty of Social and Political Sciences";Yes;No;0,230;Q3;10;21;65;1378;79;65;0,98;65,62;36,36;0;Indonesia;Asiatic Region;"Universitas Gadjah Mada - Faculty of Social and Political Sciences";"2019-2025";"Sociology and Political Science (Q3)";"Social Sciences"
860;5700164225;"Diplomacy and Statecraft";journal;"1557301X, 09592296";"Routledge";No;No;0,229;Q3;21;40;95;2483;49;93;0,50;62,08;20,00;0;United Kingdom;Western Europe;"Routledge";"1990-1996, 1998, 2001-2003, 2010-2025";"History (Q1); Political Science and International Relations (Q3); Sociology and Political Science (Q3)";"Arts and Humanities; Social Sciences"
861;21101076306;"International Journal of Taiwan Studies";journal;"24688800, 24688797";"Brill Academic Publishers";No;No;0,229;Q3;9;27;52;1472;32;48;0,45;54,52;46,34;0;Netherlands;Western Europe;"Brill Academic Publishers";"2018-2026";"History (Q1); Visual Arts and Performing Arts (Q1); Anthropology (Q2); Cultural Studies (Q2); Political Science and International Relations (Q3); Sociology and Political Science (Q3)";"Arts and Humanities; Social Sciences"
862;21101030201;"Leviathan (Germany)";journal;"18618588, 03400425";"Nomos Verlagsgesellschaft mbH und Co KG";Yes;Yes;0,229;Q3;9;14;87;626;36;81;0,30;44,71;32,35;0;Germany;Western Europe;"Nomos Verlagsgesellschaft mbH und Co KG";"2019-2025";"Linguistics and Language (Q2); Political Science and International Relations (Q3); Sociology and Political Science (Q3)";"Social Sciences"
863;19700170230;"Sibirica";journal;"13617362, 14766787";"Berghahn Journals";Yes;Yes;0,228;Q3;10;7;46;197;28;45;0,54;28,14;66,67;0;United Kingdom;Western Europe;"Berghahn Journals";"2014-2025";"History (Q1); Anthropology (Q2); Cultural Studies (Q2); Sociology and Political Science (Q3)";"Arts and Humanities; Social Sciences"
864;25988;"Social Research";journal;"0037783X";"Johns Hopkins University Press";No;No;0,228;Q3;63;52;168;1676;121;147;0,47;32,23;41,30;0;United States;Northern America;"Johns Hopkins University Press";"1946-1947, 1972-1974, 1976, 1979-1980, 1982-1986, 1988, 1995-2025";"History (Q1); Cultural Studies (Q2); Philosophy (Q2); Political Science and International Relations (Q3); Social Sciences (miscellaneous) (Q3); Sociology and Political Science (Q3)";"Arts and Humanities; Social Sciences"
865;21100942847;"European Journal of Pragmatism and American Philosophy";journal;"20364091";"Associazione Culturale Pragma";Yes;Yes;0,227;Q3;8;43;122;1255;43;112;0,26;29,19;39,13;0;Italy;Western Europe;"Associazione Culturale Pragma";"2018-2025";"Philosophy (Q2); Sociology and Political Science (Q3); Applied Psychology (Q4)";"Arts and Humanities; Psychology; Social Sciences"
866;21100851350;"IZA Journal of Development and Migration";journal;"25201786";"Laborwide";Yes;No;0,227;Q3;33;0;26;0;20;26;0,71;0,00;0,00;0;Germany;Western Europe;"Laborwide";"2018-2024";"Anthropology (Q2); Demography (Q3); Development (Q3); Economics, Econometrics and Finance (miscellaneous) (Q3); Geography, Planning and Development (Q3); Sociology and Political Science (Q3); Organizational Behavior and Human Resource Management (Q4)";"Business, Management and Accounting; Economics, Econometrics and Finance; Social Sciences"
867;21101060308;"Vestnik MGIMO-Universiteta";journal;"25419099, 20718160";"MGIMO University";Yes;Yes;0,227;Q3;7;40;162;1256;65;160;0,42;31,40;24,14;0;Russian Federation;Eastern Europe;"MGIMO University";"2019-2025";"History (Q1); Business, Management and Accounting (miscellaneous) (Q3); Political Science and International Relations (Q3); Sociology and Political Science (Q3)";"Arts and Humanities; Business, Management and Accounting; Social Sciences"
868;21101055967;"Journal of Language and Discrimination";journal;"23972645, 23972637";"Equinox Publishing Ltd";No;No;0,226;Q3;8;6;39;319;39;36;0,72;53,17;88,89;0;United Kingdom;Western Europe;"Equinox Publishing Ltd";"2019-2025";"Linguistics and Language (Q2); Social Sciences (miscellaneous) (Q3); Sociology and Political Science (Q3)";"Social Sciences"
869;20600195513;"Etnografia e Ricerca Qualitativa";journal;"19733194, 26122421";"Societa Editrice Il Mulino";No;No;0,225;Q3;13;28;76;1427;54;74;0,71;50,96;56,76;0;Italy;Western Europe;"Societa Editrice Il Mulino";"2012-2025";"Anthropology (Q2); Cultural Studies (Q2); Sociology and Political Science (Q3)";"Social Sciences"
870;21853;"Modern and Contemporary France";journal;"14699869, 09639489";"Taylor and Francis Ltd.";No;No;0,225;Q3;18;39;92;1720;57;83;0,44;44,10;58,82;0;United Kingdom;Western Europe;"Taylor and Francis Ltd.";"1993-1995, 1997, 1999, 2001, 2009-2026";"History (Q1); Cultural Studies (Q2); Sociology and Political Science (Q3)";"Arts and Humanities; Social Sciences"
871;19900191542;"Rivista Italiana di Politiche Pubbliche";journal;"2612100X, 17221137";"Societa Editrice Il Mulino";No;No;0,225;Q3;13;16;51;931;45;51;0,71;58,19;43,33;0;Italy;Western Europe;"Societa Editrice Il Mulino";"2015-2025";"Public Administration (Q3); Sociology and Political Science (Q3)";"Social Sciences"
872;21081;"Contributions to Political Economy";journal;"14643588, 02775921";"Oxford University Press";No;No;0,224;Q3;22;3;33;176;27;32;1,09;58,67;0,00;0;United Kingdom;Western Europe;"Oxford University Press";"1982-2003, 2005-2025";"Sociology and Political Science (Q3); Economics and Econometrics (Q4)";"Economics, Econometrics and Finance; Social Sciences"
873;5700160350;"Israel Studies";journal;"10849513, 1527201X";"Indiana University Press";No;No;0,224;Q3;11;8;95;830;62;89;0,62;103,75;20,00;0;United States;Northern America;"Indiana University Press";"2001, 2017-2025";"History (Q1); Anthropology (Q2); Cultural Studies (Q2); Political Science and International Relations (Q3); Sociology and Political Science (Q3)";"Arts and Humanities; Social Sciences"
874;5600155625;"Politikon";journal;"02589346, 14701014";"Taylor and Francis Ltd.";No;No;0,224;Q3;31;18;64;1113;65;60;1,39;61,83;47,06;0;United Kingdom;Western Europe;"Taylor and Francis Ltd.";"1974-2026";"Political Science and International Relations (Q3); Sociology and Political Science (Q3)";"Social Sciences"
875;5700165092;"Global Change, Peace and Security";journal;"14781166, 14781158";"Routledge";No;No;0,223;Q3;27;15;35;775;32;32;1,04;51,67;15,38;0;United Kingdom;Western Europe;"Routledge";"2008-2023, 2025-2026";"Political Science and International Relations (Q3); Sociology and Political Science (Q3)";"Social Sciences"
876;11600153566;"Revista Espanola de Ciencia Politica";journal;"21739870, 15756548";"Asociacion Espanola de Ciencia Politica y de la Administracion";Yes;Yes;0,223;Q3;14;22;81;1182;47;81;0,40;53,73;35,00;0;Spain;Western Europe;"Asociacion Espanola de Ciencia Politica y de la Administracion";"2012-2025";"Political Science and International Relations (Q3); Sociology and Political Science (Q3)";"Social Sciences"
877;55037;"Asian Affairs (United Kingdom)";journal;"00927678, 19401590";"Taylor and Francis Ltd.";No;No;0,222;Q3;16;9;34;503;39;33;1,00;55,89;30,77;0;United Kingdom;Western Europe;"Taylor and Francis Ltd.";"1973-2005, 2010-2026";"Economics, Econometrics and Finance (miscellaneous) (Q3); Geography, Planning and Development (Q3); Law (Q3); Political Science and International Relations (Q3); Sociology and Political Science (Q3); Economics and Econometrics (Q4)";"Economics, Econometrics and Finance; Social Sciences"
878;9500154011;"Journal of African American Studies";journal;"19364741, 15591646";"Springer";No;No;0,221;Q3;29;27;84;1030;72;77;0,53;38,15;42,86;0;United States;Northern America;"Springer";"1996, 2003-2005, 2007-2026";"Cultural Studies (Q2); Gender Studies (Q3); Sociology and Political Science (Q3)";"Social Sciences"
879;19300157038;"Journal of Australian Political Economy";journal;"01565826";"Australian Political Economy Movement";No;No;0,221;Q3;20;31;56;1168;40;37;0,69;37,68;47,83;0;Australia;Pacific Region;"Australian Political Economy Movement";"2008-2025";"Sociology and Political Science (Q3); Economics and Econometrics (Q4)";"Economics, Econometrics and Finance; Social Sciences"
880;21100838844;"Eastern Journal of European Studies";journal;"20686633, 2068651X";"Alexandru Ioan Cuza University of Iasi";Yes;Yes;0,220;Q3;13;34;125;1838;114;121;0,78;54,06;51,43;0;Romania;Eastern Europe;"Alexandru Ioan Cuza University of Iasi";"2017-2025";"History (Q1); Economics, Econometrics and Finance (miscellaneous) (Q3); Political Science and International Relations (Q3); Sociology and Political Science (Q3)";"Arts and Humanities; Economics, Econometrics and Finance; Social Sciences"
881;5700168539;"Political Theology";journal;"17431719, 1462317X";"Taylor and Francis Ltd.";No;No;0,220;Q3;12;94;210;3510;74;143;0,29;37,34;34,52;0;United Kingdom;Western Europe;"Taylor and Francis Ltd.";"2008, 2011, 2013-2026";"Religious Studies (Q1); Sociology and Political Science (Q3)";"Arts and Humanities; Social Sciences"
882;21101146446;"Japanese Political Economy";journal;"23291958, 2329194X";"Routledge";No;No;0,219;Q3;11;25;52;987;43;44;0,93;39,48;20,00;0;United States;Northern America;"Routledge";"1997-2000, 2002-2012, 2014-2026";"Economics, Econometrics and Finance (miscellaneous) (Q3); Sociology and Political Science (Q3)";"Economics, Econometrics and Finance; Social Sciences"
883;34981;"Journal of Social Welfare and Family Law";journal;"09649069, 14699621";"Routledge";No;No;0,219;Q3;35;32;138;1517;94;119;0,57;47,41;61,54;3;United Kingdom;Western Europe;"Routledge";"1979, 1987-1988, 1991-2026";"Law (Q3); Sociology and Political Science (Q3)";"Social Sciences"
884;27025;"Orbis";journal;"00304387";"Elsevier B.V.";No;No;0,219;Q3;33;0;134;0;85;121;0,66;0,00;0,00;0;Netherlands;Western Europe;"Elsevier B.V.";"1986, 1989, 1993-2024";"Safety Research (Q3); Safety, Risk, Reliability and Quality (Q3); Sociology and Political Science (Q3)";"Engineering; Social Sciences"
885;19400157211;"Civil Szemle";journal;"30042119, 17863341";"Civil Szemle Foundation";No;No;0,218;Q3;8;44;198;2047;130;175;0,70;46,52;49,23;1;Hungary;Eastern Europe;"Civil Szemle Foundation";"2008-2011, 2013, 2020-2026";"Political Science and International Relations (Q3); Public Administration (Q3); Sociology and Political Science (Q3)";"Social Sciences"
886;19700169827;"Sociolinguistic Studies";journal;"17508649, 17508657";"University of Toronto Press";No;No;0,218;Q3;22;19;57;828;56;51;0,87;43,58;91,30;0;Canada;Northern America;"University of Toronto Press";"2008-2025";"Linguistics and Language (Q2); Sociology and Political Science (Q3)";"Social Sciences"
887;19285;"Zeitschrift fur Soziologie";journal;"23660325, 03401804";"Walter de Gruyter GmbH";No;No;0,218;Q3;40;27;83;2010;76;77;0,84;74,44;41,46;1;Germany;Western Europe;"Walter de Gruyter GmbH";"1972, 1981, 1983-1984, 1986-1987, 1989-1991, 1994-2026";"Sociology and Political Science (Q3)";"Social Sciences"
888;14377;"Estudios Sociologicos";journal;"01854186, 24486442";"Colegio de Mexico, A.C., Departamento de Publicaciones";Yes;Yes;0,217;Q3;10;32;176;1340;70;176;0,30;41,88;48,15;0;Mexico;Latin America;"Colegio de Mexico, A.C., Departamento de Publicaciones";"1984-1985, 1992, 1994-1996, 1998, 2014-2025";"Political Science and International Relations (Q3); Sociology and Political Science (Q3)";"Social Sciences"
889;17505;"Social Change";journal;"00490857, 09763538";"SAGE Publications Ltd";No;No;0,217;Q3;20;35;96;1265;97;80;0,86;36,14;38,78;0;United Kingdom;Western Europe;"SAGE Publications Ltd";"1971-2026";"Geography, Planning and Development (Q3); Social Sciences (miscellaneous) (Q3); Sociology and Political Science (Q3); Development (Q4)";"Social Sciences"
890;21100203918;"Social Evolution and History";journal;"16814363";"Uchitel Publishing House";No;No;0,217;Q3;15;26;54;902;40;48;1,15;34,69;48,08;0;Russian Federation;Eastern Europe;"Uchitel Publishing House";"2011-2025";"History (Q1); Anthropology (Q2); Sociology and Political Science (Q3)";"Arts and Humanities; Social Sciences"
891;21101093357;"Statistics, Politics and Policy";journal;"21517509, 21946299";"Walter de Gruyter GmbH";No;No;0,217;Q3;13;16;49;751;42;47;0,97;46,94;23,81;1;Germany;Western Europe;"Walter de Gruyter GmbH";"2010-2026";"Economics, Econometrics and Finance (miscellaneous) (Q3); Sociology and Political Science (Q3); Statistics and Probability (Q4)";"Economics, Econometrics and Finance; Mathematics; Social Sciences"
892;19700181417;"Acta Borealia";journal;"1503111X, 08003831";"Routledge";No;No;0,216;Q3;22;4;29;213;33;26;1,10;53,25;75,00;0;United Kingdom;Western Europe;"Routledge";"1984-1994, 1996-2025";"History (Q1); Anthropology (Q2); Cultural Studies (Q2); Sociology and Political Science (Q3)";"Arts and Humanities; Social Sciences"
893;19957;"Economic and Political Weekly";journal;"23498846, 00129976";"Economic and Political Weekly";No;No;0,216;Q3;81;861;2504;13134;629;1524;0,26;15,25;37,24;0;India;Asiatic Region;"Economic and Political Weekly";"1978-1980, 1982-1986, 1993, 1995-1997, 2002, 2007-2026";"Economics, Econometrics and Finance (miscellaneous) (Q3); Political Science and International Relations (Q3); Sociology and Political Science (Q3)";"Economics, Econometrics and Finance; Social Sciences"
894;21100780829;"Ekonomicheskaya Sotsiologiya";journal;"17263247";"National Research University Higher School of Economics (HSE University)";Yes;No;0,216;Q3;9;27;94;1530;37;89;0,41;56,67;59,52;0;Russian Federation;Eastern Europe;"National Research University Higher School of Economics (HSE University)";"2016-2025";"Sociology and Political Science (Q3); Economics and Econometrics (Q4)";"Economics, Econometrics and Finance; Social Sciences"
895;19400156802;"International Journal of Action Research";journal;"18611303, 18619916";"Verlag Barbara Budrich";No;No;0,216;Q3;16;12;61;431;25;46;0,36;35,92;64,71;0;Germany;Western Europe;"Verlag Barbara Budrich";"2009-2025";"Sociology and Political Science (Q3); Organizational Behavior and Human Resource Management (Q4)";"Business, Management and Accounting; Social Sciences"
896;13478;"Journal of Muslim Minority Affairs";journal;"14699591, 13602004";"Routledge";No;No;0,216;Q3;27;0;45;0;40;45;0,27;0,00;0,00;0;United Kingdom;Western Europe;"Routledge";"1996, 2010-2023";"Anthropology (Q2); Cultural Studies (Q2); Political Science and International Relations (Q3); Sociology and Political Science (Q3)";"Social Sciences"
897;21100920038;"Revista de Bioetica y Derecho";journal;"18865887";"Universitat de Barcelona, Observatorio de Bioetica y Derecho";Yes;Yes;0,216;Q3;6;37;117;1381;53;106;0,48;37,32;50,88;0;Spain;Western Europe;"Universitat de Barcelona, Observatorio de Bioetica y Derecho";"2019-2025";"Law (Q3); Sociology and Political Science (Q3)";"Social Sciences"
898;14543;"Smith College Studies in Social Work";journal;"15530426, 00377317";"Routledge";No;No;0,216;Q3;29;0;39;0;57;36;1,28;0,00;0,00;0;United States;Northern America;"Routledge";"1930-2023";"Social Sciences (miscellaneous) (Q3); Sociology and Political Science (Q3); Social Work (Q4)";"Social Sciences"
899;21100904427;"International Journal for Research on Service-Learning and Community Engagement";journal;"23749466";"Tulane University";No;No;0,215;Q3;10;16;42;770;35;42;0,83;48,13;71,70;0;United States;Northern America;"Tulane University";"2017-2025";"Education (Q3); Political Science and International Relations (Q3); Sociology and Political Science (Q3)";"Social Sciences"
900;26853;"Middle East Journal";journal;"19403461, 00263141";"Middle East Institute";No;No;0,215;Q3;51;17;56;1281;31;45;0,32;75,35;36,36;0;United States;Northern America;"Middle East Institute";"1976, 1979-1980, 1983-1986, 1996-2026";"Geography, Planning and Development (Q3); Sociology and Political Science (Q3)";"Social Sciences"
901;14047;"Muslim World";journal;"14781913, 00274909";"John Wiley and Sons Inc";No;No;0,215;Q3;35;27;62;669;44;61;0,46;24,78;32,14;0;United States;Northern America;"John Wiley and Sons Inc";"1911-2026";"History (Q1); Religious Studies (Q1); Political Science and International Relations (Q3); Sociology and Political Science (Q3)";"Arts and Humanities; Social Sciences"
902;21101289897;"Prophetic Law Review";journal;"26862379, 26863464";"Faculty of Law, Universitas Islam Indonesia";Yes;No;0,215;Q3;4;10;36;471;19;36;0,33;47,10;47,06;0;Indonesia;Asiatic Region;"Faculty of Law, Universitas Islam Indonesia";"2021-2025";"Religious Studies (Q1); Law (Q3); Political Science and International Relations (Q3); Sociology and Political Science (Q3)";"Arts and Humanities; Social Sciences"
903;14615;"Social Work and Social Sciences Review";journal;"17466105, 09535225";"Whiting and Birch";No;No;0,215;Q3;15;16;64;473;58;57;0,50;29,56;33,33;0;United Kingdom;Western Europe;"Whiting and Birch";"1997-1998, 2000, 2004-2005, 2007-2008, 2010-2015, 2017-2025";"Sociology and Political Science (Q3); Health (social science) (Q4); Social Work (Q4)";"Social Sciences"
904;21100872361;"American Political Thought";journal;"21611599, 21611580";"University of Chicago Press";No;No;0,214;Q3;8;29;69;930;21;63;0,33;32,07;4,35;0;United States;Northern America;"University of Chicago Press";"2012, 2015-2026";"Political Science and International Relations (Q3); Sociology and Political Science (Q3)";"Social Sciences"
905;21101393931;"Emancipations";journal;"27658414";"Mississippi State University";No;No;0,214;Q3;6;16;78;451;60;52;0,68;28,19;45,45;0;United States;Northern America;"Mississippi State University";"2022-2025";"Social Sciences (miscellaneous) (Q3); Sociology and Political Science (Q3); Economics and Econometrics (Q4)";"Economics, Econometrics and Finance; Social Sciences"
906;21100996940;"Journal of Global Slavery";journal;"2405836X, 24058351";"Brill Academic Publishers";No;No;0,214;Q3;7;9;36;471;30;34;1,09;52,33;41,67;0;Netherlands;Western Europe;"Brill Academic Publishers";"2017, 2019-2025";"History (Q1); Political Science and International Relations (Q3); Sociology and Political Science (Q3)";"Arts and Humanities; Social Sciences"
907;21100896892;"Revista de Administracao Mackenzie";journal;"15186776, 16786971";"Mackenzie Presbyterian University";Yes;Yes;0,214;Q3;20;43;119;2531;145;118;1,12;58,86;40,34;0;Brazil;Latin America;"Mackenzie Presbyterian University";"2008-2025";"Business, Management and Accounting (miscellaneous) (Q3); Sociology and Political Science (Q3)";"Business, Management and Accounting; Social Sciences"
908;21101090838;"Revista Interdisciplinar da Mobilidade Humana";journal;"19808585, 22379843";"Scalabrini Migration Study Centers";Yes;Yes;0,214;Q3;10;51;145;2091;80;130;0,48;41,00;63,53;0;Italy;Western Europe;"Scalabrini Migration Study Centers";"2019-2025";"Demography (Q3); Geography, Planning and Development (Q3); Social Sciences (miscellaneous) (Q3); Sociology and Political Science (Q3)";"Social Sciences"
909;5700163444;"Russian Review";journal;"14679434, 00360341";"John Wiley and Sons Inc";No;No;0,214;Q3;33;33;101;1884;43;93;0,49;57,09;45,00;0;United Kingdom;Western Europe;"John Wiley and Sons Inc";"1973, 1978, 1981, 1983, 1985, 1987, 1996-2026";"History (Q1); Literature and Literary Theory (Q1); Cultural Studies (Q2); Linguistics and Language (Q2); Sociology and Political Science (Q3)";"Arts and Humanities; Social Sciences"
910;21100820742;"Scottish Affairs";journal;"09660356, 2053888X";"Edinburgh University Press";No;No;0,214;Q3;21;27;88;918;37;82;0,37;34,00;26,47;2;United Kingdom;Western Europe;"Edinburgh University Press";"1996-2026";"Sociology and Political Science (Q3)";"Social Sciences"
911;21101038706;"African Conflict and Peacebuilding Review";journal;"21567263, 2156695X";"The Trustees of Indiana University";No;No;0,213;Q3;8;12;44;709;22;42;0,68;59,08;33,33;0;United States;Northern America;"The Trustees of Indiana University";"2019-2025";"Anthropology (Q2); Cultural Studies (Q2); Sociology and Political Science (Q3)";"Social Sciences"
912;21100210921;"Central European Journal of Public Policy";journal;"18024866";"Sciendo";Yes;No;0,213;Q3;14;11;27;462;38;27;1,53;42,00;31,82;0;Czech Republic;Eastern Europe;"Sciendo";"2012-2025";"Law (Q3); Sociology and Political Science (Q3); Public Administration (Q4)";"Social Sciences"
913;21101040605;"Turyzm/Tourism";journal;"08675856, 20806922";"Lodz University Press";Yes;Yes;0,213;Q3;13;28;73;2148;105;73;1,25;76,71;41,43;0;Poland;Eastern Europe;"Lodz University Press";"2001-2025";"Economics, Econometrics and Finance (miscellaneous) (Q3); Geography, Planning and Development (Q3); Social Sciences (miscellaneous) (Q3); Sociology and Political Science (Q3); Tourism, Leisure and Hospitality Management (Q4)";"Business, Management and Accounting; Economics, Econometrics and Finance; Social Sciences"
914;21100826381;"Woman in Russian Society";journal;"19922892, 2500221X";"Ivanovo State University Publishing";No;No;0,213;Q3;8;41;148;830;30;148;0,24;20,24;71,93;0;Russian Federation;Eastern Europe;"Ivanovo State University Publishing";"2017-2025";"Gender Studies (Q3); Sociology and Political Science (Q3)";"Social Sciences"
915;5800205583;"Fascism";journal;"22116249, 22116257";"Brill Academic Publishers";Yes;No;0,212;Q3;13;0;42;0;54;42;1,38;0,00;0,00;0;Netherlands;Western Europe;"Brill Academic Publishers";"2012-2024";"History (Q1); Sociology and Political Science (Q3)";"Arts and Humanities; Social Sciences"
916;21101041815;"Journal of ASEAN Studies";journal;"23381361, 23381353";"Bina Nusantara University";Yes;No;0,212;Q3;9;10;59;686;83;54;1,16;68,60;54,17;0;Indonesia;Asiatic Region;"Bina Nusantara University";"2019-2025";"Cultural Studies (Q2); Geography, Planning and Development (Q3); Social Sciences (miscellaneous) (Q3); Sociology and Political Science (Q3)";"Social Sciences"
917;21100898633;"Journal of Contemporary Eastern Asia";journal;"23839449";"World Association for Triple helix and Future strategy studies";Yes;Yes;0,212;Q3;11;17;22;911;25;22;1,00;53,59;36,67;0;South Korea;Asiatic Region;"World Association for Triple helix and Future strategy studies";"2018-2025";"Communication (Q3); Computer Networks and Communications (Q3); Economics, Econometrics and Finance (miscellaneous) (Q3); Sociology and Political Science (Q3)";"Computer Science; Economics, Econometrics and Finance; Social Sciences"
918;18112;"Sociologicky Casopis";journal;"00380288";"Sociologicky Ustav";Yes;No;0,210;Q3;28;14;92;784;62;86;0,46;56,00;48,39;0;Czech Republic;Eastern Europe;"Sociologicky Ustav";"1992, 1997-1998, 2002-2025";"Sociology and Political Science (Q3)";"Social Sciences"
919;21100409809;"Studies in Ethnicity and Nationalism";journal;"14738481, 17549469";"Ain Shams University";No;No;0,210;Q3;27;35;65;2533;65;62;0,87;72,37;43,75;0;United Kingdom;Western Europe;"Ain Shams University";"2001-2026";"Sociology and Political Science (Q3)";"Social Sciences"
920;21100827151;"Foundation Review";journal;"19445660, 19445679";"Dorothy A. Johnson Center for Philanthropy, Grand Valley State University";No;No;0,209;Q3;18;25;83;423;45;74;0,62;16,92;82,35;0;United States;Northern America;"Dorothy A. Johnson Center for Philanthropy, Grand Valley State University";"2009-2013, 2015-2025";"Social Sciences (miscellaneous) (Q3); Sociology and Political Science (Q3)";"Social Sciences"
921;21100211326;"Araucaria";journal;"15756823";"Departamento de Literatura Espanola-Universidad de Sevilla";Yes;Yes;0,208;Q3;10;72;277;3041;88;271;0,30;42,24;26,98;0;Spain;Western Europe;"Departamento de Literatura Espanola-Universidad de Sevilla";"2012-2025";"History (Q1); Arts and Humanities (miscellaneous) (Q2); Philosophy (Q2); Social Sciences (miscellaneous) (Q3); Sociology and Political Science (Q3)";"Arts and Humanities; Social Sciences"
922;4400151727;"Estudos Avancados";journal;"18069592, 01034014";"Instituto de Estudos Avancados da Universidade de Sao Paulo";Yes;Yes;0,208;Q3;39;64;200;2440;99;192;0,36;38,13;43,06;0;Brazil;Latin America;"Instituto de Estudos Avancados da Universidade de Sao Paulo";"2006-2025";"Cultural Studies (Q2); Sociology and Political Science (Q3)";"Social Sciences"
923;19700174722;"Housing, Care and Support";journal;"14608790";"Emerald Group Publishing Ltd.";No;No;0,208;Q3;16;10;40;476;35;39;0,57;47,60;67,74;0;United Kingdom;Western Europe;"Emerald Group Publishing Ltd.";"1999-2025";"Geography, Planning and Development (Q3); Sociology and Political Science (Q3)";"Social Sciences"
924;18800156723;"Asia-Pacific Social Science Review";journal;"01198386";"De la Salle University";No;No;0,207;Q3;16;42;112;2123;104;96;0,89;50,55;54,05;0;Philippines;Asiatic Region;"De la Salle University";"2009-2025";"History (Q1); Political Science and International Relations (Q3); Sociology and Political Science (Q3); Economics and Econometrics (Q4)";"Arts and Humanities; Economics, Econometrics and Finance; Social Sciences"
925;21100784268;"International Human Rights Law Review";journal;"22131027, 22131035";"Brill Academic Publishers";No;No;0,207;Q3;11;10;34;1233;34;33;1,13;123,30;53,85;0;Netherlands;Western Europe;"Brill Academic Publishers";"2012-2025";"Law (Q3); Sociology and Political Science (Q3)";"Social Sciences"
926;5700152854;"Journal of Policy History";journal;"08980306, 15284190";"Cambridge University Press";No;No;0,207;Q3;26;17;58;1663;34;58;0,50;97,82;33,33;0;United Kingdom;Western Europe;"Cambridge University Press";"1989-2026";"Sociology and Political Science (Q3); Public Administration (Q4)";"Social Sciences"
927;22888;"Political Science";journal;"00323187, 20410611";"Taylor and Francis Ltd.";Yes;No;0,207;Q3;21;16;32;1069;52;27;1,50;66,81;30,43;0;United Kingdom;Western Europe;"Taylor and Francis Ltd.";"1948-1949, 1951-1956, 1960, 1962-1965, 1967-1974, 1976-2026";"Sociology and Political Science (Q3)";"Social Sciences"
928;5700179313;"Yale French Studies";book series;"00440078";"Yale University Press";No;No;0,207;Q3;15;12;32;421;5;27;0,22;35,08;22,22;0;United States;Northern America;"Yale University Press";"2002-2014, 2018-2019, 2021-2025";"History (Q1); Literature and Literary Theory (Q1); Visual Arts and Performing Arts (Q1); Cultural Studies (Q2); Sociology and Political Science (Q3)";"Arts and Humanities; Social Sciences"
929;21101133220;"Sortuz";journal;"19880847";"Onati International Institute for the Sociology of Law";Yes;Yes;0,206;Q3;3;21;55;849;32;52;0,53;40,43;45,83;0;Spain;Western Europe;"Onati International Institute for the Sociology of Law";"2019, 2021-2025";"Law (Q3); Sociology and Political Science (Q3)";"Social Sciences"
930;19700187803;"South Asian History and Culture";journal;"19472501, 19472498";"Taylor and Francis Ltd.";No;No;0,206;Q3;18;33;94;1066;75;88;0,61;32,30;42,86;0;United Kingdom;Western Europe;"Taylor and Francis Ltd.";"2009-2026";"Arts and Humanities (miscellaneous) (Q2); Cultural Studies (Q2); Sociology and Political Science (Q3)";"Arts and Humanities; Social Sciences"
931;21100927210;"Balkan Social Science Review";journal;"18578772, 18578799";"Goce Delchev University of Shtip";No;No;0,205;Q3;8;30;96;1342;54;96;0,54;44,73;50,94;0;Macedonia;Eastern Europe;"Goce Delchev University of Shtip";"2013-2025";"Law (Q3); Political Science and International Relations (Q3); Social Sciences (miscellaneous) (Q3); Sociology and Political Science (Q3); Public Administration (Q4)";"Social Sciences"
932;21100927374;"Humanity: An International Journal of Human Rights, Humanitarianism, and Development";journal;"21514372, 21514364";"University of Pennsylvania Press";No;No;0,205;Q3;11;0;73;0;60;67;0,46;0,00;0,00;0;United States;Northern America;"University of Pennsylvania Press";"2019-2024";"Law (Q3); Sociology and Political Science (Q3)";"Social Sciences"
933;21101378437;"Jurnal Litigasi";journal;"24422274";"Pasundan University";Yes;No;0,205;Q3;3;30;59;1295;39;59;0,73;43,17;45,00;0;Indonesia;Asiatic Region;"Pasundan University";"2021-2025";"Law (Q3); Political Science and International Relations (Q3); Sociology and Political Science (Q3); Public Administration (Q4)";"Social Sciences"
934;21100199115;"Rusin";journal;"23451149, 18572685";"Association 'Rus'";Yes;No;0,205;Q3;11;45;201;1109;37;190;0,18;24,64;57,63;0;Moldova;Eastern Europe;"Association 'Rus'";"2011-2025";"Literature and Literary Theory (Q1); History (Q2); Linguistics and Language (Q2); Anthropology (Q3); Sociology and Political Science (Q3)";"Arts and Humanities; Social Sciences"
935;26486;"Sociologia del Lavoro";journal;"1972554X, 03925048";"FrancoAngeli";No;No;0,205;Q3;9;21;106;1130;63;102;0,64;53,81;76,19;0;Italy;Western Europe;"FrancoAngeli";"1992, 1996, 2015-2025";"Sociology and Political Science (Q3); Economics and Econometrics (Q4); Organizational Behavior and Human Resource Management (Q4)";"Business, Management and Accounting; Economics, Econometrics and Finance; Social Sciences"
936;13474;"Africa Development/Afrique et Developpement";journal;"08503907";"Council for the Development of Social Science Research in Africa";Yes;No;0,204;Q3;23;0;104;0;76;98;0,57;0,00;0,00;0;Senegal;Africa;"Council for the Development of Social Science Research in Africa";"1978-1979, 1981-1986, 1990, 1994-1995, 2007-2024";"Political Science and International Relations (Q3); Sociology and Political Science (Q3); Development (Q4)";"Social Sciences"
937;21101060203;"Interdisciplinary Political Studies";journal;"20398573";"University of Salento";Yes;Yes;0,204;Q3;8;24;36;1711;27;35;0,79;71,29;66,67;0;Italy;Western Europe;"University of Salento";"2017-2025";"Political Science and International Relations (Q3); Sociology and Political Science (Q3)";"Social Sciences"
938;21101021459;"Canadian Journal of European and Russian Studies";journal;"25628429";"Carleton University - Centre for European Studies";Yes;Yes;0,203;Q3;6;9;30;597;20;26;0,60;66,33;33,33;0;Canada;Northern America;"Carleton University - Centre for European Studies";"2019-2020, 2022-2025";"Law (Q3); Political Science and International Relations (Q3); Sociology and Political Science (Q3)";"Social Sciences"
939;21100889438;"International Journal of Pluralism and Economics Education";journal;"17575656, 17575648";"Inderscience Enterprises Ltd";No;No;0,203;Q3;7;10;48;544;33;47;0,83;54,40;54,55;0;Switzerland;Western Europe;"Inderscience Enterprises Ltd";"2017-2025";"Economics, Econometrics and Finance (miscellaneous) (Q3); Sociology and Political Science (Q3); Education (Q4)";"Economics, Econometrics and Finance; Social Sciences"
940;21101093350;"Kriminologie";journal;"26986779";"Universitat zu Koln";Yes;Yes;0,203;Q3;6;27;59;1300;21;56;0,24;48,15;55,56;0;Germany;Western Europe;"Universitat zu Koln";"2019-2025";"Cultural Studies (Q2); Law (Q3); Social Sciences (miscellaneous) (Q3); Sociology and Political Science (Q3)";"Social Sciences"
941;5600153356;"Perfiles Latinoamericanos";journal;"01887653";"Flacso Mexico";Yes;Yes;0,203;Q3;16;26;87;1195;42;87;0,48;45,96;35,90;0;Mexico;Latin America;"Flacso Mexico";"2008-2026";"Sociology and Political Science (Q3)";"Social Sciences"
942;21100793924;"TRaNS: Trans-Regional and -National Studies of Southeast Asia";journal;"2051364X, 20513658";"Cambridge University Press";No;No;0,203;Q3;20;22;41;1502;61;40;1,69;68,27;52,17;0;United Kingdom;Western Europe;"Cambridge University Press";"2013-2026";"Cultural Studies (Q2); History (Q2); Anthropology (Q3); Geography, Planning and Development (Q3); Sociology and Political Science (Q3)";"Arts and Humanities; Social Sciences"
943;21100301442;"International Journal of Electronic Governance";journal;"17427517, 17427509";"Inderscience";No;No;0,202;Q3;24;16;63;937;48;61;0,91;58,56;17,50;0;Switzerland;Western Europe;"Inderscience";"2007-2025";"Sociology and Political Science (Q3); Computer Science Applications (Q4); Public Administration (Q4)";"Computer Science; Social Sciences"
944;25885;"Issues and Studies";journal;"2529802X, 10132511";"World Scientific Publishing Co. Pte Ltd";No;No;0,202;Q3;24;16;53;1107;40;51;0,53;69,19;13,64;0;Taiwan;Asiatic Region;"World Scientific Publishing Co. Pte Ltd";"1972-1975, 1978, 1980, 1985, 1995-2026";"Political Science and International Relations (Q3); Sociology and Political Science (Q3)";"Social Sciences"
945;21101045754;"Southern African Journal of Social Work and Social Development";journal;"27089355, 25200097";"Unisa Press";No;No;0,202;Q3;9;28;93;1370;55;93;0,53;48,93;71,93;0;South Africa;Africa;"Unisa Press";"2017-2025";"Sociology and Political Science (Q3); Development (Q4); Health (social science) (Q4)";"Social Sciences"
946;16885;"African and Asian Studies";journal;"15692108, 15692094";"Brill Academic Publishers";No;No;0,201;Q3;24;51;61;2732;48;59;0,81;53,57;30,49;0;Netherlands;Western Europe;"Brill Academic Publishers";"1966, 1971, 1975-1982, 1984-1988, 1990-1991, 1993-1994, 1996-2026";"History (Q2); Sociology and Political Science (Q3); Development (Q4)";"Arts and Humanities; Social Sciences"
947;21101053580;"Journal of Psychosocial Studies";journal;"14786737";"Policy Press";No;No;0,201;Q3;8;20;68;495;52;59;0,84;24,75;58,33;0;United Kingdom;Western Europe;"Policy Press";"2019-2025";"Cultural Studies (Q2); Social Sciences (miscellaneous) (Q3); Sociology and Political Science (Q3); Social Psychology (Q4)";"Psychology; Social Sciences"
948;15690;"Journal of Sociology and Social Welfare";journal;"01915096";"Western Michigan University";No;No;0,201;Q3;38;14;66;496;51;65;0,67;35,43;65,22;0;United States;Northern America;"Western Michigan University";"1976-1977, 1981, 1988, 1990-1991, 1995-1996, 2005-2025";"Social Sciences (miscellaneous) (Q3); Sociology and Political Science (Q3)";"Social Sciences"
949;21101149133;"Res Publica. Revista de Historia de las Ideas Politicas";journal;"15764184, 19896115";"Universidad Complutense Madrid";No;No;0,201;Q3;4;47;137;1343;24;128;0,17;28,57;28,26;0;Spain;Western Europe;"Universidad Complutense Madrid";"2019-2025";"Philosophy (Q2); Sociology and Political Science (Q3)";"Arts and Humanities; Social Sciences"
950;11600153627;"Zhurnal Issledovanii Sotsial'noi Politiki";journal;"17270634";"National Research University Higher School of Economics (HSE University)";Yes;No;0,201;Q3;12;47;172;1390;63;165;0,27;29,57;78,41;0;Russian Federation;Eastern Europe;"National Research University Higher School of Economics (HSE University)";"2016-2025";"Sociology and Political Science (Q3); Public Administration (Q4)";"Social Sciences"
951;21101105294;"Revista Brasileira de Seguranca Publica";journal;"19811659, 25950258";"Forum Brasileiro de Seguranca Publica";Yes;Yes;0,200;Q3;4;37;119;1556;19;113;0,15;42,05;36,36;0;Brazil;Latin America;"Forum Brasileiro de Seguranca Publica";"2019-2025";"Law (Q3); Sociology and Political Science (Q3)";"Social Sciences"
952;21100899306;"Asian Journal for Public Opinion Research";journal;"22886168";"Center for Asian Public Opinion Research and Collaboration Initiative";Yes;No;0,199;Q3;12;20;46;1121;30;41;0,66;56,05;37,78;0;South Korea;Asiatic Region;"Center for Asian Public Opinion Research and Collaboration Initiative";"2018-2025";"Communication (Q3); Sociology and Political Science (Q3)";"Social Sciences"
953;21100855754;"Australian Journal of Human Rights";journal;"2573573X, 1323238X";"Taylor and Francis Ltd.";No;No;0,199;Q3;20;13;90;491;74;69;0,73;37,77;73,08;0;Australia;Pacific Region;"Taylor and Francis Ltd.";"1994, 1996-2026";"History (Q2); Philosophy (Q2); Law (Q3); Sociology and Political Science (Q3)";"Arts and Humanities; Social Sciences"
954;21101263031;"Humanimalia";journal;"21518645";"OpenJournals";Yes;Yes;0,199;Q3;5;21;41;1072;19;36;0,30;51,05;65,00;0;Netherlands;Western Europe;"OpenJournals";"2009, 2016-2017, 2020, 2022-2025";"Cultural Studies (Q2); Gender Studies (Q3); Social Sciences (miscellaneous) (Q3); Sociology and Political Science (Q3)";"Social Sciences"
955;17100154726;"Middle East Law and Governance";journal;"18763367, 18763375";"Brill Academic Publishers";No;No;0,199;Q3;22;18;61;1279;43;56;0,46;71,06;60,00;0;Netherlands;Western Europe;"Brill Academic Publishers";"2009-2026";"Arts and Humanities (miscellaneous) (Q2); Law (Q3); Sociology and Political Science (Q3)";"Arts and Humanities; Social Sciences"
956;21100900131;"Terra Economicus";journal;"24104531, 20736606";"Southern Federal University";No;No;0,199;Q3;14;26;107;952;59;107;0,56;36,62;53,33;0;Russian Federation;Eastern Europe;"Southern Federal University";"2018-2025";"History (Q2); Economics, Econometrics and Finance (miscellaneous) (Q3); Law (Q3); Political Science and International Relations (Q3); Sociology and Political Science (Q3)";"Arts and Humanities; Economics, Econometrics and Finance; Social Sciences"
957;21101290950;"Revue de l'Organisation Responsable";journal;"19510187, 21053022";"Editions ESKA";No;No;0,198;Q3;6;40;64;1574;43;58;0,47;39,35;59,62;0;France;Western Europe;"Editions ESKA";"2021-2025";"Economics, Econometrics and Finance (miscellaneous) (Q3); Sociology and Political Science (Q3); Business, Management and Accounting (miscellaneous) (Q4); Economics and Econometrics (Q4); Finance (Q4); Management, Monitoring, Policy and Law (Q4); Organizational Behavior and Human Resource Management (Q4)";"Business, Management and Accounting; Economics, Econometrics and Finance; Environmental Science; Social Sciences"
958;21100896853;"Small Axe";journal;"15346714, 07990537";"Duke University Press";No;No;0,198;Q3;11;45;140;1219;40;128;0,16;27,09;42,11;0;United States;Northern America;"Duke University Press";"2018-2025";"Literature and Literary Theory (Q1); Cultural Studies (Q2); Sociology and Political Science (Q3)";"Arts and Humanities; Social Sciences"
959;5700168554;"Cultural and Social History";journal;"14780038, 14780046";"Taylor and Francis Ltd.";No;No;0,197;Q3;23;38;92;2209;40;90;0,43;58,13;57,45;0;United Kingdom;Western Europe;"Taylor and Francis Ltd.";"2006-2026";"Cultural Studies (Q2); History (Q2); Sociology and Political Science (Q3)";"Arts and Humanities; Social Sciences"
960;6600153108;"International Journal of Public Policy";journal;"17400600, 17400619";"Inderscience Enterprises Ltd";No;No;0,197;Q3;18;7;36;364;38;36;0,55;52,00;57,89;0;United Kingdom;Western Europe;"Inderscience Enterprises Ltd";"2005-2025";"Political Science and International Relations (Q3); Sociology and Political Science (Q3); Public Administration (Q4)";"Social Sciences"
961;21101188213;"Revista Chilena de Derecho y Ciencia Politica";journal;"07192150, 07189389";"Catholic University of Temuco Faculty of Law Economics and Administrative Sciences";Yes;Yes;0,197;Q3;4;19;61;1241;30;55;0,55;65,32;33,33;0;Chile;Latin America;"Catholic University of Temuco Faculty of Law Economics and Administrative Sciences";"2019-2026";"Law (Q3); Sociology and Political Science (Q3)";"Social Sciences"
962;21101062494;"Studies in Media and Communication";journal;"2325808X, 23258071";"Redfame Publishing Inc.";No;No;0,197;Q3;16;133;356;5785;617;353;2,03;43,50;48,36;0;United States;Northern America;"Redfame Publishing Inc.";"2019-2026";"Communication (Q3); Political Science and International Relations (Q3); Social Sciences (miscellaneous) (Q3); Sociology and Political Science (Q3)";"Social Sciences"
963;21101276713;"Global Sixties: An Interdisciplinary Journal";journal;"2770890X";"Routledge";No;No;0,196;Q3;3;16;33;1011;17;30;0,11;63,19;42,86;0;United Kingdom;Western Europe;"Routledge";"2021-2025";"Cultural Studies (Q2); History (Q2); Sociology and Political Science (Q3)";"Arts and Humanities; Social Sciences"
964;20500195077;"Historia Constitucional";journal;"15764729";"Seminario de Historia Constitucional "Martinez Marina"";Yes;Yes;0,196;Q3;8;29;114;2182;29;112;0,29;75,24;22,86;0;Spain;Western Europe;"Seminario de Historia Constitucional "Martinez Marina"";"2011-2025";"History (Q2); Law (Q3); Political Science and International Relations (Q3); Sociology and Political Science (Q3)";"Arts and Humanities; Social Sciences"
965;21100889702;"Asia Pacific Journal of Information Systems";journal;"22885404, 22886818";"Korean Society of Management Information Systems";Yes;No;0,195;Q3;12;40;131;2786;139;131;0,93;69,65;40,40;0;South Korea;Asiatic Region;"Korean Society of Management Information Systems";"2018-2025";"Information Systems and Management (Q3); Sociology and Political Science (Q3)";"Decision Sciences; Social Sciences"
966;18217;"Acta Oeconomica";journal;"00016373, 15882659";"Akademiai Kiado ZRt.";No;No;0,194;Q3;22;24;86;1452;73;85;0,47;60,50;37,93;1;Hungary;Eastern Europe;"Akademiai Kiado ZRt.";"1995-2000, 2002-2025";"Political Science and International Relations (Q3); Sociology and Political Science (Q3); Economics and Econometrics (Q4); Geography, Planning and Development (Q4)";"Economics, Econometrics and Finance; Social Sciences"
967;21100258911;"Izquierdas";journal;"07185049";"Ariadna Ediciones";Yes;Yes;0,194;Q3;13;79;233;3246;40;232;0,09;41,09;34,29;0;Chile;Latin America;"Ariadna Ediciones";"2013-2025";"History (Q2); Political Science and International Relations (Q3); Sociology and Political Science (Q3)";"Arts and Humanities; Social Sciences"
968;21100199340;"Kajian Malaysia";journal;"01274082, 21804273";"Penerbit Universiti Sains Malaysia";Yes;No;0,194;Q3;17;33;92;1355;54;90;0,52;41,06;46,94;0;Malaysia;Asiatic Region;"Penerbit Universiti Sains Malaysia";"2011-2025";"Cultural Studies (Q2); History (Q2); Sociology and Political Science (Q3)";"Arts and Humanities; Social Sciences"
969;5600152947;"Telos";journal;"1940459X, 00906514";"Telos Press Publishing";No;No;0,194;Q3;13;46;145;1404;25;123;0,18;30,52;17,39;0;United States;Northern America;"Telos Press Publishing";"2010-2025";"Cultural Studies (Q2); Philosophy (Q2); Sociology and Political Science (Q3)";"Arts and Humanities; Social Sciences"
970;21101121575;"American Journal of Islam and Society";journal;"26903733, 26903741";"International Institute of Islamic Thought";Yes;Yes;0,193;Q3;5;11;49;558;33;40;0,61;50,73;11,11;0;United States;Northern America;"International Institute of Islamic Thought";"2010-2013, 2020-2025";"Cultural Studies (Q2); History (Q2); Philosophy (Q2); Religious Studies (Q2); Law (Q3); Social Sciences (miscellaneous) (Q3); Sociology and Political Science (Q3)";"Arts and Humanities; Social Sciences"
971;21100932832;"World Journal of Entrepreneurship, Management and Sustainable Development";journal;"20425961, 2042597X";"World Association for Sustainable Development";No;No;0,193;Q3;24;20;81;639;87;79;0,35;31,95;35,29;0;United Kingdom;Western Europe;"World Association for Sustainable Development";"2013, 2017-2025";"Cultural Studies (Q2); Demography (Q3); Economics, Econometrics and Finance (miscellaneous) (Q3); Sociology and Political Science (Q3); Business and International Management (Q4); Strategy and Management (Q4); Tourism, Leisure and Hospitality Management (Q4)";"Business, Management and Accounting; Economics, Econometrics and Finance; Social Sciences"
972;21101218124;"Coastal Studies and Society";journal;"26349817";"SAGE Publications Ltd";No;No;0,192;Q3;6;15;42;776;35;39;0,58;51,73;50,00;0;United Kingdom;Western Europe;"SAGE Publications Ltd";"2022-2026";"Sociology and Political Science (Q3); Geography, Planning and Development (Q4)";"Social Sciences"
973;21101075355;"Journal of Southeast Asian Human Rights";journal;"25992147";"University of Jember";No;No;0,192;Q3;9;7;44;526;78;40;1,50;75,14;27,27;0;Indonesia;Asiatic Region;"University of Jember";"2019-2025";"Law (Q3); Sociology and Political Science (Q3)";"Social Sciences"
974;5600153207;"Politica y Sociedad";journal;"11308001, 19883129";"Universidad Complutense Madrid";Yes;Yes;0,192;Q3;19;48;165;2753;83;163;0,28;57,35;38,10;0;Spain;Western Europe;"Universidad Complutense Madrid";"2011-2025";"Sociology and Political Science (Q3)";"Social Sciences"
975;21100933962;"Age of Human Rights Journal";journal;"23409592";"Universidad de Jaen";Yes;Yes;0,191;Q3;7;14;83;1026;59;82;0,65;73,29;69,23;0;Spain;Western Europe;"Universidad de Jaen";"2013-2026";"Law (Q3); Political Science and International Relations (Q3); Sociology and Political Science (Q3)";"Social Sciences"
976;21100945164;"Alternativas";journal;"19899971, 11330473";"University of Alicante - Department of Social Work and Social Services";Yes;Yes;0,191;Q3;5;12;53;661;34;53;0,82;55,08;53,85;0;Spain;Western Europe;"University of Alicante - Department of Social Work and Social Services";"2019-2025";"Social Sciences (miscellaneous) (Q3); Sociology and Political Science (Q3); Health (social science) (Q4)";"Social Sciences"
977;21100268385;"Formation Emploi";journal;"21070946, 07596340";"Documentation Francaise";No;No;0,191;Q3;9;31;132;1216;29;112;0,22;39,23;64,29;0;France;Western Europe;"Documentation Francaise";"2012-2026";"Sociology and Political Science (Q3); Organizational Behavior and Human Resource Management (Q4)";"Business, Management and Accounting; Social Sciences"
978;21100860693;"Iberoamerica (Russian Federation)";journal;"20759711, 20768400";"Institute of Latin American Studies, Russian Academy of Sciences";No;No;0,191;Q3;5;40;113;1160;17;113;0,09;29,00;51,92;0;Russian Federation;Eastern Europe;"Institute of Latin American Studies, Russian Academy of Sciences";"2017-2025";"Economics, Econometrics and Finance (miscellaneous) (Q3); Law (Q3); Political Science and International Relations (Q3); Sociology and Political Science (Q3); Safety Research (Q4)";"Economics, Econometrics and Finance; Social Sciences"
979;21101046763;"MedieKultur";journal;"19019726";"Society of Media Researchers In Denmark";Yes;Yes;0,191;Q3;11;23;51;1136;83;46;1,60;49,39;63,04;1;Denmark;Western Europe;"Society of Media Researchers In Denmark";"2018-2025";"Arts and Humanities (miscellaneous) (Q2); Cultural Studies (Q2); Communication (Q3); Sociology and Political Science (Q3)";"Arts and Humanities; Social Sciences"
980;21100894868;"Sociologia y Tecnociencia";journal;"19898487";"Universidad de Valladolid";Yes;Yes;0,191;Q3;7;20;65;868;55;64;0,91;43,40;43,59;0;Spain;Western Europe;"Universidad de Valladolid";"2018-2026";"Sociology and Political Science (Q3); Development (Q4); Health (social science) (Q4); Management of Technology and Innovation (Q4)";"Business, Management and Accounting; Social Sciences"
981;17653;"Comparative Sociology";journal;"15691322, 15691330";"Brill Academic Publishers";No;No;0,190;Q3;33;29;86;1938;72;86;0,87;66,83;32,00;0;Netherlands;Western Europe;"Brill Academic Publishers";"1970, 1976-1977, 1981, 1984, 1987, 1989, 1999-2025";"Sociology and Political Science (Q3)";"Social Sciences"
982;21100982470;"Contemporary Levant";journal;"20581831, 2058184X";"Taylor and Francis Ltd.";No;No;0,190;Q3;12;13;40;722;22;36;0,63;55,54;14,29;0;United Kingdom;Western Europe;"Taylor and Francis Ltd.";"2016-2026";"Cultural Studies (Q2); History (Q2); Sociology and Political Science (Q3)";"Arts and Humanities; Social Sciences"
983;21100894867;"International Journal of Cuban Studies";journal;"17563461, 1756347X";"Pluto Journals";Yes;Yes;0,190;Q3;5;6;48;310;24;40;0,56;51,67;33,33;0;United Kingdom;Western Europe;"Pluto Journals";"2018-2026";"Cultural Studies (Q2); Political Science and International Relations (Q3); Sociology and Political Science (Q3)";"Social Sciences"
984;5800207887;"Journal of Modern Greek Studies";journal;"10863265, 07381727";"Johns Hopkins University Press";No;No;0,190;Q3;19;15;38;884;21;38;0,24;58,93;50,00;0;United States;Northern America;"Johns Hopkins University Press";"2002-2025";"Cultural Studies (Q2); History (Q2); Sociology and Political Science (Q3)";"Arts and Humanities; Social Sciences"
985;21101034376;"Journal of Time Use Research";journal;"26647958";"International Association for Time Use Research";No;No;0,190;Q3;4;0;9;0;7;9;0,33;0,00;0,00;0;Belgium;Western Europe;"International Association for Time Use Research";"2020-2024";"Economics, Econometrics and Finance (miscellaneous) (Q3); Sociology and Political Science (Q3)";"Economics, Econometrics and Finance; Social Sciences"
986;21100874136;"Sozialer Fortschritt";journal;"18655386, 0038609X";"Duncker und Humblot GmbH";No;No;0,190;Q3;10;35;180;1090;44;159;0,22;31,14;47,27;2;Germany;Western Europe;"Duncker und Humblot GmbH";"2008-2025";"Social Sciences (miscellaneous) (Q3); Sociology and Political Science (Q3)";"Social Sciences"
987;21101090675;"Asia-Pacific Journal: Japan Focus";journal;"15574660";"Cambridge University Press";Yes;Yes;0,189;Q3;11;23;200;1100;78;185;0,35;47,83;41,38;0;United Kingdom;Western Europe;"Cambridge University Press";"2019-2026";"Cultural Studies (Q2); History (Q2); Anthropology (Q3); Political Science and International Relations (Q3); Sociology and Political Science (Q3)";"Arts and Humanities; Social Sciences"
988;21100885611;"European Journal of Comparative Law and Governance";journal;"22134506, 22134514";"Brill Academic Publishers";No;No;0,188;Q3;11;31;50;3206;32;48;0,67;103,42;30,00;0;Netherlands;Western Europe;"Brill Academic Publishers";"2014-2026";"Law (Q3); Sociology and Political Science (Q3); Public Administration (Q4)";"Social Sciences"
989;28925;"Loisir et Societe";journal;"07053436, 17050154";"Routledge";No;No;0,188;Q3;30;30;103;1402;44;94;0,24;46,73;37,04;0;United Kingdom;Western Europe;"Routledge";"1978-2026";"Sociology and Political Science (Q3); Metals and Alloys (Q4)";"Materials Science; Social Sciences"
990;21101088439;"Canadian Journal of Nonprofit and Social Economy Research";journal;"19209355";"University of Alberta Library";Yes;Yes;0,187;Q3;14;22;78;807;42;68;0,58;36,68;52,83;0;Canada;Northern America;"University of Alberta Library";"2010-2025";"Social Sciences (miscellaneous) (Q3); Sociology and Political Science (Q3)";"Social Sciences"
991;16800154739;"Contributions to the History of Concepts";journal;"1874656X, 18079326";"Berghahn Journals";No;No;0,187;Q3;17;12;44;571;14;42;0,32;47,58;37,50;0;United Kingdom;Western Europe;"Berghahn Journals";"2005-2009, 2011-2025";"History (Q2); Sociology and Political Science (Q3)";"Arts and Humanities; Social Sciences"
992;21101049052;"Jindal Global Law Review";journal;"09752498, 23644869";"Springer Science and Business Media B.V.";No;No;0,187;Q3;6;32;64;0;42;51;0,64;0,00;45,24;1;Germany;Western Europe;"Springer Science and Business Media B.V.";"2015-2025";"Law (Q3); Sociology and Political Science (Q3)";"Social Sciences"
993;21100227421;"Quinto Sol";journal;"03292665, 18512879";"Instituto de Estudios Sociohistoricos";Yes;Yes;0,187;Q3;8;32;95;887;16;91;0,17;27,72;55,88;0;Argentina;Latin America;"Instituto de Estudios Sociohistoricos";"2012-2025";"Cultural Studies (Q2); History (Q2); Sociology and Political Science (Q3)";"Arts and Humanities; Social Sciences"
994;21100889415;"African Journal of Social Work";journal;"24095605";"National Association of Social Workers";Yes;Yes;0,186;Q3;15;27;108;508;95;108;0,81;18,81;50,00;0;Zimbabwe;Africa;"National Association of Social Workers";"2018-2025";"Social Sciences (miscellaneous) (Q3); Sociology and Political Science (Q3); Education (Q4); Health (social science) (Q4)";"Social Sciences"
995;5600152973;"Analisis Politico";journal;"01214705";"Universidad Nacional de Colombia";Yes;No;0,186;Q3;14;26;70;1363;41;65;0,67;52,42;19,44;0;Colombia;Latin America;"Universidad Nacional de Colombia";"1996, 2007-2012, 2014-2025";"History (Q2); Political Science and International Relations (Q3); Sociology and Political Science (Q3)";"Arts and Humanities; Social Sciences"
996;5600153156;"Eastern European Countryside";book series;"12328855";"Sciendo";Yes;No;0,186;Q3;13;0;8;0;8;8;0,00;0,00;0,00;0;Germany;Western Europe;"Sciendo";"2009-2022";"Sociology and Political Science (Q3); Geography, Planning and Development (Q4)";"Social Sciences"
997;5800159959;"Indonesia";journal;"00197289";"Cornell University";No;No;0,186;Q3;17;14;47;760;30;36;0,61;54,29;46,67;0;United States;Northern America;"Cornell University";"2011-2025";"Cultural Studies (Q2); History (Q2); Sociology and Political Science (Q3)";"Arts and Humanities; Social Sciences"
998;21101121705;"Nuova Antologia Militare";journal;"27049795";"Gruppo editoriale Tab S.r.l.";Yes;Yes;0,186;Q3;3;75;229;3534;26;205;0,13;47,12;24,18;0;Italy;Western Europe;"Gruppo editoriale Tab S.r.l.";"2020-2025";"Arts and Humanities (miscellaneous) (Q2); History (Q2); Political Science and International Relations (Q3); Sociology and Political Science (Q3)";"Arts and Humanities; Social Sciences"
999;21101144492;"Contributions to International Relations";book series;"27315061, 2731507X";"Springer Nature";No;No;0,185;Q3;5;20;431;2109;102;1;0,31;105,45;0,00;0;Switzerland;Western Europe;"Springer Nature";"2021-2026";"Political Science and International Relations (Q3); Social Sciences (miscellaneous) (Q3); Sociology and Political Science (Q3)";"Social Sciences"
1000;21101076095;"Information and Media";journal;"27836207";"Vilnius University Press";Yes;Yes;0,185;Q3;6;14;58;628;37;58;0,60;44,86;65,52;0;Lithuania;Eastern Europe;"Vilnius University Press";"2021-2025";"Information Systems and Management (Q3); Library and Information Sciences (Q3); Media Technology (Q3); Political Science and International Relations (Q3); Sociology and Political Science (Q3); Management of Technology and Innovation (Q4); Physics and Astronomy (miscellaneous) (Q4)";"Business, Management and Accounting; Decision Sciences; Engineering; Physics and Astronomy; Social Sciences"
1001;21100441452;"Journal of Strategic Security";journal;"19440472, 19440464";"Henlley-Putnam University Press";Yes;Yes;0,185;Q3;20;63;96;3449;69;96;0,68;54,75;29,87;0;United States;Northern America;"Henlley-Putnam University Press";"2014-2025";"Law (Q3); Political Science and International Relations (Q3); Sociology and Political Science (Q3); Safety Research (Q4)";"Social Sciences"
1002;21100868416;"Laboratorium: Russian Review of Social Research";journal;"20781938, 20768214";"Institute for European Russian and Eurasian Studies, The George Washington University";No;No;0,185;Q3;8;15;56;741;29;56;0,50;49,40;52,38;0;United States;Northern America;"Institute for European Russian and Eurasian Studies, The George Washington University";"2018-2025";"Cultural Studies (Q2); History (Q2); Anthropology (Q3); Gender Studies (Q3); Political Science and International Relations (Q3); Social Sciences (miscellaneous) (Q3); Sociology and Political Science (Q3)";"Arts and Humanities; Social Sciences"
1003;21101070310;"Thammasat Review";journal;"08595747, 26300303";"Thammasat University";No;No;0,185;Q3;6;31;76;1989;52;76;0,75;64,16;32,65;0;Thailand;Asiatic Region;"Thammasat University";"2019-2025";"Religious Studies (Q2); History and Philosophy of Science (Q3); Political Science and International Relations (Q3); Sociology and Political Science (Q3)";"Arts and Humanities; Social Sciences"
1004;12822;"Chinese Education and Society";journal;"19447116, 10611932";"M.E. Sharpe Inc.";Yes;No;0,184;Q3;24;27;77;1612;54;66;0,49;59,70;46,77;0;United States;Northern America;"M.E. Sharpe Inc.";"1993-1997, 1999-2025";"Sociology and Political Science (Q3); Education (Q4)";"Social Sciences"
1005;21101272602;"Contemporary Issues on Interfaith Law and Society";journal;"28298624, 28298373";"Universitas Negeri Semarang";Yes;Yes;0,184;Q3;4;10;31;595;28;31;1,24;59,50;36,11;0;Indonesia;Asiatic Region;"Universitas Negeri Semarang";"2022-2025";"Religious Studies (Q2); Law (Q3); Sociology and Political Science (Q3)";"Arts and Humanities; Social Sciences"
1006;21101233761;"Desde el Sur";journal;"20762674, 24150959";"Universidad Cientifica del Sur";Yes;Yes;0,184;Q3;7;102;168;4439;84;157;0,52;43,52;43,79;0;Peru;Latin America;"Universidad Cientifica del Sur";"2021-2025";"Cultural Studies (Q2); Gender Studies (Q3); Library and Information Sciences (Q3); Sociology and Political Science (Q3); Education (Q4); Public Administration (Q4); Safety Research (Q4)";"Social Sciences"
1007;21100861121;"Politique Europeenne";journal;"16236297, 21052875";"Pepper-L'Harmattan";No;No;0,184;Q3;10;0;62;0;24;56;0,38;0,00;0,00;0;France;Western Europe;"Pepper-L'Harmattan";"2017-2024";"Political Science and International Relations (Q3); Sociology and Political Science (Q3)";"Social Sciences"
1008;21100229212;"Asian Women";journal;"1225925X";"Sookmyung Women's University";Yes;No;0,183;Q3;14;40;61;2138;53;60;1,15;53,45;49,37;0;South Korea;Asiatic Region;"Sookmyung Women's University";"2008-2025";"Gender Studies (Q3); Sociology and Political Science (Q3)";"Social Sciences"
1009;21101152604;"International Journal of Population Studies";journal;"24248606, 24248150";"AccScience Publishing";No;No;0,183;Q3;6;60;81;3185;70;78;0,82;53,08;39,73;2;Singapore;Asiatic Region;"AccScience Publishing";"2019-2026";"Demography (Q3); Social Sciences (miscellaneous) (Q3); Sociology and Political Science (Q3)";"Social Sciences"
1010;7200153158;"Law and Practice of International Courts and Tribunals";journal;"15691853, 15718034";"Brill Academic Publishers";No;No;0,183;Q3;18;9;62;1002;33;56;0,52;111,33;14,29;0;Netherlands;Western Europe;"Brill Academic Publishers";"2007-2026";"Law (Q3); Political Science and International Relations (Q3); Sociology and Political Science (Q3)";"Social Sciences"
1011;21101064918;"Problemy Polityki Spolecznej";journal;"27197328, 16401808";"Faculty of Political Science and International Studies, University of Warsaw";No;No;0,183;Q3;3;13;59;664;44;56;0,34;51,08;50,00;0;Poland;Eastern Europe;"Faculty of Political Science and International Studies, University of Warsaw";"2020-2026";"Political Science and International Relations (Q3); Sociology and Political Science (Q3)";"Social Sciences"
1012;21100855843;"Public Policy and Administration";journal;"16482603, 20292872";"Mykolo Romerio Universitetas";Yes;No;0,183;Q3;15;48;153;1715;101;152;0,72;35,73;54,10;0;Lithuania;Eastern Europe;"Mykolo Romerio Universitetas";"2011-2025";"Economics, Econometrics and Finance (miscellaneous) (Q3); Sociology and Political Science (Q3); Public Administration (Q4)";"Economics, Econometrics and Finance; Social Sciences"
1013;21100929891;"Changing Societies and Personalities";journal;"25876104, 25878964";"Ural Federal University";Yes;Yes;0,182;Q3;8;39;139;1824;95;128;0,66;46,77;50,65;0;Russian Federation;Eastern Europe;"Ural Federal University";"2017-2025";"Cultural Studies (Q2); Sociology and Political Science (Q3); Social Psychology (Q4)";"Psychology; Social Sciences"
1014;11600153664;"Filosofija, Sociologija";journal;"02357186, 24244546";"Lithuanian Academy of Sciences Publishers";No;No;0,182;Q3;12;43;160;1369;73;154;0,43;31,84;49,30;0;Lithuania;Eastern Europe;"Lithuanian Academy of Sciences Publishers";"2008-2026";"Philosophy (Q2); Sociology and Political Science (Q3)";"Arts and Humanities; Social Sciences"
1015;21100265696;"International Journal of Euro-Mediterranean Studies";journal;"22326022, 18553362";"EMUNI University";Yes;Yes;0,182;Q3;6;16;36;442;30;30;0,52;27,63;46,81;0;Slovenia;Eastern Europe;"EMUNI University";"2012-2025";"History (Q2); Political Science and International Relations (Q3); Sociology and Political Science (Q3); Economics and Econometrics (Q4); Education (Q4)";"Arts and Humanities; Economics, Econometrics and Finance; Social Sciences"
1016;19700169886;"Journal of Philosophical Economics: Reflections on Economic and Social Issues";journal;"18432298, 18448208";"Bucharest University of Economic Studies Publishing House";Yes;Yes;0,182;Q3;6;6;29;463;23;29;0,91;77,17;0,00;0;Romania;Eastern Europe;"Bucharest University of Economic Studies Publishing House";"2017-2025";"Philosophy (Q2); Sociology and Political Science (Q3); Economics and Econometrics (Q4)";"Arts and Humanities; Economics, Econometrics and Finance; Social Sciences"
1017;26001;"Drustvena Istrazivanja";journal;"18486096, 13300288";"Institute of Social Sciences Ivo Pilar";Yes;Yes;0,181;Q3;22;17;92;738;51;90;0,48;43,41;73,17;0;Croatia;Eastern Europe;"Institute of Social Sciences Ivo Pilar";"1996-2026";"Social Sciences (miscellaneous) (Q3); Sociology and Political Science (Q3)";"Social Sciences"
1018;12431;"Prace i Studia Geograficzne";journal;"25437313, 02084589";"Sciendo";Yes;No;0,181;Q3;13;24;84;1111;37;83;0,40;46,29;51,02;0;Poland;Eastern Europe;"Sciendo";"1979, 1983-1985, 1988, 1992, 1994-2005, 2008-2025";"Cultural Studies (Q2); Sociology and Political Science (Q3); Urban Studies (Q3); Earth and Planetary Sciences (miscellaneous) (Q4); Geography, Planning and Development (Q4); Tourism, Leisure and Hospitality Management (Q4)";"Business, Management and Accounting; Earth and Planetary Sciences; Social Sciences"
1019;8300153102;"Religion and Human Rights";journal;"18710328, 1871031X";"Martinus Nijhoff Publishers";No;No;0,181;Q3;12;9;23;777;9;22;0,38;86,33;41,18;0;Netherlands;Western Europe;"Martinus Nijhoff Publishers";"2006-2025";"Religious Studies (Q2); Political Science and International Relations (Q3); Social Sciences (miscellaneous) (Q3); Sociology and Political Science (Q3)";"Arts and Humanities; Social Sciences"
1020;21100403807;"African Journal of Legal Studies";journal;"17087384, 22109730";"Brill Academic Publishers";No;No;0,180;Q3;16;17;50;2022;26;44;0,43;118,94;31,58;0;Netherlands;Western Europe;"Brill Academic Publishers";"2004-2006, 2008-2009, 2011-2026";"Law (Q3); Political Science and International Relations (Q3); Sociology and Political Science (Q3)";"Social Sciences"
1021;5600153516;"International Journal of Iberian Studies";journal;"17589150, 1364971X";"Intellect Ltd.";No;No;0,180;Q3;9;15;53;669;21;52;0,38;44,60;43,75;0;United Kingdom;Western Europe;"Intellect Ltd.";"2012-2025";"Cultural Studies (Q2); History (Q2); Political Science and International Relations (Q3); Sociology and Political Science (Q3)";"Arts and Humanities; Social Sciences"
1022;21100842804;"Sociologia Urbana e Rurale";journal;"03924939, 19718403";"FrancoAngeli Edizioni";No;No;0,180;Q3;7;25;111;1263;26;108;0,24;50,52;52,27;0;Italy;Western Europe;"FrancoAngeli Edizioni";"2017-2025";"Demography (Q3); Sociology and Political Science (Q3); Urban Studies (Q3); Geography, Planning and Development (Q4); Nature and Landscape Conservation (Q4)";"Environmental Science; Social Sciences"
1023;21101124075;"Dotawo";journal;"23732571";"eScholarship Publishing";Yes;Yes;0,179;Q3;3;0;6;0;2;5;0,33;0,00;0,00;0;United States;Northern America;"eScholarship Publishing";"2019-2020, 2023";"Linguistics and Language (Q2); Anthropology (Q3); Gender Studies (Q3); Sociology and Political Science (Q3)";"Social Sciences"
1024;21101151824;"International Quarterly for Asian Studies";journal;"2566686X, 25666878";"Arnold-Bergstraesser-Institute";Yes;Yes;0,179;Q3;7;12;65;394;44;55;0,51;32,83;100,00;0;Germany;Western Europe;"Arnold-Bergstraesser-Institute";"2019-2025";"Cultural Studies (Q2); Anthropology (Q3); Political Science and International Relations (Q3); Sociology and Political Science (Q3)";"Social Sciences"
1025;19700169859;"Journal for the Study of Radicalism";journal;"19301197, 19301189";"Michigan State University Press";No;No;0,179;Q3;14;15;45;1409;19;37;0,18;93,93;11,76;0;United States;Northern America;"Michigan State University Press";"2010-2025";"History (Q2); Sociology and Political Science (Q3)";"Arts and Humanities; Social Sciences"
1026;21100797848;"Potchefstroom Electronic Law Journal";journal;"17273781";"North-West Unversity";Yes;No;0,179;Q3;15;58;246;3104;96;232;0,35;53,52;44,90;0;South Africa;Africa;"North-West Unversity";"2013-2026";"Law (Q3); Sociology and Political Science (Q3)";"Social Sciences"
1027;21101090844;"Revista del Ministerio de Trabajo y Economia Social";journal;"26604655, 26604647";"";No;No;0,179;Q3;4;19;102;555;14;92;0,05;29,21;43,75;0;Spain;Western Europe;"";"2020-2025";"Demography (Q3); Economics, Econometrics and Finance (miscellaneous) (Q3); Law (Q3); Sociology and Political Science (Q3)";"Economics, Econometrics and Finance; Social Sciences"
1028;17356;"Revista Mexicana de Sociologia";journal;"25940651, 01882503";"Universidad Nacional Autonoma de Mexico";Yes;Yes;0,179;Q3;19;30;122;1489;58;122;0,40;49,63;28,95;0;Mexico;Latin America;"Universidad Nacional Autonoma de Mexico";"1976, 1978-1979, 1981, 1983, 1985, 1988, 1990, 1993, 1995-1996, 2011-2025";"Social Sciences (miscellaneous) (Q3); Sociology and Political Science (Q3)";"Social Sciences"
1029;18157;"Sojourn";journal;"17932858, 02179520";"ISEAS - Yusof Ishak Institute";No;No;0,179;Q3;26;16;52;775;39;46;0,76;48,44;31,25;0;Singapore;Asiatic Region;"ISEAS - Yusof Ishak Institute";"1988-1993, 1995-1996, 1999-2001, 2003-2025";"Anthropology (Q3); Sociology and Political Science (Q3)";"Social Sciences"
1030;21100894873;"World Review of Political Economy";journal;"20428928, 2042891X";"Pluto Journals";Yes;Yes;0,179;Q3;9;10;85;567;50;82;0,54;56,70;23,08;0;United Kingdom;Western Europe;"Pluto Journals";"2018-2025";"Economics, Econometrics and Finance (miscellaneous) (Q3); Political Science and International Relations (Q3); Sociology and Political Science (Q3)";"Economics, Econometrics and Finance; Social Sciences"
1031;21100824547;"History and Sociology of South Asia";journal;"22308075, 22495312";"SAGE Publications Ltd";No;No;0,178;Q3;7;18;38;145;19;35;0,44;8,06;42,86;0;United Kingdom;Western Europe;"SAGE Publications Ltd";"2011-2026";"Cultural Studies (Q2); History (Q2); Sociology and Political Science (Q3)";"Arts and Humanities; Social Sciences"
1032;21101272595;"International Journal of Law and Society";journal;"28279050, 28279042";"CV Najaha";No;No;0,178;Q3;4;27;52;1525;38;52;0,91;56,48;32,31;0;Indonesia;Asiatic Region;"CV Najaha";"2022-2026";"Arts and Humanities (miscellaneous) (Q2); Political Science and International Relations (Q3); Social Sciences (miscellaneous) (Q3); Sociology and Political Science (Q3)";"Arts and Humanities; Social Sciences"
1033;19900194804;"Journal of the Statistical and Social Inquiry Society of Ireland";journal;"00814776";"Statistical and Social Inquiry Society of Ireland";No;No;0,178;Q3;9;9;31;385;12;23;0,47;42,78;31,25;0;Ireland;Western Europe;"Statistical and Social Inquiry Society of Ireland";"2009-2011, 2014-2015, 2017-2025";"Sociology and Political Science (Q3); Economics and Econometrics (Q4); Statistics, Probability and Uncertainty (Q4)";"Decision Sciences; Economics, Econometrics and Finance; Social Sciences"
1034;5700164339;"Lua Nova";journal;"01026445";"CEDEC";Yes;Yes;0,178;Q3;19;13;94;696;29;89;0,32;53,54;41,18;0;Brazil;Latin America;"CEDEC";"2006-2025";"Sociology and Political Science (Q3)";"Social Sciences"
1035;20961;"Science and Society";journal;"00368237";"SAGE Publications Ltd";No;No;0,178;Q3;33;0;106;0;57;98;0,32;0,00;0,00;0;United States;Northern America;"SAGE Publications Ltd";"1977, 1979, 1981, 1984, 1986, 1990, 1996-2024";"Sociology and Political Science (Q3)";"Social Sciences"
1036;21101087297;"Feminist Encounters";journal;"24684414";"Lectito";Yes;Yes;0,177;Q3;9;29;93;1595;58;84;0,67;55,00;86,84;0;Netherlands;Western Europe;"Lectito";"2019-2026";"Cultural Studies (Q2); Anthropology (Q3); Gender Studies (Q3); Sociology and Political Science (Q3)";"Social Sciences"
1037;5600156595;"Historical Research";journal;"14682281, 09503471";"Wiley-Blackwell Publishing Ltd";No;No;0,177;Q3;31;31;95;3791;41;91;0,29;122,29;37,14;0;United Kingdom;Western Europe;"Wiley-Blackwell Publishing Ltd";"1923-2026";"Cultural Studies (Q2); History (Q2); Sociology and Political Science (Q3)";"Arts and Humanities; Social Sciences"
1038;82318;"Revista de Estudios Regionales";journal;"02137585";"Asociacion Universidades Publicas de Andalucia";No;No;0,177;Q3;12;13;62;726;19;62;0,19;55,85;28,57;0;Spain;Western Europe;"Asociacion Universidades Publicas de Andalucia";"1978, 2006, 2012-2025";"Sociology and Political Science (Q3); Development (Q4); Economics and Econometrics (Q4)";"Economics, Econometrics and Finance; Social Sciences"
1039;26962;"Tidsskrift for Samfunnsforskning";journal;"1504291X, 0040716X";"Scandinavian University Press";Yes;Yes;0,177;Q3;12;15;55;712;32;55;0,63;47,47;63,33;0;Norway;Western Europe;"Scandinavian University Press";"1970, 1976, 1980-1982, 1985, 1987, 1998-1999, 2001-2025";"Social Sciences (miscellaneous) (Q3); Sociology and Political Science (Q3)";"Social Sciences"
1040;5700153945;"Alternative Law Journal";journal;"1037969X, 23989084";"SAGE Publications Inc.";No;No;0,176;Q3;18;60;172;1460;112;132;0,64;24,33;70,49;0;United Kingdom;Western Europe;"SAGE Publications Inc.";"2002-2026";"Law (Q3); Sociology and Political Science (Q3)";"Social Sciences"
1041;21100823440;"Corvinus Journal of Sociology and Social Policy";journal;"2062087X, 20615558";"Corvinus University of Budapest";Yes;Yes;0,176;Q3;10;6;65;269;31;61;0,42;44,83;58,33;0;Hungary;Eastern Europe;"Corvinus University of Budapest";"2016-2025";"Social Sciences (miscellaneous) (Q3); Sociology and Political Science (Q3); Economics, Econometrics and Finance (miscellaneous) (Q4)";"Economics, Econometrics and Finance; Social Sciences"
1042;33459;"Desarrollo y Sociedad";journal;"01203584, 19007760";"Universidad de los Andes, Colombia";Yes;Yes;0,176;Q3;11;17;58;678;19;51;0,31;39,88;30,30;0;Colombia;Latin America;"Universidad de los Andes, Colombia";"1979-1985, 1994, 2010-2025";"Political Science and International Relations (Q3); Sociology and Political Science (Q3); Development (Q4); Economics and Econometrics (Q4)";"Economics, Econometrics and Finance; Social Sciences"
1043;50047;"Journal of Southeast Asian Studies";journal;"14740680, 00224634";"Cambridge University Press";No;No;0,176;Q3;41;5;92;548;45;82;0,56;109,60;20,00;0;United Kingdom;Western Europe;"Cambridge University Press";"1970-2025";"History (Q2); Sociology and Political Science (Q3); Geography, Planning and Development (Q4)";"Arts and Humanities; Social Sciences"
1044;4400151416;"Muslim World Journal of Human Rights";journal;"15544419, 21946558";"Walter de Gruyter GmbH";No;No;0,176;Q3;15;7;11;555;10;11;1,00;79,29;55,56;0;Germany;Western Europe;"Walter de Gruyter GmbH";"2006-2007, 2009-2025";"Law (Q3); Political Science and International Relations (Q3); Sociology and Political Science (Q3)";"Social Sciences"
1045;16843;"Rassegna Italiana di Sociologia";journal;"26121433, 04860349";"Societa Editrice Il Mulino";No;No;0,176;Q3;17;24;152;1541;62;143;0,46;64,21;70,59;0;Italy;Western Europe;"Societa Editrice Il Mulino";"1979, 1997-2025";"Sociology and Political Science (Q3)";"Social Sciences"
1046;21101304611;"Review of Agrarian Studies";journal;"22489002, 22494405";"Tulika Books";No;No;0,176;Q3;11;15;44;249;24;21;0,33;16,60;33,33;0;India;Asiatic Region;"Tulika Books";"2018-2025";"Social Sciences (miscellaneous) (Q3); Sociology and Political Science (Q3)";"Social Sciences"
1047;19700177314;"Revista de Cercetare si Interventie Sociala";journal;"15833410, 15845397";"Expert Projects";Yes;No;0,176;Q3;19;43;145;1504;91;145;0,54;34,98;48,00;0;Romania;Eastern Europe;"Expert Projects";"2008-2025";"Sociology and Political Science (Q3); Health (social science) (Q4); Social Psychology (Q4)";"Psychology; Social Sciences"
1048;21101104841;"Topos";journal;"18150047, 2538886X";"European Humanities University";Yes;Yes;0,176;Q3;4;27;60;903;30;57;0,29;33,44;39,39;0;Lithuania;Eastern Europe;"European Humanities University";"2019-2025";"Cultural Studies (Q2); Philosophy (Q2); Sociology and Political Science (Q3)";"Arts and Humanities; Social Sciences"
1049;21100465083;"Israel Studies Review";journal;"21590370, 21590389";"Berghahn Journals";No;No;0,175;Q3;11;24;64;959;42;59;0,57;39,96;70,97;0;United States;Northern America;"Berghahn Journals";"2015-2025";"Cultural Studies (Q2); History (Q2); Sociology and Political Science (Q3)";"Arts and Humanities; Social Sciences"
1050;21100891827;"Journal of African Union Studies";journal;"20504306, 20504292";"Adonis &amp; Abbey Publishers Ltd.";No;No;0,175;Q3;10;24;74;1134;41;70;0,57;47,25;34,04;0;United Kingdom;Western Europe;"Adonis &amp; Abbey Publishers Ltd.";"2012-2025";"Political Science and International Relations (Q3); Sociology and Political Science (Q3); Development (Q4)";"Social Sciences"
1051;21101154806;"Proceedings of the European Conference on Management, Leadership and Governance";conference and proceedings;"2048903X, 20489021";"Academic Conferences and Publishing International Limited";No;No;0,175;-;7;63;232;1850;160;226;0,65;29,37;60,16;0;United Kingdom;Western Europe;"Academic Conferences and Publishing International Limited";"2022-2025";"Health (social science); Public Administration; Sociology and Political Science; Strategy and Management";"Business, Management and Accounting; Social Sciences"
1052;21100326093;"ESSACHESS - Journal for Communication Studies";journal;"1775352X, 20665083";"";Yes;No;0,174;Q3;12;22;58;944;26;56;0,61;42,91;53,85;0;France;Western Europe;"";"2014-2025";"Cultural Studies (Q2); Linguistics and Language (Q2); Religious Studies (Q2); Communication (Q3); Sociology and Political Science (Q3)";"Arts and Humanities; Social Sciences"
1053;5700165614;"Journal of Middle East Women's Studies";journal;"15525864, 15589579";"Duke University Press";No;No;0,174;Q3;18;17;97;570;51;92;0,45;33,53;89,47;0;United States;Northern America;"Duke University Press";"2013-2025";"Cultural Studies (Q2); History (Q2); Gender Studies (Q3); Sociology and Political Science (Q3)";"Arts and Humanities; Social Sciences"
1054;5600152866;"Studia Socjologiczne";journal;"00393371, 25452770";"Polska Akademia Nauk";Yes;No;0,174;Q3;10;34;89;1907;41;80;0,46;56,09;64,81;0;Poland;Eastern Europe;"Polska Akademia Nauk";"2008-2025";"Sociology and Political Science (Q3)";"Social Sciences"
1055;21101267554;"Indonesian State Law Review";journal;"26548763, 26543125";"Universitas Negeri Semarang";No;No;0,173;Q3;5;10;35;450;19;35;0,20;45,00;42,86;0;Indonesia;Asiatic Region;"Universitas Negeri Semarang";"2020-2025";"Law (Q3); Political Science and International Relations (Q3); Sociology and Political Science (Q3); Public Administration (Q4)";"Social Sciences"
1056;21100811505;"Symposion";journal;"23926260, 1584174X";"Gheorghe Zane Institute for Economic and Social Research, Romanian Academy, Iasi Branch";Yes;Yes;0,173;Q3;6;14;43;498;14;43;0,24;35,57;17,65;0;Romania;Eastern Europe;"Gheorghe Zane Institute for Economic and Social Research, Romanian Academy, Iasi Branch";"2014-2025";"Philosophy (Q2); Sociology and Political Science (Q3)";"Arts and Humanities; Social Sciences"
1057;21100898604;"Vibrant Virtual Brazilian Anthropology";journal;"18094341";"Brazilian Anthropology Association";Yes;Yes;0,173;Q3;8;25;116;1270;41;106;0,38;50,80;57,14;0;Brazil;Latin America;"Brazilian Anthropology Association";"2018-2025";"Cultural Studies (Q2); Anthropology (Q3); Sociology and Political Science (Q3); Urban Studies (Q3)";"Social Sciences"
1058;5700160810;"Boundary 2";journal;"01903659, 15272141";"Duke University Press";No;No;0,171;Q3;34;8;114;292;47;101;0,52;36,50;28,57;0;United States;Northern America;"Duke University Press";"2002-2025";"Literature and Literary Theory (Q1); Cultural Studies (Q2); History (Q2); Sociology and Political Science (Q3)";"Arts and Humanities; Social Sciences"
1059;21100396382;"Materiali per una Storia della Cultura Giuridica";journal;"2612209X, 11209607";"Societa Editrice Il Mulino";No;No;0,171;Q3;6;32;86;2012;14;84;0,19;62,88;42,86;0;Italy;Western Europe;"Societa Editrice Il Mulino";"2015-2025";"Law (Q3); Sociology and Political Science (Q3)";"Social Sciences"
1060;7200153148;"Revista Brasileira de Gestao e Desenvolvimento Regional";journal;"1809239X";"Universidade de Taubate";Yes;No;0,171;Q3;10;57;170;2170;42;160;0,23;38,07;41,10;0;Brazil;Latin America;"Universidade de Taubate";"2007-2026";"Sociology and Political Science (Q3); Urban Studies (Q3); Environmental Science (miscellaneous) (Q4); Geography, Planning and Development (Q4)";"Environmental Science; Social Sciences"
1061;24328;"Revista de Indias";journal;"00348341, 19883188";"CSIC Consejo Superior de Investigaciones Cientificas";Yes;Yes;0,171;Q3;19;15;90;786;28;89;0,20;52,40;38,46;0;Spain;Western Europe;"CSIC Consejo Superior de Investigaciones Cientificas";"1980, 1983, 1985-1987, 1996-2025";"Cultural Studies (Q2); History (Q2); Sociology and Political Science (Q3)";"Arts and Humanities; Social Sciences"
1062;21100229170;"Revista Portuguesa de Estudos Regionais";journal;"1645586X";"APEQ - Associacao Portuguesa para o Estudo do Quaternario";Yes;Yes;0,171;Q3;10;21;97;1234;43;96;0,38;58,76;46,67;0;Portugal;Western Europe;"APEQ - Associacao Portuguesa para o Estudo do Quaternario";"2012-2025";"Sociology and Political Science (Q3); Urban Studies (Q3); Geography, Planning and Development (Q4)";"Social Sciences"
1063;19600157014;"Soviet and Post Soviet Review";journal;"18763324, 10751262";"Brill Academic Publishers";No;No;0,171;Q3;12;20;43;1409;13;33;0,21;70,45;55,56;0;Netherlands;Western Europe;"Brill Academic Publishers";"1974-1977, 1979, 1981, 1983-1984, 1987-1990, 1992-2000, 2007, 2009-2026";"History (Q2); Sociology and Political Science (Q3)";"Arts and Humanities; Social Sciences"
1064;5600152881;"Human Affairs";journal;"12103055, 1337401X";"Walter de Gruyter GmbH";No;No;0,170;Q3;23;39;117;1673;64;110;0,66;42,90;46,97;0;Germany;Western Europe;"Walter de Gruyter GmbH";"1991-2026";"Philosophy (Q2); Law (Q3); Sociology and Political Science (Q3)";"Arts and Humanities; Social Sciences"
1065;21100856146;"IPPR Progressive Review";journal;"25732331, 25732323";"John Wiley and Sons Inc";No;No;0,170;Q3;11;6;130;75;45;96;0,38;12,50;60,00;1;United States;Northern America;"John Wiley and Sons Inc";"2017-2026";"Political Science and International Relations (Q3); Sociology and Political Science (Q3); Economics, Econometrics and Finance (miscellaneous) (Q4)";"Economics, Econometrics and Finance; Social Sciences"
1066;21101152866;"Lentera Hukum";journal;"23554673, 26213710";"University of Jember";Yes;No;0,170;Q3;8;11;44;726;65;42;1,48;66,00;51,85;0;Indonesia;Asiatic Region;"University of Jember";"2019-2025";"Law (Q3); Sociology and Political Science (Q3)";"Social Sciences"
1067;21100838801;"African Evaluation Journal";journal;"23065133, 23104988";"AOSIS (Pty) Ltd";Yes;No;0,169;Q3;12;6;54;233;37;50;0,41;38,83;43,75;0;South Africa;Africa;"AOSIS (Pty) Ltd";"2017-2025";"Sociology and Political Science (Q3); Development (Q4)";"Social Sciences"
1068;5600156881;"Intellectual Discourse";journal;"22895639, 01284878";"International Islamic University Malaysia";Yes;No;0,169;Q3;15;45;73;1998;42;66;0,58;44,40;42,86;0;Malaysia;Asiatic Region;"International Islamic University Malaysia";"2011-2026";"Philosophy (Q2); Sociology and Political Science (Q3)";"Arts and Humanities; Social Sciences"
1069;100147340;"Socialism and Democracy";journal;"08854300, 17452635";"Taylor and Francis Ltd.";No;No;0,169;Q3;21;14;75;238;35;66;0,26;17,00;8,33;0;United Kingdom;Western Europe;"Taylor and Francis Ltd.";"1985-1992, 1995-1997, 1999-2002, 2004-2026";"Sociology and Political Science (Q3)";"Social Sciences"
1070;21101051701;"Transitions: Journal of Transient Migration";journal;"23977159, 23977140";"Intellect Ltd.";No;No;0,169;Q3;8;16;16;1020;12;16;0,70;63,75;62,96;0;United Kingdom;Western Europe;"Intellect Ltd.";"2019-2026";"Cultural Studies (Q2); Demography (Q3); Gender Studies (Q3); Social Sciences (miscellaneous) (Q3); Sociology and Political Science (Q3)";"Social Sciences"
1071;15024;"Africa Today";journal;"15271978, 00019887";"Indiana University Press";No;No;0,168;Q3;42;13;68;699;46;65;0,74;53,77;52,94;0;United States;Northern America;"Indiana University Press";"1981, 1984, 1993, 1996-2025";"Sociology and Political Science (Q3); Geography, Planning and Development (Q4)";"Social Sciences"
1072;21100891788;"African Renaissance";journal;"25165305, 17442532";"Adonis and Abbey Publishers Ltd";No;No;0,168;Q3;11;99;263;4471;113;249;0,40;45,16;30,60;0;United Kingdom;Western Europe;"Adonis and Abbey Publishers Ltd";"2004-2025";"Political Science and International Relations (Q3); Sociology and Political Science (Q3); Development (Q4); Public Administration (Q4)";"Social Sciences"
1073;21101060471;"East/West: Journal of Ukrainian Studies";journal;"22927956";"University of Alberta";Yes;Yes;0,167;Q3;6;6;35;261;28;27;0,10;43,50;60,00;0;Canada;Northern America;"University of Alberta";"2016, 2019-2023, 2025";"Literature and Literary Theory (Q1); History (Q2); Linguistics and Language (Q2); Sociology and Political Science (Q3)";"Arts and Humanities; Social Sciences"
1074;19177;"History of Political Thought";journal;"0143781X";"Imprint Academic";No;No;0,167;Q3;32;29;93;1915;31;90;0,14;66,03;23,08;0;United Kingdom;Western Europe;"Imprint Academic";"1984, 1987, 1996-2025";"History (Q2); Philosophy (Q2); Sociology and Political Science (Q3)";"Arts and Humanities; Social Sciences"
1075;17600154906;"Pouvoirs: Revue d'Etudes Constitutionnelles et Politiques";journal;"21010390, 01520768";"Editions du Seuil";No;No;0,167;Q3;12;0;88;0;10;83;0,11;0,00;0,00;0;France;Western Europe;"Editions du Seuil";"2001-2024";"Political Science and International Relations (Q3); Sociology and Political Science (Q3)";"Social Sciences"
1076;19900193554;"Revista de Derecho Comunitario Europeo";journal;"19895569, 11384026";"Centro de Estudios Politicos y Constitucionales";No;No;0,167;Q3;9;27;75;803;31;62;0,38;29,74;29,63;1;Spain;Western Europe;"Centro de Estudios Politicos y Constitucionales";"2008-2025";"Law (Q3); Political Science and International Relations (Q3); Sociology and Political Science (Q3)";"Social Sciences"
1077;21101039081;"International Journal of Sociology of Agriculture and Food";journal;"25241982, 07981759";"";No;No;0,166;Q3;7;15;43;1184;28;43;0,69;78,93;40,00;0;United States;Northern America;"";"2019-2025";"Cultural Studies (Q2); Sociology and Political Science (Q3); Food Science (Q4)";"Agricultural and Biological Sciences; Social Sciences"
1078;20067;"Irish Economic and Social History";journal;"03324893, 20504918";"SAGE Publications Inc.";No;No;0,166;Q3;9;7;25;346;7;25;0,29;49,43;11,11;0;United Kingdom;Western Europe;"SAGE Publications Inc.";"1975-1976, 1979, 1999-2025";"History (Q2); Sociology and Political Science (Q3)";"Arts and Humanities; Social Sciences"
1079;5700162134;"Journal of Modern Jewish Studies";journal;"14725886, 14725894";"Routledge";No;No;0,166;Q3;13;41;93;2006;28;88;0,32;48,93;44,19;0;United Kingdom;Western Europe;"Routledge";"2002, 2010-2026";"Cultural Studies (Q2); History (Q2); Political Science and International Relations (Q3); Sociology and Political Science (Q3)";"Arts and Humanities; Social Sciences"
1080;21101142416;"Journal of Underrepresented and Minority Progress";journal;"25743465, 25743481";"STAR Scholars Network";No;No;0,166;Q3;6;41;61;1775;46;59;0,80;43,29;63,41;0;United States;Northern America;"STAR Scholars Network";"2019-2025";"Cultural Studies (Q2); Philosophy (Q2); Sociology and Political Science (Q3); Education (Q4); Psychology (miscellaneous) (Q4)";"Arts and Humanities; Psychology; Social Sciences"
1081;21101199909;"Memleket: Siyaset Ve Yonetim";journal;"13068202";"Yerel Yonetim Arastirma Yardim ve Egitim Dernegi";No;No;0,166;Q3;2;16;67;846;17;65;0,21;52,88;13,04;0;Turkey;Middle East;"Yerel Yonetim Arastirma Yardim ve Egitim Dernegi";"2019-2025";"Sociology and Political Science (Q3); Public Administration (Q4)";"Social Sciences"
1082;21100814517;"Space and Culture, India";journal;"20528396";"ACCB Publishing";Yes;No;0,166;Q3;17;35;96;1703;52;89;0,56;48,66;42,86;0;United Kingdom;Western Europe;"ACCB Publishing";"2013-2025";"Arts and Humanities (miscellaneous) (Q2); Cultural Studies (Q2); Gender Studies (Q3); Sociology and Political Science (Q3); Development (Q4); Economics, Econometrics and Finance (miscellaneous) (Q4); Education (Q4)";"Arts and Humanities; Economics, Econometrics and Finance; Social Sciences"
1083;21100805774;"Acta Politologica";journal;"18038220, 18041302";"";Yes;Yes;0,165;Q3;8;0;28;0;16;26;0,65;0,00;0,00;0;Czech Republic;Eastern Europe;"";"2016-2024";"Sociology and Political Science (Q3)";"Social Sciences"
1084;21101203742;"Asia Pacific Journal of Social Work and Development";journal;"29949769, 21650993";"Routledge";No;No;0,165;Q3;4;60;29;2889;19;25;0,66;48,15;48,91;0;United Kingdom;Western Europe;"Routledge";"2012, 2014, 2024-2026";"Social Sciences (miscellaneous) (Q3); Sociology and Political Science (Q3)";"Social Sciences"
1085;5200152619;"Revista de Sociologia e Politica";journal;"01044478, 16789873";"Universidade Federal do Parana";Yes;No;0,165;Q3;22;6;73;337;24;73;0,31;56,17;50,00;0;Brazil;Latin America;"Universidade Federal do Parana";"2006-2025";"Sociology and Political Science (Q3)";"Social Sciences"
1086;19556;"Holocaust and Genocide Studies";journal;"14767937, 87566583";"Oxford University Press";No;No;0,164;Q3;26;25;63;2456;30;60;0,41;98,24;55,56;0;United Kingdom;Western Europe;"Oxford University Press";"1986-2025";"History (Q2); Political Science and International Relations (Q3); Sociology and Political Science (Q3)";"Arts and Humanities; Social Sciences"
1087;21101387481;"Human Rights in the Global South";journal;"29625556";"Serikat Pengajar Hak Asasi Manusia Indonesia";No;No;0,164;Q3;3;2;13;151;12;13;0,67;75,50;66,67;0;Indonesia;Asiatic Region;"Serikat Pengajar Hak Asasi Manusia Indonesia";"2022-2025";"Gender Studies (Q3); Law (Q3); Political Science and International Relations (Q3); Sociology and Political Science (Q3)";"Social Sciences"
1088;21101072517;"International Journal of Social Quality (United States)";journal;"17570352, 17570344";"Berghahn Journals";Yes;Yes;0,164;Q3;6;0;25;0;18;19;0,29;0,00;0,00;0;United Kingdom;Western Europe;"Berghahn Journals";"2019, 2021-2024";"Sociology and Political Science (Q3); Geography, Planning and Development (Q4); Health (social science) (Q4)";"Social Sciences"
1089;21101075056;"Redescriptions: Political Thought, Conceptual History and Feminist Theory";journal;"23080914, 23080906";"Helsinki University Press";Yes;Yes;0,164;Q3;4;11;33;573;16;27;0,30;52,09;42,86;0;Finland;Western Europe;"Helsinki University Press";"2021-2025";"History (Q2); Gender Studies (Q3); Sociology and Political Science (Q3)";"Arts and Humanities; Social Sciences"
1090;14214;"Critical Horizons";journal;"14409917, 15685160";"Maney Publishing";No;No;0,163;Q3;25;7;74;258;44;71;0,75;36,86;16,67;0;United Kingdom;Western Europe;"Maney Publishing";"2003-2026";"Philosophy (Q2); Sociology and Political Science (Q3)";"Arts and Humanities; Social Sciences"
1091;14973;"Histoire Sociale";journal;"19186576, 00182257";"University of Toronto Press";No;No;0,163;Q3;15;15;51;1369;14;46;0,31;91,27;23,53;0;Canada;Northern America;"University of Toronto Press";"1976-1977, 1979, 1981, 1983-1987, 1996-2025";"History (Q2); Sociology and Political Science (Q3)";"Arts and Humanities; Social Sciences"
1092;19900191907;"International Journal of Asia-Pacific Studies";journal;"18236243";"Penerbit Universiti Sains Malaysia";Yes;No;0,163;Q3;13;26;54;1806;41;54;0,68;69,46;39,13;0;Malaysia;Asiatic Region;"Penerbit Universiti Sains Malaysia";"2011-2025";"Cultural Studies (Q2); Sociology and Political Science (Q3)";"Social Sciences"
1093;5600152970;"Japanese Studies";journal;"10371397, 14699338";"Routledge";No;No;0,163;Q3;25;17;56;955;32;53;0,55;56,18;36,84;0;United Kingdom;Western Europe;"Routledge";"1981-2025";"Cultural Studies (Q2); History (Q2); Political Science and International Relations (Q3); Sociology and Political Science (Q3)";"Arts and Humanities; Social Sciences"
1094;21101039257;"Revista Brasileira de Estudos Politicos";journal;"23595736, 00347191";"Universidade Federal de Minas Gerais, Faculdade de Letras";Yes;Yes;0,163;Q3;5;20;96;730;12;93;0,15;36,50;26,92;0;Brazil;Latin America;"Universidade Federal de Minas Gerais, Faculdade de Letras";"2019-2025";"Law (Q3); Sociology and Political Science (Q3)";"Social Sciences"
1095;21100812584;"Revista Republicana";journal;"19094450, 22565027";"Corporacion Universitaria Republicana";Yes;No;0,163;Q3;9;18;60;664;13;60;0,23;36,89;21,88;0;Colombia;Latin America;"Corporacion Universitaria Republicana";"2016-2025";"Law (Q3); Sociology and Political Science (Q3)";"Social Sciences"
1096;18303;"Acta Poloniae Historica";journal;"00016829, 24508462";"Polska Akademia Nauk";Yes;No;0,162;Q3;9;0;53;0;18;52;0,30;0,00;0,00;0;Poland;Eastern Europe;"Polska Akademia Nauk";"1968, 1999, 2001-2024";"Cultural Studies (Q2); History (Q2); Gender Studies (Q3); Sociology and Political Science (Q3)";"Arts and Humanities; Social Sciences"
1097;21100421902;"Iberoamerican Journal of Development Studies";journal;"22542035";"University of Zaragoza";Yes;Yes;0,162;Q3;11;20;66;1461;42;66;0,56;73,05;47,62;0;Spain;Western Europe;"University of Zaragoza";"2012-2025";"History (Q2); Law (Q3); Sociology and Political Science (Q3); Development (Q4); Geography, Planning and Development (Q4)";"Arts and Humanities; Social Sciences"
1098;19300157026;"Journal of Chinese Overseas";journal;"17930391, 17932548";"Brill Academic Publishers";No;No;0,162;Q3;13;11;42;477;20;40;0,26;43,36;70,00;0;Netherlands;Western Europe;"Brill Academic Publishers";"2007-2025";"Cultural Studies (Q2); History (Q2); Anthropology (Q3); Sociology and Political Science (Q3)";"Arts and Humanities; Social Sciences"
1099;5800169741;"Social Work and Society";journal;"16138953";"University of Duisburg";Yes;Yes;0,162;Q3;18;18;82;948;32;82;0,25;52,67;63,33;0;Germany;Western Europe;"University of Duisburg";"2012-2025";"Social Sciences (miscellaneous) (Q3); Sociology and Political Science (Q3)";"Social Sciences"
1100;16000154750;"Cahiers du Monde Russe";journal;"12526576, 17775388";"College de France, Ecole des Hautes Etudes en Sciences Sociales (E H E S S)";No;No;0,161;Q3;17;0;119;0;15;111;0,19;0,00;0,00;0;France;Western Europe;"College de France, Ecole des Hautes Etudes en Sciences Sociales (E H E S S)";"1999, 2001-2024";"History (Q2); Political Science and International Relations (Q3); Sociology and Political Science (Q3)";"Arts and Humanities; Social Sciences"
1101;5600155520;"Journal of Church and State";journal;"0021969X, 20404867";"Oxford University Press";No;No;0,161;Q3;21;19;70;1602;30;67;0,43;84,32;39,13;0;United States;Northern America;"Oxford University Press";"1959-1978, 1980-1996, 1998-2026";"History (Q2); Religious Studies (Q2); Sociology and Political Science (Q3)";"Arts and Humanities; Social Sciences"
1102;21100944137;"Plural. History. Culture. Society";journal;"2345184X, 23451262";"Ion Creanga State Pedagogical University";Yes;Yes;0,159;Q3;4;6;42;295;14;42;0,29;49,17;11,11;0;Moldova;Eastern Europe;"Ion Creanga State Pedagogical University";"2018-2025";"Cultural Studies (Q2); History (Q2); Sociology and Political Science (Q3)";"Arts and Humanities; Social Sciences"
1103;24268;"Korean Studies";journal;"0145840X, 15291529";"University of Hawaii Press";No;No;0,158;Q3;7;14;48;1436;14;44;0,33;102,57;41,67;0;United States;Northern America;"University of Hawaii Press";"1991-1998, 2017-2025";"Literature and Literary Theory (Q1); Cultural Studies (Q2); History (Q2); Visual Arts and Performing Arts (Q2); Anthropology (Q3); Arts and Humanities (miscellaneous) (Q3); Sociology and Political Science (Q3); Geography, Planning and Development (Q4); Social Sciences (miscellaneous) (Q4)";"Arts and Humanities; Social Sciences"
1104;27980;"Modern Judaism";journal;"10863273, 02761114";"Oxford University Press";No;No;0,158;Q3;19;12;42;1019;14;42;0,36;84,92;40,00;0;United Kingdom;Western Europe;"Oxford University Press";"1981-2025";"Cultural Studies (Q2); History (Q2); Religious Studies (Q2); Sociology and Political Science (Q3); Political Science and International Relations (Q4)";"Arts and Humanities; Social Sciences"
1105;21100451196;"Online Journal Modelling the New Europe";journal;"22470514";"Faculty of European Studies";Yes;Yes;0,158;Q3;11;26;65;1134;29;65;0,40;43,62;45,71;0;Romania;Eastern Europe;"Faculty of European Studies";"2015-2025";"Sociology and Political Science (Q3); Political Science and International Relations (Q4)";"Social Sciences"
1106;19900191837;"Parliaments, Estates and Representation";journal;"1947248X, 02606755";"Taylor and Francis Ltd.";No;No;0,158;Q3;11;32;62;1473;18;56;0,34;46,03;43,90;0;United Kingdom;Western Europe;"Taylor and Francis Ltd.";"1981-2026";"History (Q2); Sociology and Political Science (Q3)";"Arts and Humanities; Social Sciences"
1107;16000154770;"Tijdschrift voor Sociale en Economische Geschiedenis";journal;"15721701";"Netherlands Institute of International Relations";Yes;Yes;0,158;Q3;16;16;63;996;25;60;0,33;62,25;35,29;0;Netherlands;Western Europe;"Netherlands Institute of International Relations";"2004-2025";"History (Q2); Sociology and Political Science (Q3); Economics, Econometrics and Finance (miscellaneous) (Q4)";"Arts and Humanities; Economics, Econometrics and Finance; Social Sciences"
1108;21100900373;"Asian International Studies Review";journal;"12268240";"Brill Academic Publishers";No;No;0,157;Q3;7;9;29;666;18;29;0,53;74,00;54,55;0;Netherlands;Western Europe;"Brill Academic Publishers";"2018-2025";"Cultural Studies (Q2); History (Q2); Sociology and Political Science (Q3); Business and International Management (Q4); Industrial Relations (Q4)";"Arts and Humanities; Business, Management and Accounting; Social Sciences"
1109;21101045759;"Encuentros (Maracaibo)";journal;"26108046, 23436131";"Universidad Nacional Experimental Rafael Maria Baralt";Yes;Yes;0,157;Q3;6;107;256;3372;100;246;0,46;31,51;45,27;0;Venezuela;Latin America;"Universidad Nacional Experimental Rafael Maria Baralt";"2019-2025";"History (Q2); Philosophy (Q2); Anthropology (Q3); Sociology and Political Science (Q3); Education (Q4); Social Sciences (miscellaneous) (Q4)";"Arts and Humanities; Social Sciences"
1110;21100900553;"Cultural Studies and Transdisciplinarity in Education";book series;"23457708, 23457716";"Springer";No;No;0,157;Q4;8;0;33;0;12;1;0,11;0,00;0,00;0;Singapore;Asiatic Region;"Springer";"2014-2023";"Cultural Studies (Q2); Education (Q4); Sociology and Political Science (Q4)";"Social Sciences"
1111;16800154750;"Middle East Journal of Culture and Communication";journal;"18739857, 18739865";"Brill Academic Publishers";No;No;0,157;Q4;18;10;73;422;56;70;0,81;42,20;33,33;0;Netherlands;Western Europe;"Brill Academic Publishers";"2008-2025";"Cultural Studies (Q2); Arts and Humanities (miscellaneous) (Q3); Communication (Q3); Political Science and International Relations (Q4); Sociology and Political Science (Q4)";"Arts and Humanities; Social Sciences"
1112;3900148501;"North American Journal of Psychology";journal;"15277143";"North American Journal of Psychology";No;No;0,156;Q4;35;94;159;3625;70;155;0,38;38,56;54,19;0;United States;Northern America;"North American Journal of Psychology";"2005-2025";"Developmental and Educational Psychology (Q4); Education (Q4); Psychology (miscellaneous) (Q4); Sociology and Political Science (Q4)";"Psychology; Social Sciences"
1113;23425;"Politicka Misao";journal;"18468721, 00323241";"Faculty of Political Sciences, University of Zagreb";Yes;No;0,156;Q4;13;24;84;1108;33;76;0,40;46,17;20,00;0;Croatia;Eastern Europe;"Faculty of Political Sciences, University of Zagreb";"1985, 2015-2026";"History (Q2); Political Science and International Relations (Q4); Sociology and Political Science (Q4)";"Arts and Humanities; Social Sciences"
1114;21100874343;"Politics and Religion Journal";journal;"18206581, 1820659X";"Center for Study of Religion and Religious Tolerance";Yes;Yes;0,156;Q4;10;23;58;843;14;47;0,28;36,65;24,00;0;Serbia;Eastern Europe;"Center for Study of Religion and Religious Tolerance";"2007-2025";"Religious Studies (Q2); Sociology and Political Science (Q4)";"Arts and Humanities; Social Sciences"
1115;19700173159;"Reforma y Democracia";journal;"13152378";"Centro Latinoamericano de Administracion para el Desarrollo";No;No;0,156;Q4;9;23;63;917;24;63;0,39;39,87;39,02;0;Venezuela;Latin America;"Centro Latinoamericano de Administracion para el Desarrollo";"2008-2025";"Public Administration (Q4); Sociology and Political Science (Q4)";"Social Sciences"
1116;18192;"Soziale Welt";journal;"00386073";"Nomos Verlagsgesellschaft mbH und Co KG";No;No;0,156;Q4;20;14;67;648;35;64;0,44;46,29;64,29;0;Germany;Western Europe;"Nomos Verlagsgesellschaft mbH und Co KG";"1996-2025";"Sociology and Political Science (Q4)";"Social Sciences"
1117;25764;"Internasjonal Politikk";journal;"18911757, 0020577X";"Cappelen Damm Akademisk";Yes;Yes;0,155;Q4;10;40;96;1878;29;93;0,29;46,95;56,25;0;Norway;Western Europe;"Cappelen Damm Akademisk";"1996-2026";"Political Science and International Relations (Q4); Sociology and Political Science (Q4)";"Social Sciences"
1118;21100227015;"Studies of Transition States and Societies";journal;"17368758, 1736874X";"Tallinn University";Yes;Yes;0,155;Q4;17;8;21;460;13;16;0,67;57,50;66,67;0;Estonia;Eastern Europe;"Tallinn University";"2009-2025";"Sociology and Political Science (Q4)";"Social Sciences"
1119;20500195092;"International Journal of Sustainable Society";journal;"17562546, 17562538";"Inderscience Enterprises Ltd";No;No;0,154;Q4;21;15;60;832;43;60;0,34;55,47;37,84;0;United Kingdom;Western Europe;"Inderscience Enterprises Ltd";"2008-2025";"Environmental Science (miscellaneous) (Q4); Geography, Planning and Development (Q4); Management, Monitoring, Policy and Law (Q4); Sociology and Political Science (Q4)";"Environmental Science; Social Sciences"
1120;21100876243;"Itinerarios";journal;"15077241";"University of Warsaw";No;No;0,154;Q4;5;12;91;532;9;90;0,06;44,33;50,00;0;Poland;Eastern Europe;"University of Warsaw";"2018-2025";"Literature and Literary Theory (Q1); History (Q2); Anthropology (Q3); Linguistics and Language (Q3); Sociology and Political Science (Q4)";"Arts and Humanities; Social Sciences"
1121;21100900136;"Perspectiva Teologica";journal;"21768757, 01024469";"Faculdade Jesuita de Filosofia e Teologia";Yes;Yes;0,154;Q4;4;42;134;1279;13;120;0,06;30,45;27,59;0;Brazil;Latin America;"Faculdade Jesuita de Filosofia e Teologia";"2018-2025";"Philosophy (Q2); Religious Studies (Q2); Education (Q4); Sociology and Political Science (Q4)";"Arts and Humanities; Social Sciences"
1122;5700168298;"Souls";journal;"10999949, 15483843";"Taylor and Francis Ltd.";No;No;0,154;Q4;28;5;14;221;11;13;0,50;44,20;84,62;0;United Kingdom;Western Europe;"Taylor and Francis Ltd.";"1999-2000, 2002-2022, 2025";"Cultural Studies (Q2); Sociology and Political Science (Q4)";"Social Sciences"
1123;17700155415;"Sungkyun Journal of East Asian Studies";journal;"25860380, 15982661";"Duke University Press";Yes;Yes;0,154;Q4;8;11;34;617;16;33;0,46;56,09;33,33;0;South Korea;Asiatic Region;"Duke University Press";"2010-2025";"Literature and Literary Theory (Q1); Cultural Studies (Q2); Religious Studies (Q2); Anthropology (Q3); Sociology and Political Science (Q4)";"Arts and Humanities; Social Sciences"
1124;21100889706;"Ekonomiaz";journal;"23404051, 02133865";"Servicio Central Publicaciones. Gobierno vasco";Yes;Yes;0,153;Q4;8;27;54;752;12;51;0,10;27,85;46,34;0;Spain;Western Europe;"Servicio Central Publicaciones. Gobierno vasco";"2016-2025";"Cultural Studies (Q2); Economics, Econometrics and Finance (miscellaneous) (Q4); Sociology and Political Science (Q4)";"Economics, Econometrics and Finance; Social Sciences"
1125;5600153617;"Irish Studies Review";journal;"14699303, 09670882";"Routledge";No;No;0,153;Q4;15;28;91;1197;53;82;0,55;42,75;56,76;0;United Kingdom;Western Europe;"Routledge";"1992-2002, 2010-2025";"Literature and Literary Theory (Q1); Cultural Studies (Q2); History (Q2); Sociology and Political Science (Q4)";"Arts and Humanities; Social Sciences"
1126;5600155086;"Rhetoric and Public Affairs";journal;"10948392, 15345238";"Michigan State University Press";No;No;0,153;Q4;21;4;59;569;27;58;0,21;142,25;80,00;0;United States;Northern America;"Michigan State University Press";"2010-2025";"Linguistics and Language (Q3); Communication (Q4); Sociology and Political Science (Q4)";"Social Sciences"
1127;21100215942;"Social Sciences and Missions";journal;"18748945, 18748937";"Brill Academic Publishers";No;No;0,153;Q4;7;15;39;696;14;36;0,27;46,40;22,22;0;Netherlands;Western Europe;"Brill Academic Publishers";"2012-2025";"Cultural Studies (Q2); Religious Studies (Q2); Social Sciences (miscellaneous) (Q4); Sociology and Political Science (Q4)";"Arts and Humanities; Social Sciences"
1128;25902;"South African Journal on Human Rights";journal;"02587203, 19962126";"Taylor and Francis Ltd.";No;No;0,153;Q4;19;6;51;293;25;49;0,31;48,83;40,00;0;United Kingdom;Western Europe;"Taylor and Francis Ltd.";"1986, 1992-1994, 2008-2026";"Law (Q3); Sociology and Political Science (Q4)";"Social Sciences"
1129;21100241803;"Amme Idaresi Dergisi";journal;"13001795";"Turkiye ve Orta Dogu Amme Idaresi Enstitusu";No;No;0,152;Q4;8;24;56;1366;21;56;0,41;56,92;31,25;0;Turkey;Middle East;"Turkiye ve Orta Dogu Amme Idaresi Enstitusu";"2008-2025";"Public Administration (Q4); Sociology and Political Science (Q4)";"Social Sciences"
1130;19700177537;"Anali Hrvatskog Politoloskog Drustva";journal;"18456707, 18475299";"Croatia Political Science Association";Yes;Yes;0,152;Q4;7;3;53;242;8;41;0,24;80,67;0,00;0;Croatia;Eastern Europe;"Croatia Political Science Association";"2016-2025";"Sociology and Political Science (Q4)";"Social Sciences"
1131;21101128471;"Asian Development Policy Review";journal;"23138343, 25182544";"Asian Economic and Social Society";No;No;0,152;Q4;8;30;66;1486;50;66;0,89;49,53;33,93;0;United States;Northern America;"Asian Economic and Social Society";"2019-2025";"Development (Q4); Economics, Econometrics and Finance (miscellaneous) (Q4); Management, Monitoring, Policy and Law (Q4); Sociology and Political Science (Q4)";"Economics, Econometrics and Finance; Environmental Science; Social Sciences"
1132;21101042951;"Estonian Discussions on Economic Policy";journal;"22281878, 17365597";"Federation of State Medical Boards";Yes;Yes;0,152;Q4;3;17;87;296;14;67;0,26;17,41;32,14;0;United States;Northern America;"Federation of State Medical Boards";"2019-2025";"Development (Q4); Economics and Econometrics (Q4); Finance (Q4); Public Administration (Q4); Sociology and Political Science (Q4)";"Economics, Econometrics and Finance; Social Sciences"
1133;21100867680;"Gosudarstvo, Religiia, Tserkov' v Rossii i za Rubezhom/State, Religion and Church in Russia and Worldwide";journal;"20737211, 20737203";"Russian Presidential Academy of National Economy and Public Administration";Yes;No;0,152;Q4;9;34;168;890;24;167;0,09;26,18;64,29;0;Russian Federation;Eastern Europe;"Russian Presidential Academy of National Economy and Public Administration";"2012-2026";"Religious Studies (Q2); Sociology and Political Science (Q4)";"Arts and Humanities; Social Sciences"
1134;21100278321;"International Journal of China Studies";journal;"21803250";"Institute of China Studies";No;No;0,152;Q4;15;8;39;196;23;38;0,59;24,50;42,86;0;Malaysia;Asiatic Region;"Institute of China Studies";"2010-2025";"Cultural Studies (Q2); Political Science and International Relations (Q4); Sociology and Political Science (Q4)";"Social Sciences"
1135;5600153144;"Polis (Italy)";journal;"11209488";"Societa Editrice Il Mulino";No;No;0,152;Q4;16;15;44;642;23;43;0,47;42,80;54,55;0;Italy;Western Europe;"Societa Editrice Il Mulino";"1990, 1997, 2000-2008, 2010-2025";"Sociology and Political Science (Q4)";"Social Sciences"
1136;21100813711;"Ragion Pratica";journal;"17202396, 26121441";"Societa Editrice Il Mulino";No;No;0,152;Q4;6;20;84;1128;10;83;0,06;56,40;22,73;0;Italy;Western Europe;"Societa Editrice Il Mulino";"2016-2025";"Philosophy (Q2); Law (Q3); Sociology and Political Science (Q4)";"Arts and Humanities; Social Sciences"
1137;21100909466;"Slovak Journal of Political Sciences";journal;"13359096";"University of Saints Cyril and Methodius in Trnava - Faculty of Social Sciences";Yes;No;0,152;Q4;9;5;26;322;15;26;0,13;64,40;50,00;0;Slovakia;Eastern Europe;"University of Saints Cyril and Methodius in Trnava - Faculty of Social Sciences";"2019-2025";"Political Science and International Relations (Q4); Sociology and Political Science (Q4)";"Social Sciences"
1138;16020;"Administration";journal;"00018325, 24499471";"De Gruyter Open Ltd.";Yes;Yes;0,151;Q4;12;20;84;798;30;80;0,32;39,90;56,25;0;Germany;Western Europe;"De Gruyter Open Ltd.";"2015-2025";"Economics, Econometrics and Finance (miscellaneous) (Q4); Public Administration (Q4); Sociology and Political Science (Q4)";"Economics, Econometrics and Finance; Social Sciences"
1139;21100285458;"International Journal of Public Theology";journal;"15697320, 18725171";"Brill Academic Publishers";No;No;0,151;Q4;9;33;92;2162;20;75;0,20;65,52;20,69;0;Netherlands;Western Europe;"Brill Academic Publishers";"2013-2025";"Religious Studies (Q2); Sociology and Political Science (Q4)";"Arts and Humanities; Social Sciences"
1140;21101197191;"Military Operations Research (United States)";journal;"10825983, 21632758";"Military Operations Research Society";No;No;0,151;Q4;4;19;41;612;11;38;0,29;32,21;17,95;0;United States;Northern America;"Military Operations Research Society";"2020-2025";"Political Science and International Relations (Q4); Safety Research (Q4); Sociology and Political Science (Q4)";"Social Sciences"
1141;13203;"Contemporary Pacific";journal;"1043898X, 15279464";"University of Hawaii Press";No;No;0,150;Q4;39;6;68;306;20;50;0,15;51,00;54,55;0;United States;Northern America;"University of Hawaii Press";"1992, 1996-2025";"Geography, Planning and Development (Q4); Sociology and Political Science (Q4)";"Social Sciences"
1142;11600153630;"Innovar";journal;"22486968, 01215051";"Universidad Nacional de Colombia";Yes;Yes;0,150;Q4;20;46;133;3058;91;120;0,61;66,48;49,48;1;Colombia;Latin America;"Universidad Nacional de Colombia";"2008-2026";"Accounting (Q4); Marketing (Q4); Public Administration (Q4); Sociology and Political Science (Q4); Strategy and Management (Q4)";"Business, Management and Accounting; Social Sciences"
1143;21100259507;"International Journal of Public Law and Policy";journal;"20447671, 20447663";"Inderscience";No;No;0,150;Q4;11;27;80;1676;60;80;0,92;62,07;40,00;0;Switzerland;Western Europe;"Inderscience";"2011-2017, 2019-2026";"Law (Q3); Sociology and Political Science (Q4)";"Social Sciences"
1144;21101190206;"Journal of Islamic and Muslim Studies";journal;"24707074, 24707066";"Indiana University Press";No;No;0,150;Q4;3;5;31;317;13;26;0,50;63,40;33,33;0;United States;Northern America;"Indiana University Press";"2019-2025";"Cultural Studies (Q2); Anthropology (Q3); Social Sciences (miscellaneous) (Q4); Sociology and Political Science (Q4)";"Social Sciences"
1145;5600156254;"Slavonica";journal;"17458145, 13617427";"Taylor and Francis Ltd.";No;No;0,150;Q4;5;6;28;115;5;24;0,18;19,17;25,00;0;United Kingdom;Western Europe;"Taylor and Francis Ltd.";"1994-1995, 2012-2014, 2016-2026";"Cultural Studies (Q2); History (Q2); Literature and Literary Theory (Q2); Visual Arts and Performing Arts (Q2); Linguistics and Language (Q3); Sociology and Political Science (Q4)";"Arts and Humanities; Social Sciences"
1146;5600153364;"Sociologia, Problemas e Praticas";journal;"08736529";"Editora Mundos Sociais";Yes;Yes;0,150;Q4;22;21;64;1034;28;64;0,44;49,24;62,26;0;Portugal;Western Europe;"Editora Mundos Sociais";"1996-2025";"Social Sciences (miscellaneous) (Q4); Sociology and Political Science (Q4)";"Social Sciences"
1147;19900192126;"Journal of Comparative Asian Development";journal;"15339114, 21505403";"IGI Global Publishing";No;No;0,149;Q4;16;3;5;174;5;5;1,00;58,00;25,00;0;United States;Northern America;"IGI Global Publishing";"2010-2019, 2021, 2023-2025";"Economics and Econometrics (Q4); Political Science and International Relations (Q4); Sociology and Political Science (Q4)";"Economics, Econometrics and Finance; Social Sciences"
1148;21100812388;"Revista Criminalidad";journal;"17943108, 22565531";"Policia Nacional de Colombia";Yes;Yes;0,149;Q4;9;26;98;1397;38;94;0,30;53,73;27,27;0;Colombia;Latin America;"Policia Nacional de Colombia";"2015-2025";"Arts and Humanities (miscellaneous) (Q3); Law (Q3); Social Psychology (Q4); Social Sciences (miscellaneous) (Q4); Sociology and Political Science (Q4)";"Arts and Humanities; Psychology; Social Sciences"
1149;21100454915;"Cliodynamics";journal;"23737530";"eScholarship";Yes;Yes;0,148;Q4;12;4;14;199;7;13;0,42;49,75;0,00;0;United States;Northern America;"eScholarship";"2012, 2015-2025";"History (Q2); Cultural Studies (Q3); Modeling and Simulation (Q4); Sociology and Political Science (Q4)";"Arts and Humanities; Mathematics; Social Sciences"
1150;21100258616;"International Journal of Community Diversity";journal;"23272147, 23270004";"Common Ground Research Networks";No;No;0,148;Q4;4;4;18;135;12;18;0,73;33,75;33,33;0;United States;Northern America;"Common Ground Research Networks";"2013-2025";"Anthropology (Q3); Cultural Studies (Q3); Sociology and Political Science (Q4)";"Social Sciences"
1151;21101079113;"Journal of Advanced Military Studies";journal;"27702596, 2770260X";"Marine Corps University Press";No;No;0,148;Q4;5;6;75;373;46;73;0,55;62,17;0,00;1;United States;Northern America;"Marine Corps University Press";"2020-2025";"History (Q2); Political Science and International Relations (Q4); Sociology and Political Science (Q4)";"Arts and Humanities; Social Sciences"
1152;21100216568;"Revista d'Estudis Autonomics i Federals";journal;"18862632, 20148658";"Institut d'Estudis de l'Autogovern";Yes;Yes;0,148;Q4;9;15;77;553;14;73;0,19;36,87;53,85;0;Spain;Western Europe;"Institut d'Estudis de l'Autogovern";"2012-2025";"Law (Q3); Political Science and International Relations (Q4); Sociology and Political Science (Q4)";"Social Sciences"
1153;21100875677;"Modern Africa";journal;"25707558, 23363274";"University of Hradec Kralove, Philosophical Faculty";Yes;Yes;0,147;Q4;6;13;26;690;19;25;0,64;53,08;11,76;0;Czech Republic;Eastern Europe;"University of Hradec Kralove, Philosophical Faculty";"2018-2025";"History (Q2); Anthropology (Q3); Cultural Studies (Q3); Development (Q4); Sociology and Political Science (Q4)";"Arts and Humanities; Social Sciences"
1154;144678;"Revija Za Socijalnu Politiku";journal;"18456014, 13302965";"Faculty of Political Sciences, University of Zagreb";Yes;Yes;0,147;Q4;16;10;54;458;25;52;0,27;45,80;55,56;0;Croatia;Eastern Europe;"Faculty of Political Sciences, University of Zagreb";"2005-2025";"Political Science and International Relations (Q4); Sociology and Political Science (Q4)";"Social Sciences"
1155;18128;"Sociologisk Forskning";journal;"00380342";"Sociologisk Forskning";Yes;Yes;0,147;Q4;14;31;101;1060;31;85;0,31;34,19;44,12;0;Sweden;Western Europe;"Sociologisk Forskning";"1996-2025";"Sociology and Political Science (Q4)";"Social Sciences"
1156;16957;"Analise Social";journal;"00032573, 21822999";"Instituto de Ciencias Sociais da Universidade de Lisboa";Yes;Yes;0,146;Q4;21;54;118;1972;35;112;0,38;36,52;48,00;0;Portugal;Western Europe;"Instituto de Ciencias Sociais da Universidade de Lisboa";"1977-1978, 1981-1984, 1990, 1993-1994, 1996-2025";"History (Q2); Political Science and International Relations (Q4); Social Sciences (miscellaneous) (Q4); Sociology and Political Science (Q4)";"Arts and Humanities; Social Sciences"
1157;145624;"Black Scholar";journal;"00064246, 21625387";"Taylor and Francis Ltd.";No;No;0,146;Q4;26;23;76;358;37;58;0,30;15,57;61,11;0;United Kingdom;Western Europe;"Taylor and Francis Ltd.";"1969-2025";"Arts and Humanities (miscellaneous) (Q3); Cultural Studies (Q3); Sociology and Political Science (Q4)";"Arts and Humanities; Social Sciences"
1158;21101251521;"Estudios en Derecho a la Informacion";journal;"25940082, 26832038";"Universidad Nacional Autonoma de Mexico";Yes;Yes;0,146;Q4;3;12;38;539;12;35;0,35;44,92;30,77;0;Mexico;Latin America;"Universidad Nacional Autonoma de Mexico";"2019-2026";"Law (Q3); Education (Q4); Public Administration (Q4); Sociology and Political Science (Q4)";"Social Sciences"
1159;7200153149;"Journal of Jewish Thought and Philosophy";journal;"1053699X, 1477285X";"Brill Academic Publishers";No;No;0,146;Q4;13;10;35;1195;9;32;0,14;119,50;33,33;0;Netherlands;Western Europe;"Brill Academic Publishers";"1993-1995, 1997-2004, 2006-2025";"Literature and Literary Theory (Q2); Religious Studies (Q2); Anthropology (Q3); Cultural Studies (Q3); Philosophy (Q3); Sociology and Political Science (Q4)";"Arts and Humanities; Social Sciences"
1160;21101039258;"Political Economy of Communication";journal;"23571705";"International Association of Media Communication Research";No;No;0,146;Q4;13;5;14;267;9;12;0,64;53,40;25,00;0;New Zealand;Pacific Region;"International Association of Media Communication Research";"2013-2018, 2020-2021, 2023-2026";"Communication (Q4); Political Science and International Relations (Q4); Sociology and Political Science (Q4)";"Social Sciences"
1161;21100407408;"Journal of Law, Religion and State";journal;"22126465, 22124810";"Brill Academic Publishers";No;No;0,145;Q4;11;0;16;0;6;14;0,46;0,00;0,00;0;Netherlands;Western Europe;"Brill Academic Publishers";"2012-2024";"Religious Studies (Q2); Law (Q3); Sociology and Political Science (Q4)";"Arts and Humanities; Social Sciences"
1162;22166;"Osteuropa";journal;"25093444, 00306428";"Berliner Wissenschafts-Verlag";No;No;0,145;Q4;13;80;318;3334;26;293;0,06;41,68;28,00;0;Germany;Western Europe;"Berliner Wissenschafts-Verlag";"1974, 1976, 1978-1979, 1984, 1986, 1996-2025";"Sociology and Political Science (Q4)";"Social Sciences"
1163;5800170451;"Politologija";journal;"13921681, 24246034";"Vilnius University Press";Yes;Yes;0,145;Q4;6;17;55;923;19;55;0,21;54,29;15,79;0;Lithuania;Eastern Europe;"Vilnius University Press";"2012-2026";"Political Science and International Relations (Q4); Sociology and Political Science (Q4)";"Social Sciences"
1164;21100423705;"Studies in Public and Non-Profit Governance";book series;"20516630, 20516649";"Emerald Group Publishing Ltd.";No;No;0,145;Q4;11;8;7;209;9;1;1,29;26,13;14,29;0;United Kingdom;Western Europe;"Emerald Group Publishing Ltd.";"2013-2016, 2018, 2023, 2025-2026";"Public Administration (Q4); Sociology and Political Science (Q4)";"Social Sciences"
1165;21101043801;"Urban Social Work";journal;"24748684, 24748692";"Springer Publishing Company";No;No;0,145;Q4;5;11;50;515;11;41;0,24;46,82;63,16;0;United States;Northern America;"Springer Publishing Company";"2017-2025";"Health (social science) (Q4); Sociology and Political Science (Q4)";"Social Sciences"
1166;21475;"East Central Europe";journal;"00943037, 18763308";"Brill Academic Publishers";No;No;0,144;Q4;12;13;44;806;17;43;0,43;62,00;58,33;0;Netherlands;Western Europe;"Brill Academic Publishers";"1975-1987, 1989-1990, 1992-1993, 1999-2006, 2009-2025";"History (Q2); Cultural Studies (Q3); Sociology and Political Science (Q4)";"Arts and Humanities; Social Sciences"
1167;5700166475;"European Journal of East Asian Studies";journal;"15700615, 15680584";"Brill Academic Publishers";No;No;0,144;Q4;18;16;38;1211;16;35;0,48;75,69;31,58;0;Netherlands;Western Europe;"Brill Academic Publishers";"2001, 2003, 2007-2026";"History (Q2); Cultural Studies (Q3); Development (Q4); Geography, Planning and Development (Q4); Political Science and International Relations (Q4); Social Sciences (miscellaneous) (Q4); Sociology and Political Science (Q4)";"Arts and Humanities; Social Sciences"
1168;21101050346;"Language, Discourse and Society";journal;"22394192";"International Sociological Association";Yes;Yes;0,143;Q4;6;24;53;1238;26;49;0,32;51,58;62,86;0;Spain;Western Europe;"International Sociological Association";"2019-2025";"Anthropology (Q3); Communication (Q4); Social Sciences (miscellaneous) (Q4); Sociology and Political Science (Q4)";"Social Sciences"
1169;21100812618;"Comunicazione Politica";journal;"19725094, 15946061";"Societa Editrice Il Mulino";No;No;0,141;Q4;11;1;93;46;26;93;0,28;46,00;50,00;0;Italy;Western Europe;"Societa Editrice Il Mulino";"2016-2025";"Communication (Q4); Sociology and Political Science (Q4)";"Social Sciences"
1170;5800170561;"Mediterranean Historical Review";journal;"1743940X, 09518967";"Routledge";No;No;0,141;Q4;24;7;30;667;11;29;0,40;95,29;42,11;0;United Kingdom;Western Europe;"Routledge";"1986-2025";"History (Q2); Cultural Studies (Q3); Sociology and Political Science (Q4)";"Arts and Humanities; Social Sciences"
1171;21100244213;"Mind and Matter";journal;"16118812, 20513003";"Imprint Academic";No;No;0,141;Q4;21;5;38;485;15;29;0,38;97,00;14,29;0;United Kingdom;Western Europe;"Imprint Academic";"2003-2025";"Philosophy (Q3); Neuroscience (miscellaneous) (Q4); Sociology and Political Science (Q4)";"Arts and Humanities; Neuroscience; Social Sciences"
1172;21100899913;"Espacio, Tiempo y Educacion";journal;"23407263";"FahrenHouse";Yes;Yes;0,140;Q4;7;31;73;1477;13;73;0,20;47,65;52,94;0;Spain;Western Europe;"FahrenHouse";"2018-2026";"History (Q2); Philosophy (Q3); Education (Q4); Sociology and Political Science (Q4)";"Arts and Humanities; Social Sciences"
1173;19700188310;"Italian Culture";journal;"15590909, 01614622";"Maney Publishing";No;No;0,140;Q4;8;8;39;275;13;36;0,27;34,38;66,67;0;United Kingdom;Western Europe;"Maney Publishing";"1978, 1980-1981, 1983-1986, 1990-1995, 2009-2026";"Literature and Literary Theory (Q2); Visual Arts and Performing Arts (Q2); Cultural Studies (Q3); Sociology and Political Science (Q4)";"Arts and Humanities; Social Sciences"
1174;21101037169;"Journal of Community Positive Practices";journal;"22476571, 15828344";"Catalactica Association";No;No;0,140;Q4;4;18;101;723;40;101;0,44;40,17;62,07;0;Romania;Eastern Europe;"Catalactica Association";"2019-2025";"Social Sciences (miscellaneous) (Q4); Sociology and Political Science (Q4)";"Social Sciences"
1175;21100827186;"Socialni Prace";journal;"1805885X, 12136204";"Association of Educators in Social Work";No;No;0,140;Q4;8;48;157;1749;18;123;0,06;36,44;69,70;0;Czech Republic;Eastern Europe;"Association of Educators in Social Work";"2017-2025";"Applied Psychology (Q4); Health (social science) (Q4); Social Sciences (miscellaneous) (Q4); Sociology and Political Science (Q4)";"Psychology; Social Sciences"
1176;21100891034;"Asian Review of World Histories";journal;"22879811, 2287965X";"Brill Academic Publishers";No;No;0,139;Q4;9;18;46;971;7;39;0,19;53,94;55,56;0;Netherlands;Western Europe;"Brill Academic Publishers";"2013-2026";"History (Q2); Cultural Studies (Q3); Sociology and Political Science (Q4)";"Arts and Humanities; Social Sciences"
1177;19900188035;"International Journal of Conflict and Violence";journal;"18641385";"Universitaet Bielefeld";Yes;Yes;0,139;Q4;30;0;21;0;21;20;0,88;0,00;0,00;0;Germany;Western Europe;"Universitaet Bielefeld";"2010-2023";"Law (Q4); Sociology and Political Science (Q4)";"Social Sciences"
1178;20300195060;"Journal of Song-Yuan Studies";journal;"21546665, 10593152";"Journal of Song-Yuan Studies (JSYS)";No;No;0,139;Q4;8;8;33;388;7;31;0,30;48,50;25,00;0;United States;Northern America;"Journal of Song-Yuan Studies (JSYS)";"2010-2012, 2014-2015, 2019-2025";"History (Q2); Literature and Literary Theory (Q2); Cultural Studies (Q3); Sociology and Political Science (Q4)";"Arts and Humanities; Social Sciences"
1179;21101337824;"Managing Global Transitions";journal;"18546935";"University of Primorska";Yes;No;0,139;Q4;2;16;16;951;11;16;0,69;59,44;36,36;0;Slovenia;Eastern Europe;"University of Primorska";"2024-2025";"Business and International Management (Q4); Organizational Behavior and Human Resource Management (Q4); Sociology and Political Science (Q4); Strategy and Management (Q4)";"Business, Management and Accounting; Social Sciences"
1180;4700152636;"Mind and Society";journal;"15937879, 18601839";"Springer Science and Business Media Deutschland GmbH";No;No;0,139;Q4;25;52;27;3228;26;27;0,94;62,08;28,24;0;Germany;Western Europe;"Springer Science and Business Media Deutschland GmbH";"2005-2025";"History (Q2); Cultural Studies (Q3); Philosophy (Q3); Economics, Econometrics and Finance (miscellaneous) (Q4); Experimental and Cognitive Psychology (Q4); Social Psychology (Q4); Social Sciences (miscellaneous) (Q4); Sociology and Political Science (Q4)";"Arts and Humanities; Economics, Econometrics and Finance; Psychology; Social Sciences"
1181;23461;"Politique Africaine";journal;"02447827, 22645047";"Editions Karthala";No;No;0,139;Q4;7;0;80;0;40;76;0,33;0,00;0,00;0;France;Western Europe;"Editions Karthala";"1984-1985, 1991, 1997, 2019-2024";"Political Science and International Relations (Q4); Sociology and Political Science (Q4)";"Social Sciences"
1182;5600153254;"Dirasat: Human and Social Sciences";journal;"10263721, 26636190";"University of Jordan,Deanship of Scientific Research";No;No;0,138;Q4;10;333;970;10591;254;969;0,25;31,80;31,64;0;Jordan;Middle East;"University of Jordan,Deanship of Scientific Research";"2007-2026";"Literature and Literary Theory (Q2); Arts and Humanities (miscellaneous) (Q3); Cultural Studies (Q3); Health (social science) (Q4); Social Sciences (miscellaneous) (Q4); Sociology and Political Science (Q4)";"Arts and Humanities; Social Sciences"
1183;16023;"Dissent";journal;"00123846";"Foundation for the Study of Independent Social Ideas";No;No;0,138;Q4;26;45;165;40;58;158;0,35;0,89;42,86;0;United States;Northern America;"Foundation for the Study of Independent Social Ideas";"1976-1977, 1979, 1981, 1983, 1986-1988, 1994, 1996-2026";"Social Sciences (miscellaneous) (Q4); Sociology and Political Science (Q4)";"Social Sciences"
1184;21101028201;"Divergencia";journal;"07192398";"Taller de Historia Politica O.C.F.";No;No;0,138;Q4;4;22;47;908;12;45;0,22;41,27;11,76;0;Chile;Latin America;"Taller de Historia Politica O.C.F.";"2019-2025";"History (Q2); Sociology and Political Science (Q4)";"Arts and Humanities; Social Sciences"
1185;21100937582;"Economia y Politica";journal;"07194714, 07194803";"Universidad Adolfo Ibanez";Yes;Yes;0,138;Q4;5;8;30;467;7;30;0,05;58,38;22,22;0;Chile;Latin America;"Universidad Adolfo Ibanez";"2019-2025";"Cultural Studies (Q3); Economics and Econometrics (Q4); Political Science and International Relations (Q4); Sociology and Political Science (Q4)";"Economics, Econometrics and Finance; Social Sciences"
1186;21101064976;"Acta Universitatis Carolinae Studia Territorialia";journal;"12134449, 23363231";"Karolinum - Nakladatelstvi Univerzity Karlovy";Yes;Yes;0,137;Q4;3;4;26;304;7;20;0,24;76,00;66,67;0;Czech Republic;Eastern Europe;"Karolinum - Nakladatelstvi Univerzity Karlovy";"2019, 2021-2025";"History (Q2); Cultural Studies (Q3); Geography, Planning and Development (Q4); Political Science and International Relations (Q4); Sociology and Political Science (Q4)";"Arts and Humanities; Social Sciences"
1187;21101186907;"Archiwum Kryminologii";journal;"27194280, 00666890";"Institute of Law Studies of the Polish Academy of Sciences and the Committee on Legal Sciences of the Polish Academy of Sciences";Yes;Yes;0,137;Q4;5;0;56;0;27;56;0,41;0,00;0,00;0;Poland;Eastern Europe;"Institute of Law Studies of the Polish Academy of Sciences and the Committee on Legal Sciences of the Polish Academy of Sciences";"2019-2024";"Law (Q4); Sociology and Political Science (Q4)";"Social Sciences"
1188;19079;"International Journal of African Historical Studies";journal;"03617882";"Boston University";No;No;0,137;Q4;28;11;53;204;14;51;0,25;18,55;30,00;0;United States;Northern America;"Boston University";"1976, 1979-1981, 1985-1989, 1999-2025";"History (Q2); Cultural Studies (Q3); Sociology and Political Science (Q4)";"Arts and Humanities; Social Sciences"
1189;21100258854;"International Journal of Interdisciplinary Social and Community Studies";journal;"23247584, 23247576";"Common Ground Research Networks";No;No;0,137;Q4;7;33;62;1512;27;62;0,56;45,82;44,93;0;United States;Northern America;"Common Ground Research Networks";"2012-2025";"Cultural Studies (Q3); Sociology and Political Science (Q4)";"Social Sciences"
1190;24770;"Arbor";journal;"02101963, 1988303X";"CSIC Consejo Superior de Investigaciones Cientificas";Yes;Yes;0,136;Q4;23;22;107;760;36;99;0,26;34,55;69,23;0;Spain;Western Europe;"CSIC Consejo Superior de Investigaciones Cientificas";"1973-1974, 1977, 1982, 1996-2026";"Arts and Humanities (miscellaneous) (Q3); Cultural Studies (Q3); Sociology and Political Science (Q4)";"Arts and Humanities; Social Sciences"
1191;21100892768;"Filozofija i Drustvo";journal;"03535738, 23348577";"University of Belgrade - Institute for Philosophy and Social Theory";Yes;Yes;0,136;Q4;6;52;150;2457;47;138;0,26;47,25;35,59;0;Serbia;Eastern Europe;"University of Belgrade - Institute for Philosophy and Social Theory";"2018-2025";"Philosophy (Q3); Sociology and Political Science (Q4)";"Arts and Humanities; Social Sciences"
1192;5700167337;"Medijska Istrazivanja";journal;"18466605, 13306928";"";Yes;Yes;0,136;Q4;9;7;39;297;20;33;0,44;42,43;60,00;0;Croatia;Eastern Europe;"";"2011-2025";"Communication (Q4); Sociology and Political Science (Q4)";"Social Sciences"
1193;5600153103;"Tocqueville Review";journal;"0730479X";"University of Toronto";No;No;0,136;Q4;8;19;67;540;11;62;0,19;28,42;12,50;0;Canada;Northern America;"University of Toronto";"2009-2025";"History (Q2); Sociology and Political Science (Q4)";"Arts and Humanities; Social Sciences"
1194;21101157248;"Radical Philosophy Review";journal;"15691659";"Philosophy Documentation Center";No;No;0,135;Q4;5;0;57;0;13;51;0,10;0,00;0,00;0;United States;Northern America;"Philosophy Documentation Center";"2019-2024";"Philosophy (Q3); Sociology and Political Science (Q4)";"Arts and Humanities; Social Sciences"
1195;20600195533;"Baltic Journal of Law and Politics";journal;"20290454";"Sciendo";Yes;Yes;0,134;Q4;10;11;62;487;36;62;0,65;44,27;57,14;0;Poland;Eastern Europe;"Sciendo";"2012-2025";"Law (Q4); Sociology and Political Science (Q4)";"Social Sciences"
1196;21100887850;"Estudos Historicos";journal;"01032186, 21781494";"Fundacao Getulio Vargas";Yes;Yes;0,134;Q4;7;26;102;1124;20;89;0,21;43,23;39,29;0;Brazil;Latin America;"Fundacao Getulio Vargas";"2018-2025";"History (Q2); Literature and Literary Theory (Q2); Cultural Studies (Q3); Sociology and Political Science (Q4)";"Arts and Humanities; Social Sciences"
1197;21100258750;"International Journal of Interdisciplinary Civic and Political Studies";journal;"23272481, 23270071";"Common Ground Research Networks";No;No;0,134;Q4;4;9;44;407;13;44;0,25;45,22;57,89;0;United States;Northern America;"Common Ground Research Networks";"2012-2025";"Sociology and Political Science (Q4)";"Social Sciences"
1198;19900192529;"Journal of Iberian and Latin American Research";journal;"21519668, 13260219";"Routledge";No;No;0,134;Q4;13;0;49;0;19;45;0,19;0,00;0,00;0;United Kingdom;Western Europe;"Routledge";"1995-2008, 2010-2024";"Literature and Literary Theory (Q2); Cultural Studies (Q3); Sociology and Political Science (Q4)";"Arts and Humanities; Social Sciences"
1199;21101233918;"Ojkumena Regional Researches";journal;"19986785";"Vladivostok State University";No;No;0,134;Q4;3;68;198;1442;13;182;0,06;21,21;49,52;0;Russian Federation;Eastern Europe;"Vladivostok State University";"2020-2025";"History (Q2); Political Science and International Relations (Q4); Sociology and Political Science (Q4)";"Arts and Humanities; Social Sciences"
1200;21101070991;"Pravni Zapisi";journal;"24061387, 22172815";"Faculty of Law, Union University in Belgrade";Yes;Yes;0,134;Q4;5;11;68;489;19;61;0,33;44,45;58,33;0;Serbia;Eastern Europe;"Faculty of Law, Union University in Belgrade";"2019-2025";"Law (Q4); Sociology and Political Science (Q4)";"Social Sciences"
1201;21100254486;"Studia Politica";journal;"15824551";"Universitatea din Bucuresti";No;No;0,134;Q4;7;10;33;471;12;31;0,50;47,10;7,14;0;Romania;Eastern Europe;"Universitatea din Bucuresti";"2013-2025";"Political Science and International Relations (Q4); Sociology and Political Science (Q4)";"Social Sciences"
1202;21100406907;"Africa Yearbook";book series;"18729037, 18712525";"Brill Academic Publishers";No;No;0,133;Q4;3;0;57;0;1;1;0,02;0,00;0,00;0;Netherlands;Western Europe;"Brill Academic Publishers";"2009-2020, 2022, 2024";"Political Science and International Relations (Q4); Sociology and Political Science (Q4)";"Social Sciences"
1203;5800170732;"American Communist History";journal;"14743892, 14743906";"Taylor and Francis Ltd.";No;No;0,133;Q4;6;15;25;871;4;24;0,15;58,07;53,33;0;United Kingdom;Western Europe;"Taylor and Francis Ltd.";"2009-2025";"History (Q2); Sociology and Political Science (Q4)";"Arts and Humanities; Social Sciences"
1204;21100825849;"Archivio di Studi Urbani e Regionali";journal;"00040177, 19718519";"FrancoAngeli";Yes;No;0,133;Q4;7;10;78;340;22;76;0,29;34,00;66,67;0;Italy;Western Europe;"FrancoAngeli";"2017-2025";"Sociology and Political Science (Q4); Urban Studies (Q4)";"Social Sciences"
1205;21101078107;"Children: Global Posthumanist Perspectives and Materialist Theories";book series;"25233416, 25233408";"Springer Nature";No;No;0,133;Q4;5;1;41;299;16;1;0,00;299,00;0,00;0;Singapore;Asiatic Region;"Springer Nature";"2019-2023, 2025";"Education (Q4); Sociology and Political Science (Q4)";"Social Sciences"
1206;19400157109;"China Nonprofit Review";journal;"18765149, 18765092";"Tsinghua University Press";No;No;0,133;Q4;7;0;5;0;2;5;0,00;0,00;0,00;0;Netherlands;Western Europe;"Tsinghua University Press";"2009-2022";"Economics and Econometrics (Q4); Social Sciences (miscellaneous) (Q4); Sociology and Political Science (Q4)";"Economics, Econometrics and Finance; Social Sciences"
1207;21101198442;"Critical Cultural Studies of Childhood";book series;"2731636X, 27316378";"Palgrave Macmillan";No;No;0,133;Q4;8;0;72;0;36;1;0,50;0,00;0,00;0;United Kingdom;Western Europe;"Palgrave Macmillan";"2006, 2009-2012, 2014-2016, 2018-2019, 2023-2024";"Cultural Studies (Q3); Education (Q4); Life-span and Life-course Studies (Q4); Sociology and Political Science (Q4)";"Social Sciences"
1208;21100902943;"Discourse Approaches to Politics, Society and Culture";book series;"15699463";"John Benjamins Publishing Company";No;No;0,133;Q4;9;13;65;878;49;1;0,12;67,54;100,00;0;Netherlands;Western Europe;"John Benjamins Publishing Company";"2018-2023, 2025";"Linguistics and Language (Q3); Communication (Q4); Gender Studies (Q4); Social Psychology (Q4); Sociology and Political Science (Q4)";"Psychology; Social Sciences"
1209;21101028122;"Esbocos";journal;"1414722X, 21757976";"Universidade Federal de Santa Catarina";Yes;Yes;0,133;Q4;5;9;100;349;9;93;0,12;38,78;40,00;0;Brazil;Latin America;"Universidade Federal de Santa Catarina";"2019-2026";"History (Q2); Anthropology (Q3); History and Philosophy of Science (Q3); Sociology and Political Science (Q4)";"Arts and Humanities; Social Sciences"
1210;21101290595;"Facing Contemporary Terrorism";book series;"27491188";"Walter de Gruyter GmbH";No;No;0,133;Q4;1;0;7;0;1;1;0,14;0,00;0,00;0;Germany;Western Europe;"Walter de Gruyter GmbH";"2021, 2023-2024";"Philosophy (Q3); Sociology and Political Science (Q4)";"Arts and Humanities; Social Sciences"
1211;21100812553;"Filosofia Theoretica";journal;"22768386, 24085987";"Calabar School of Philosophy";No;No;0,133;Q4;16;14;78;515;33;77;0,41;36,79;23,08;0;South Africa;Africa;"Calabar School of Philosophy";"2014-2025";"Cultural Studies (Q3); Philosophy (Q3); Religious Studies (Q3); Sociology and Political Science (Q4)";"Arts and Humanities; Social Sciences"
1212;21100258751;"International Journal of Sustainability in Economic, Social, and Cultural Context";journal;"2325114X, 23251115";"Common Ground Research Networks";No;No;0,133;Q4;8;23;35;1100;19;35;0,64;47,83;65,71;0;United States;Northern America;"Common Ground Research Networks";"2013-2025";"Environmental Science (miscellaneous) (Q4); Geography, Planning and Development (Q4); Sociology and Political Science (Q4)";"Environmental Science; Social Sciences"
1213;21100406913;"International Studies in Sociology and Social Anthropology";book series;"00748684";"Brill Academic Publishers";No;No;0,133;Q4;9;3;29;1683;10;1;0,14;561,00;33,33;0;Netherlands;Western Europe;"Brill Academic Publishers";"1969, 2007-2012, 2014-2015, 2017-2022, 2024-2026";"Anthropology (Q3); Sociology and Political Science (Q4)";"Social Sciences"
1214;5700163717;"Japan Forum";journal;"1469932X, 09555803";"Routledge";No;No;0,133;Q4;24;42;77;2043;29;75;0,33;48,64;35,71;0;United Kingdom;Western Europe;"Routledge";"1989-2003, 2005-2026";"History (Q2); Cultural Studies (Q3); Sociology and Political Science (Q4)";"Arts and Humanities; Social Sciences"
1215;21101232976;"Knowledge Hegemonies in the Early Modern World";book series;"27241394, 27241572";"Fondazione Universita Ca Foscari";No;No;0,133;Q4;1;0;2;0;0;1;0,00;0,00;0,00;0;Italy;Western Europe;"Fondazione Universita Ca Foscari";"2020, 2023";"History and Philosophy of Science (Q3); Philosophy (Q3); Physics and Astronomy (miscellaneous) (Q4); Sociology and Political Science (Q4)";"Arts and Humanities; Physics and Astronomy; Social Sciences"
1216;21101292649;"On (De)Coloniality: Curriculum Within and Beyond the West";book series;"26663775";"Brill Academic Publishers";No;No;0,133;Q4;1;0;14;0;0;1;0,00;0,00;0,00;0;Netherlands;Western Europe;"Brill Academic Publishers";"2017-2018, 2020, 2022-2023";"Education (Q4); Sociology and Political Science (Q4)";"Social Sciences"
1217;21100427160;"Rulers and Elites";book series;"22114629, 22114610";"Brill Academic Publishers";No;No;0,133;Q4;13;0;1;0;0;1;0,00;0,00;0,00;0;Netherlands;Western Europe;"Brill Academic Publishers";"2011, 2013-2014, 2016-2021, 2023";"History (Q3); Economics, Econometrics and Finance (miscellaneous) (Q4); Sociology and Political Science (Q4)";"Arts and Humanities; Economics, Econometrics and Finance; Social Sciences"
1218;21100905630;"Series on Chinese Economics Research";book series;"22511644";"World Scientific";No;No;0,133;Q4;2;0;7;0;0;1;0,00;0,00;0,00;0;Singapore;Asiatic Region;"World Scientific";"2019-2021, 2023";"Economics, Econometrics and Finance (miscellaneous) (Q4); Political Science and International Relations (Q4); Sociology and Political Science (Q4)";"Economics, Econometrics and Finance; Social Sciences"
1219;21100856758;"Series on Contemporary China";book series;"17930847";"World Scientific";No;No;0,133;Q4;3;0;2;0;0;1;0,00;0,00;0,00;0;Singapore;Asiatic Region;"World Scientific";"2017-2021, 2023";"Anthropology (Q3); Cultural Studies (Q3); History (Q3); Economics, Econometrics and Finance (miscellaneous) (Q4); Political Science and International Relations (Q4); Sociology and Political Science (Q4)";"Arts and Humanities; Economics, Econometrics and Finance; Social Sciences"
1220;21100425312;"Social and Critical Theory";book series;"1572459X";"Brill Academic Publishers";No;No;0,133;Q4;13;4;11;390;1;1;0,09;97,50;0,00;0;Netherlands;Western Europe;"Brill Academic Publishers";"2007, 2009-2015, 2017-2021, 2023, 2025-2026";"Philosophy (Q3); Sociology and Political Science (Q4)";"Arts and Humanities; Social Sciences"
1221;21101039099;"Societies and Political Orders in Transition";book series;"25112201, 2511221X";"Springer Science and Business Media Deutschland GmbH";No;No;0,133;Q4;21;16;111;919;144;1;0,31;57,44;0,00;0;Netherlands;Western Europe;"Springer Science and Business Media Deutschland GmbH";"2017-2023, 2025";"Development (Q4); Economics, Econometrics and Finance (miscellaneous) (Q4); Sociology and Political Science (Q4)";"Economics, Econometrics and Finance; Social Sciences"
1222;21100406934;"Studies in Global Social History";book series;"18746705";"Brill Academic Publishers";No;No;0,133;Q4;12;16;103;1729;21;1;0,17;108,06;0,00;0;Netherlands;Western Europe;"Brill Academic Publishers";"2008-2025";"Cultural Studies (Q3); History (Q3); Demography (Q4); Sociology and Political Science (Q4)";"Arts and Humanities; Social Sciences"
1223;17100154728;"African Diaspora";book series;"18725457, 18725465";"Brill Academic Publishers";Yes;No;0,132;Q4;22;0;22;0;11;19;0,67;0,00;0,00;0;Netherlands;Western Europe;"Brill Academic Publishers";"2008-2016, 2018-2024";"Cultural Studies (Q3); History (Q3); Linguistics and Language (Q3); Sociology and Political Science (Q4)";"Arts and Humanities; Social Sciences"
1224;21100222908;"Filosofia Politica";journal;"26122189, 03947297";"Societa Editrice Il Mulino";No;No;0,132;Q4;4;30;99;1422;13;94;0,17;47,40;32,00;0;Italy;Western Europe;"Societa Editrice Il Mulino";"2012-2025";"History (Q3); Philosophy (Q3); Sociology and Political Science (Q4)";"Arts and Humanities; Social Sciences"
1225;21100815472;"Region: Regional Studies of Russia, Eastern Europe, and Central Asia";journal;"21650659, 21664307";"Slavica Publishers";No;No;0,132;Q4;10;4;35;277;11;32;0,21;69,25;40,00;0;United States;Northern America;"Slavica Publishers";"2012-2025";"History (Q3); Economics and Econometrics (Q4); Sociology and Political Science (Q4)";"Arts and Humanities; Economics, Econometrics and Finance; Social Sciences"
1226;16911;"Revija za Sociologiju";journal;"18467954, 0350154X";"Croatian Sociological Association";Yes;Yes;0,132;Q4;12;3;39;176;25;37;0,46;58,67;40,00;0;Croatia;Eastern Europe;"Croatian Sociological Association";"1981-1982, 1987, 1989, 1995, 2009-2025";"Sociology and Political Science (Q4)";"Social Sciences"
1227;21101039807;"Revue de Philosophie Economique";journal;"21184852, 13760971";"";No;No;0,132;Q4;3;0;46;0;8;44;0,08;0,00;0,00;0;France;Western Europe;"";"2019-2023";"Philosophy (Q3); Economics and Econometrics (Q4); Social Sciences (miscellaneous) (Q4); Sociology and Political Science (Q4)";"Arts and Humanities; Economics, Econometrics and Finance; Social Sciences"
1228;21100833040;"Geopolitica(s)";journal;"21727155, 21723958";"Universidad Complutense Madrid";Yes;Yes;0,131;Q4;14;17;59;871;13;57;0,18;51,24;17,86;1;Spain;Western Europe;"Universidad Complutense Madrid";"2010-2025";"Geography, Planning and Development (Q4); Political Science and International Relations (Q4); Sociology and Political Science (Q4)";"Social Sciences"
1229;19400156803;"Journal of Human Security";journal;"18353800";"";Yes;Yes;0,131;Q4;11;13;52;421;24;50;0,46;32,38;25,00;0;United Kingdom;Western Europe;"";"2009-2011, 2013-2017, 2019-2025";"Law (Q4); Political Science and International Relations (Q4); Safety Research (Q4); Sociology and Political Science (Q4)";"Social Sciences"
1230;21101039072;"Praktyka Teoretyczna";journal;"20818130";"University of Wroclaw";Yes;Yes;0,131;Q4;6;17;103;684;25;100;0,16;40,24;25,00;0;Poland;Eastern Europe;"University of Wroclaw";"2019-2025";"Literature and Literary Theory (Q2); Cultural Studies (Q3); History (Q3); Philosophy (Q3); Anthropology (Q4); Sociology and Political Science (Q4)";"Arts and Humanities; Social Sciences"
1231;21101066525;"RECMA";journal;"16261682, 22612599";"Association Recma";No;No;0,131;Q4;6;0;82;0;22;75;0,03;0,00;0,00;0;France;Western Europe;"Association Recma";"2019-2023";"Economics and Econometrics (Q4); Sociology and Political Science (Q4)";"Economics, Econometrics and Finance; Social Sciences"
1232;17363;"Revue Francaise de Sociologie";journal;"00352969";"Editions Ophrys";No;No;0,131;Q4;40;0;60;0;10;60;0,14;0,00;0,00;0;France;Western Europe;"Editions Ophrys";"1977-1978, 1981-1983, 1985-1991, 1994, 1996-2024";"Sociology and Political Science (Q4)";"Social Sciences"
1233;5600152937;"French Politics, Culture and Society";journal;"15376370, 15585271";"Berghahn Journals";No;No;0,130;Q4;9;9;58;535;6;51;0,12;59,44;20,00;0;United Kingdom;Western Europe;"Berghahn Journals";"2005, 2015-2025";"Cultural Studies (Q3); History (Q3); Anthropology (Q4); Sociology and Political Science (Q4)";"Arts and Humanities; Social Sciences"
1234;21100940535;"Journal of Religion and Violence";journal;"21596808";"Philosophy Documentation Center";No;No;0,130;Q4;7;0;5;0;8;4;0,00;0,00;0,00;0;United States;Northern America;"Philosophy Documentation Center";"2019-2022";"Religious Studies (Q3); Law (Q4); Sociology and Political Science (Q4)";"Arts and Humanities; Social Sciences"
1235;21101330833;"Radical Americas";journal;"23994606";"UCL Press";Yes;No;0,130;Q4;6;11;12;604;5;10;0,33;54,91;40,00;0;United Kingdom;Western Europe;"UCL Press";"2021-2025";"Archeology (arts and humanities) (Q3); Cultural Studies (Q3); History (Q3); Sociology and Political Science (Q4)";"Arts and Humanities; Social Sciences"
1236;21100901027;"Annali di Ca Foscari Serie Orientale";journal;"23853042";"Edizioni Ca' Foscari";Yes;Yes;0,129;Q4;6;28;92;1771;17;92;0,18;63,25;53,57;0;Italy;Western Europe;"Edizioni Ca' Foscari";"2018-2025";"Cultural Studies (Q3); Linguistics and Language (Q3); Religious Studies (Q3); Political Science and International Relations (Q4); Sociology and Political Science (Q4)";"Arts and Humanities; Social Sciences"
1237;21100931308;"Labor: Studies in Working-Class History";journal;"15581454, 15476715";"Duke University Press";No;No;0,129;Q4;7;32;104;1354;18;89;0,18;42,31;33,33;0;United States;Northern America;"Duke University Press";"2017, 2019-2025";"History (Q3); Industrial Relations (Q4); Sociology and Political Science (Q4)";"Arts and Humanities; Business, Management and Accounting; Social Sciences"
1238;21100291843;"Seoul Journal of Korean Studies";journal;"23314826, 12250201";"Kyujanggak Institute for Korean Studies";No;No;0,129;Q4;6;13;56;506;19;46;0,10;38,92;40,00;0;South Korea;Asiatic Region;"Kyujanggak Institute for Korean Studies";"2013-2025";"Archeology (Q3); Arts and Humanities (miscellaneous) (Q3); Cultural Studies (Q3); Linguistics and Language (Q3); Sociology and Political Science (Q4)";"Arts and Humanities; Social Sciences"
1239;19400158636;"Sociologija i Prostor";journal;"18465226";"INST SOCIAL RES ZAGREB";Yes;No;0,129;Q4;12;11;76;250;32;70;0,43;22,73;50,00;0;Croatia;Eastern Europe;"INST SOCIAL RES ZAGREB";"2009-2025";"Education (Q4); Geography, Planning and Development (Q4); Sociology and Political Science (Q4); Urban Studies (Q4)";"Social Sciences"
1240;19600157304;"Southeastern Europe";journal;"00944467, 18763332";"Brill Academic Publishers";No;No;0,129;Q4;16;18;38;1102;18;32;0,52;61,22;39,29;0;Netherlands;Western Europe;"Brill Academic Publishers";"1974, 1976-1980, 1982-1990, 2002, 2005, 2007, 2009-2026";"Cultural Studies (Q3); History (Q3); Political Science and International Relations (Q4); Sociology and Political Science (Q4)";"Arts and Humanities; Social Sciences"
1241;21100897230;"Studies in Church History";book series;"04242084, 20590644";"Cambridge University Press";No;No;0,129;Q4;6;28;68;2388;17;64;0,22;85,29;34,62;0;United Kingdom;Western Europe;"Cambridge University Press";"2018-2025";"History (Q3); Religious Studies (Q3); Sociology and Political Science (Q4)";"Arts and Humanities; Social Sciences"
1242;21100247075;"Codrul Cosminului";journal;"1224032X, 20675860";"Universitatea "Stefan cel Mare" din Suceava";Yes;Yes;0,128;Q4;6;23;55;859;10;55;0,15;37,35;33,33;0;Romania;Eastern Europe;"Universitatea "Stefan cel Mare" din Suceava";"2013-2025";"Cultural Studies (Q3); History (Q3); Religious Studies (Q3); Political Science and International Relations (Q4); Sociology and Political Science (Q4)";"Arts and Humanities; Social Sciences"
1243;19900192456;"Culture, Theory and Critique";journal;"14735776, 14735784";"Routledge";No;No;0,128;Q4;20;8;50;361;31;48;0,34;45,13;60,00;0;United Kingdom;Western Europe;"Routledge";"2010-2026";"Cultural Studies (Q3); Sociology and Political Science (Q4)";"Social Sciences"
1244;21101176030;"Journal of Public Interest Communications";journal;"25734342";"";Yes;Yes;0,128;Q4;7;7;16;169;6;12;0,23;24,14;75,00;0;United States;Northern America;"";"2019-2025";"Cultural Studies (Q3); Gender Studies (Q4); Health (social science) (Q4); Sociology and Political Science (Q4)";"Social Sciences"
1245;21101146416;"Journal on Ethnopolitics and Minority Issues in Europe";journal;"16175247";"European Centre for Minority Issues";Yes;Yes;0,128;Q4;5;18;34;1021;20;33;0,42;56,72;73,68;0;Germany;Western Europe;"European Centre for Minority Issues";"2010, 2019-2025";"Cultural Studies (Q3); Political Science and International Relations (Q4); Social Sciences (miscellaneous) (Q4); Sociology and Political Science (Q4)";"Social Sciences"
1246;5600154152;"Modernism - Modernity";journal;"10806601, 10716068";"Johns Hopkins University Press";No;No;0,128;Q4;29;10;98;400;17;97;0,14;40,00;50,00;0;United States;Northern America;"Johns Hopkins University Press";"1999, 2002-2025";"Literature and Literary Theory (Q2); Visual Arts and Performing Arts (Q2); Cultural Studies (Q3); History (Q3); Music (Q3); Sociology and Political Science (Q4)";"Arts and Humanities; Social Sciences"
1247;16608;"Slavonic and East European Review";journal;"00376795";"Maney Publishing";No;No;0,128;Q4;21;18;87;1703;14;87;0,16;94,61;42,86;0;United Kingdom;Western Europe;"Maney Publishing";"1971, 1979-1981, 1999, 2002-2025";"Literature and Literary Theory (Q2); Cultural Studies (Q3); History (Q3); Linguistics and Language (Q3); Sociology and Political Science (Q4)";"Arts and Humanities; Social Sciences"
1248;21100219932;"Temas Americanistas";journal;"02124408, 19887868";"University of Sevilla";Yes;No;0,128;Q4;6;16;103;1102;12;101;0,12;68,88;77,78;0;Spain;Western Europe;"University of Sevilla";"2012-2025";"History (Q3); Sociology and Political Science (Q4)";"Arts and Humanities; Social Sciences"
1249;12390;"Canadian Journal of Women and the Law";journal;"08328781, 19110235";"University of Toronto Press";No;No;0,127;Q4;24;4;22;348;8;22;0,50;87,00;100,00;0;Canada;Northern America;"University of Toronto Press";"1986-1987, 1989-1990, 1993-1994, 2003, 2009-2022, 2024-2025";"Gender Studies (Q4); Law (Q4); Sociology and Political Science (Q4)";"Social Sciences"
1250;17100154725;"Journal of Persianate Studies";journal;"18747094, 18747167";"Brill Academic Publishers";No;No;0,127;Q4;13;11;38;531;9;36;0,24;48,27;50,00;0;Netherlands;Western Europe;"Brill Academic Publishers";"2008-2025";"Cultural Studies (Q3); History (Q3); Sociology and Political Science (Q4)";"Arts and Humanities; Social Sciences"
1251;15671;"Journal of Political and Military Sociology";journal;"00472697, 26422190";"";No;No;0,127;Q4;24;0;27;0;8;27;0,32;0,00;0,00;0;United States;Northern America;"";"1996-2017, 2019-2024";"Social Sciences (miscellaneous) (Q4); Sociology and Political Science (Q4)";"Social Sciences"
1252;21100464632;"Ramon Llull Journal of Applied Ethics";journal;"2229578X, 20138393";"Universitat Ramon Llull";No;No;0,127;Q4;8;8;28;332;11;28;0,35;41,50;60,00;0;Spain;Western Europe;"Universitat Ramon Llull";"2015-2019, 2021-2025";"Philosophy (Q3); Sociology and Political Science (Q4)";"Arts and Humanities; Social Sciences"
1253;19400157126;"Secuencia";journal;"23958464, 01860348";"Instituto de Investigaciones Dr. Jose Maria Luis Mora";Yes;Yes;0,127;Q4;6;30;125;1403;24;125;0,23;46,77;30,30;0;Mexico;Latin America;"Instituto de Investigaciones Dr. Jose Maria Luis Mora";"1987, 1989, 2001-2002, 2016-2025";"Cultural Studies (Q3); History (Q3); Sociology and Political Science (Q4)";"Arts and Humanities; Social Sciences"
1254;21100923520;"Avances del Cesor";journal;"15143899, 24226580";"Investigaciones-Sociohistoricas Regionales";Yes;Yes;0,126;Q4;5;7;52;239;4;51;0,09;34,14;25,00;0;Argentina;Latin America;"Investigaciones-Sociohistoricas Regionales";"2019-2025";"History (Q3); Sociology and Political Science (Q4)";"Arts and Humanities; Social Sciences"
1255;21100942897;"Historia, Instituciones, Documentos";journal;"02107716, 22538291";"Universidad de Sevilla";Yes;Yes;0,126;Q4;4;0;49;0;6;48;0,06;0,00;0,00;0;Spain;Western Europe;"Universidad de Sevilla";"2019-2024";"Cultural Studies (Q3); History (Q3); Law (Q4); Sociology and Political Science (Q4)";"Arts and Humanities; Social Sciences"
1256;21100815552;"Ideology and Politics Journal";journal;"22276068";"Foundation for Good Politics";Yes;Yes;0,126;Q4;6;21;51;1091;15;51;0,33;51,95;38,89;0;Italy;Western Europe;"Foundation for Good Politics";"2016-2025";"Sociology and Political Science (Q4)";"Social Sciences"
1257;21100258625;"International Journal of Diverse Identities";journal;"23277866, 23278560";"Common Ground Research Networks";No;No;0,126;Q4;3;11;15;437;5;15;0,40;39,73;50,00;0;United States;Northern America;"Common Ground Research Networks";"2013-2025";"Cultural Studies (Q3); Anthropology (Q4); Gender Studies (Q4); Sociology and Political Science (Q4)";"Social Sciences"
1258;21100214706;"Review of Middle East Studies";journal;"23293225, 21513481";"Cambridge University Press";No;No;0,126;Q4;13;5;55;182;11;50;0,38;36,40;50,00;0;United States;Northern America;"Cambridge University Press";"1976, 2007-2025";"Cultural Studies (Q3); History (Q3); Sociology and Political Science (Q4)";"Arts and Humanities; Social Sciences"
1259;21100433805;"Youth Voice Journal";journal;"20562969, 20492073";"RJ4All Publications";No;No;0,126;Q4;8;37;221;1389;51;209;0,27;37,54;62,11;0;United Kingdom;Western Europe;"RJ4All Publications";"2015-2025";"Social Psychology (Q4); Sociology and Political Science (Q4)";"Psychology; Social Sciences"
1260;21100980650;"Asia Maior";journal;"23852526, 26126680";"Viella";Yes;Yes;0,125;Q4;4;0;83;0;16;76;0,12;0,00;0,00;0;Italy;Western Europe;"Viella";"2018-2024, 2026";"Cultural Studies (Q3); History (Q3); Political Science and International Relations (Q4); Sociology and Political Science (Q4)";"Arts and Humanities; Social Sciences"
1261;21101072519;"Connexe";journal;"26732750, 24065749";"University of Geneva";Yes;Yes;0,125;Q4;2;12;30;448;10;26;0,50;37,33;64,29;0;Switzerland;Western Europe;"University of Geneva";"2019-2025";"Arts and Humanities (miscellaneous) (Q3); History (Q3); Political Science and International Relations (Q4); Sociology and Political Science (Q4)";"Arts and Humanities; Social Sciences"
1262;21101164611;"Environment, Space, Place";journal;"20689616, 20665377";"University of Minnesota Press";No;No;0,125;Q4;4;0;33;0;9;31;0,19;0,00;0,00;0;United States;Northern America;"University of Minnesota Press";"2019-2024";"Arts and Humanities (miscellaneous) (Q3); Demography (Q4); Environmental Science (miscellaneous) (Q4); Geography, Planning and Development (Q4); Sociology and Political Science (Q4)";"Arts and Humanities; Environmental Science; Social Sciences"
1263;21100893272;"Lecturas de Economia";journal;"23230622, 01202596";"Universidad de Antioquia";Yes;Yes;0,125;Q4;10;15;67;437;21;66;0,41;29,13;27,27;0;Colombia;Latin America;"Universidad de Antioquia";"2005-2026";"Business, Management and Accounting (miscellaneous) (Q4); Economics and Econometrics (Q4); Finance (Q4); Social Sciences (miscellaneous) (Q4); Sociology and Political Science (Q4); Statistics, Probability and Uncertainty (Q4)";"Business, Management and Accounting; Decision Sciences; Economics, Econometrics and Finance; Social Sciences"
1264;12100157008;"Polis (United Kingdom)";journal;"20512996, 0142257X";"Brill Academic Publishers";No;No;0,125;Q4;11;20;73;1906;17;71;0,18;95,30;15,79;0;Netherlands;Western Europe;"Brill Academic Publishers";"1989-1990, 1992, 2009-2026";"Classics (Q2); History (Q3); Philosophy (Q3); Sociology and Political Science (Q4)";"Arts and Humanities; Social Sciences"
1265;21101054424;"Contemporary Southeastern Europe";journal;"23103612";"University of Graz";Yes;Yes;0,124;Q4;5;16;31;756;11;30;0,24;47,25;50,00;0;Austria;Western Europe;"University of Graz";"2019-2026";"Arts and Humanities (miscellaneous) (Q3); Cultural Studies (Q3); History (Q3); Anthropology (Q4); Gender Studies (Q4); Law (Q4); Sociology and Political Science (Q4)";"Arts and Humanities; Social Sciences"
1266;72646;"Contributions to Indian Sociology";journal;"00699659, 09730648";"Sage Publications India Pvt. Ltd";No;No;0,124;Q4;37;15;37;154;8;32;0,29;10,27;50,00;0;India;Asiatic Region;"Sage Publications India Pvt. Ltd";"1967, 1969-1980, 1982-2025";"Sociology and Political Science (Q4)";"Social Sciences"
1267;21100220499;"Field Actions Science Report";journal;"1867139X, 18678521";"Institut Veolia Environnement";Yes;Yes;0,124;Q4;21;29;72;303;39;51;0,45;10,45;59,38;0;France;Western Europe;"Institut Veolia Environnement";"2012-2025";"Development (Q4); Education (Q4); Geography, Planning and Development (Q4); Health (social science) (Q4); Sociology and Political Science (Q4)";"Social Sciences"
1268;18775;"Sociologie du Travail";journal;"00380296";"Centre de sociologie des organisations";No;No;0,124;Q4;32;20;192;354;10;189;0,04;17,70;68,42;0;France;Western Europe;"Centre de sociologie des organisations";"1972, 1980, 1988, 1994-2025";"Industrial Relations (Q4); Sociology and Political Science (Q4)";"Business, Management and Accounting; Social Sciences"
1269;26718;"Zeitschrift fur Dialektologie und Linguistik";journal;"23662395, 00441449";"Franz Steiner Verlag GmbH";No;No;0,124;Q4;11;11;41;713;4;40;0,12;64,82;28,57;0;Germany;Western Europe;"Franz Steiner Verlag GmbH";"2003-2025";"Linguistics and Language (Q3); Sociology and Political Science (Q4)";"Social Sciences"
1270;21100223327;"Calitatea Vietii";journal;"18445292, 10180389";"Publishing House of the Romanian Academy";Yes;No;0,123;Q4;8;16;49;600;21;43;0,34;37,50;55,56;0;Romania;Eastern Europe;"Publishing House of the Romanian Academy";"2012-2025";"Health (social science) (Q4); Life-span and Life-course Studies (Q4); Sociology and Political Science (Q4)";"Social Sciences"
1271;21100259514;"Confluenze";journal;"20360967";"University of Bologna";Yes;Yes;0,123;Q4;5;35;156;1304;15;155;0,12;37,26;42,50;0;Italy;Western Europe;"University of Bologna";"2013-2025";"Cultural Studies (Q3); History (Q3); Anthropology (Q4); Sociology and Political Science (Q4)";"Arts and Humanities; Social Sciences"
1272;21100265641;"Etica e Politica";journal;"18255167";"Universita di Trieste";Yes;Yes;0,123;Q4;9;97;210;2077;34;210;0,18;21,41;35,64;0;Italy;Western Europe;"Universita di Trieste";"2013-2025";"Philosophy (Q3); Sociology and Political Science (Q4)";"Arts and Humanities; Social Sciences"
1273;21101095658;"Indian Journal of Law and Justice";journal;"09763570";"Department of Law, University of North Bengal";No;No;0,123;Q4;3;13;122;523;29;112;0,15;40,23;33,33;0;India;Asiatic Region;"Department of Law, University of North Bengal";"2019-2025";"Law (Q4); Sociology and Political Science (Q4)";"Social Sciences"
1274;17600155045;"Staps";journal;"17821568, 0247106X";"De Boeck Supérieur";No;No;0,123;Q4;13;21;82;940;17;77;0,18;44,76;29,17;0;Belgium;Western Europe;"De Boeck Supérieur";"2001-2022, 2024-2025";"Cultural Studies (Q3); History (Q3); Anthropology (Q4); Education (Q4); Multidisciplinary (Q4); Psychology (miscellaneous) (Q4); Social Sciences (miscellaneous) (Q4); Sociology and Political Science (Q4)";"Arts and Humanities; Multidisciplinary; Psychology; Social Sciences"
1275;21100464920;"Storia del Pensiero Politico";journal;"26120968, 22799818";"Societa Editrice Il Mulino";No;No;0,123;Q4;3;21;112;1478;6;111;0,06;70,38;47,37;0;Italy;Western Europe;"Societa Editrice Il Mulino";"2016-2025";"History (Q3); Philosophy (Q3); Sociology and Political Science (Q4)";"Arts and Humanities; Social Sciences"
1276;17587;"Canadian Journal of Sociology";journal;"03186431";"University of Alberta Library";Yes;No;0,122;Q4;44;0;3;0;1;3;0,33;0,00;0,00;0;Canada;Northern America;"University of Alberta Library";"1977, 1979, 1981-1982, 1984-1985, 1987, 1993-2021, 2023";"Sociology and Political Science (Q4)";"Social Sciences"
1277;21100873331;"Debats";journal;"02120585, 25303074";"Institucio Alfons el Magnanim-Centre Valencia d'Estudis i d'Investigacio. Diputacio de Valencia";Yes;Yes;0,122;Q4;5;14;63;169;28;59;0,48;12,07;25,00;0;Spain;Western Europe;"Institucio Alfons el Magnanim-Centre Valencia d'Estudis i d'Investigacio. Diputacio de Valencia";"2018-2025";"Cultural Studies (Q3); Sociology and Political Science (Q4)";"Social Sciences"
1278;21100202947;"History of Economic Ideas";journal;"11228792, 17242169";"Fabrizio Serra Editore Srl";No;No;0,122;Q4;10;9;90;841;16;85;0,20;93,44;11,11;0;Italy;Western Europe;"Fabrizio Serra Editore Srl";"2011-2025";"History (Q3); Economics and Econometrics (Q4); Sociology and Political Science (Q4)";"Arts and Humanities; Economics, Econometrics and Finance; Social Sciences"
1279;21100925891;"Journal of Early Modern Studies";journal;"22797149";"Firenze University Press";Yes;Yes;0,122;Q4;4;13;43;763;12;38;0,23;58,69;66,67;0;Italy;Western Europe;"Firenze University Press";"2019-2025";"Literature and Literary Theory (Q2); Visual Arts and Performing Arts (Q2); Cultural Studies (Q3); History (Q3); Linguistics and Language (Q3); Religious Studies (Q3); Sociology and Political Science (Q4)";"Arts and Humanities; Social Sciences"
1280;5700161424;"Asia Pacific Journal on Human Rights and the Law";journal;"13881906, 15718158";"Martinus Nijhoff Publishers";No;No;0,121;Q4;15;10;39;1138;16;37;0,48;113,80;15,38;0;Netherlands;Western Europe;"Martinus Nijhoff Publishers";"2000-2025";"Law (Q4); Political Science and International Relations (Q4); Sociology and Political Science (Q4)";"Social Sciences"
1281;6500153157;"Caribbean Quarterly";journal;"00086495, 24706302";"Taylor and Francis Ltd.";No;No;0,121;Q4;16;17;104;0;19;67;0,17;0,00;57,14;0;United Kingdom;Western Europe;"Taylor and Francis Ltd.";"1996-2025";"Cultural Studies (Q3); History (Q3); Anthropology (Q4); Political Science and International Relations (Q4); Sociology and Political Science (Q4)";"Arts and Humanities; Social Sciences"
1282;21100923619;"Economic Research Guardian";journal;"22478531";"";Yes;Yes;0,121;Q4;6;14;27;847;10;27;0,37;60,50;31,25;0;Romania;Eastern Europe;"";"2019-2025";"Economics and Econometrics (Q4); Economics, Econometrics and Finance (miscellaneous) (Q4); Geography, Planning and Development (Q4); Sociology and Political Science (Q4)";"Economics, Econometrics and Finance; Social Sciences"
1283;21101279761;"Indonesian Journal of Advocacy and Legal Services";journal;"26862611, 26862085";"Universitas Negeri Semarang";Yes;No;0,121;Q4;3;18;24;865;11;24;0,46;48,06;28,89;0;Indonesia;Asiatic Region;"Universitas Negeri Semarang";"2023-2025";"Law (Q4); Social Sciences (miscellaneous) (Q4); Sociology and Political Science (Q4)";"Social Sciences"
1284;21101098754;"Isonomia";journal;"14050218, 26832593";"Instituto Tecnologico Autonomo de Mexico";No;No;0,121;Q4;4;19;53;1090;11;51;0,21;57,37;29,63;0;Mexico;Latin America;"Instituto Tecnologico Autonomo de Mexico";"2019-2025";"Philosophy (Q3); Law (Q4); Social Sciences (miscellaneous) (Q4); Sociology and Political Science (Q4)";"Arts and Humanities; Social Sciences"
1285;21101174187;"Journal of Global Diaspora and Media";journal;"26325853, 26325861";"Intellect Ltd.";No;No;0,121;Q4;4;6;23;353;6;21;0,15;58,83;50,00;0;United Kingdom;Western Europe;"Intellect Ltd.";"2020-2025";"Communication (Q4); Political Science and International Relations (Q4); Social Sciences (miscellaneous) (Q4); Sociology and Political Science (Q4)";"Social Sciences"
1286;21101190434;"Notebooks: The Journal for Studies on Power";journal;"26667177, 26667185";"Brill Academic Publishers";No;No;0,121;Q4;3;7;39;250;19;31;0,33;35,71;50,00;0;Netherlands;Western Europe;"Brill Academic Publishers";"2021-2025";"Anthropology (Q4); Law (Q4); Political Science and International Relations (Q4); Sociology and Political Science (Q4)";"Social Sciences"
1287;21101049060;"Challenges to National Defence in Contemporary Geopolitical Situation";conference and proceedings;"25388959";"General Jonas Zemaitis Military Academy of Lithuania";No;No;0,121;-;7;0;118;0;66;115;0,49;0,00;0,00;0;Lithuania;Eastern Europe;"General Jonas Zemaitis Military Academy of Lithuania";"2018, 2020, 2022, 2024";"Artificial Intelligence; Computer Science Applications; Information Systems and Management; Mechanical Engineering; Political Science and International Relations; Safety Research; Safety, Risk, Reliability and Quality; Sociology and Political Science";"Computer Science; Decision Sciences; Engineering; Social Sciences"
1288;19700173013;"Co-herencia";journal;"17945887";"Universidad EAFIT";Yes;Yes;0,120;Q4;9;13;85;561;17;81;0,16;43,15;6,67;0;Colombia;Latin America;"Universidad EAFIT";"2009-2025";"Literature and Literary Theory (Q2); Visual Arts and Performing Arts (Q2); History (Q3); Music (Q3); Philosophy (Q3); Sociology and Political Science (Q4)";"Arts and Humanities; Social Sciences"
1289;21101062039;"Journal of Posthuman Studies";journal;"24714461, 24724513";"Penn State University Press";No;No;0,120;Q4;5;8;45;346;11;39;0,30;43,25;22,22;0;United States;Northern America;"Penn State University Press";"2017, 2019-2025";"Arts and Humanities (miscellaneous) (Q3); Cultural Studies (Q3); Gender Studies (Q4); Sociology and Political Science (Q4)";"Arts and Humanities; Social Sciences"
1290;5600156898;"Journal of Social Structure";journal;"15291227";"Sciendo";Yes;Yes;0,120;Q4;10;0;2;0;1;2;0,00;0,00;0,00;0;United States;Northern America;"Sciendo";"2012-2020, 2022";"Social Sciences (miscellaneous) (Q4); Sociology and Political Science (Q4)";"Social Sciences"
1291;5700161893;"Revue Internationale de Politique Comparee";journal;"13700731, 17821533";"De Boeck Supérieur";No;No;0,120;Q4;16;0;39;0;4;37;0,11;0,00;0,00;0;Belgium;Western Europe;"De Boeck Supérieur";"2001-2023";"Political Science and International Relations (Q4); Sociology and Political Science (Q4)";"Social Sciences"
1292;21101021441;"European Journal of American Studies";journal;"19919336";"";Yes;Yes;0,119;Q4;6;22;146;643;39;139;0,24;29,23;52,38;0;France;Western Europe;"";"2018-2025";"Literature and Literary Theory (Q2); Cultural Studies (Q3); History (Q3); Geography, Planning and Development (Q4); Social Sciences (miscellaneous) (Q4); Sociology and Political Science (Q4)";"Arts and Humanities; Social Sciences"
1293;21100467355;"Historicka Sociologie";journal;"18040616, 23363525";"Karolinum - Nakladatelstvi Univerzity Karlovy";Yes;Yes;0,119;Q4;4;16;68;611;13;64;0,14;38,19;26,67;0;Czech Republic;Eastern Europe;"Karolinum - Nakladatelstvi Univerzity Karlovy";"2016-2025";"Cultural Studies (Q3); History (Q3); Sociology and Political Science (Q4)";"Arts and Humanities; Social Sciences"
1294;21100885612;"Journal of Migration History";journal;"23519924, 23519916";"Brill Academic Publishers";No;No;0,119;Q4;9;19;55;1833;17;55;0,29;96,47;39,13;0;Netherlands;Western Europe;"Brill Academic Publishers";"2015-2025";"Cultural Studies (Q3); History (Q3); Anthropology (Q4); Demography (Q4); Sociology and Political Science (Q4)";"Arts and Humanities; Social Sciences"
1295;20000195031;"Krisis";journal;"18757103, 0168275X";"Boom Uitgevers";Yes;Yes;0,119;Q4;11;9;46;377;20;43;0,29;41,89;57,14;0;Netherlands;Western Europe;"Boom Uitgevers";"2011-2025";"Cultural Studies (Q3); Philosophy (Q3); Sociology and Political Science (Q4)";"Arts and Humanities; Social Sciences"
1296;22339;"Nigerian Journal of Economic and Social Studies";journal;"00290092";"Nigerian Economic Society";No;No;0,119;Q4;6;19;53;1117;10;53;0,22;58,79;35,29;0;Nigeria;Africa;"Nigerian Economic Society";"1967, 1974-1977, 1982, 1984-1988, 1992, 1996-2009, 2016-2025";"Economics and Econometrics (Q4); Finance (Q4); Social Sciences (miscellaneous) (Q4); Sociology and Political Science (Q4)";"Economics, Econometrics and Finance; Social Sciences"
1297;5600152968;"Caderno CRH";journal;"01034979, 19838239";"EDUFBA - Editora Universttaria";Yes;Yes;0,118;Q4;15;93;112;4132;13;103;0,12;44,43;40,00;0;Brazil;Latin America;"EDUFBA - Editora Universttaria";"2009-2025";"Cultural Studies (Q3); Sociology and Political Science (Q4)";"Social Sciences"
1298;145698;"Cyprus Review";journal;"25478974, 10152881";"University of Nicosia";No;No;0,118;Q4;20;12;39;495;10;31;0,21;41,25;41,18;0;Cyprus;Western Europe;"University of Nicosia";"1996-2025";"Economics and Econometrics (Q4); Law (Q4); Social Sciences (miscellaneous) (Q4); Sociology and Political Science (Q4)";"Economics, Econometrics and Finance; Social Sciences"
1299;21100902912;"European Yearbook of Minority Issues";journal;"15707865, 22116117";"Brill Academic Publishers";No;No;0,118;Q4;14;0;42;0;9;41;0,33;0,00;0,00;0;Netherlands;Western Europe;"Brill Academic Publishers";"2001, 2003-2005, 2008, 2010-2024";"Cultural Studies (Q3); Anthropology (Q4); Geography, Planning and Development (Q4); Law (Q4); Sociology and Political Science (Q4)";"Social Sciences"
1300;21100901578;"Indonesian Journal of International and Comparative Law";journal;"2338770X, 23387602";"Institute for Migrant Rights Press";No;No;0,118;Q4;4;0;45;0;11;34;0,19;0,00;0,00;0;Indonesia;Asiatic Region;"Institute for Migrant Rights Press";"2018-2024";"Cultural Studies (Q3); Law (Q4); Sociology and Political Science (Q4)";"Social Sciences"
1301;5600153227;"Family and Community History";journal;"17513812, 14631180";"Taylor and Francis Ltd.";No;No;0,117;Q4;6;13;40;684;8;30;0,11;52,62;76,92;0;United Kingdom;Western Europe;"Taylor and Francis Ltd.";"1999, 2001, 2013-2025";"History (Q3); Sociology and Political Science (Q4)";"Arts and Humanities; Social Sciences"
1302;16955;"Labour History";journal;"00236942";"Liverpool University Press";Yes;No;0,117;Q4;18;20;68;1505;13;57;0,16;75,25;51,85;0;Australia;Pacific Region;"Liverpool University Press";"1963-1964, 1966-1973, 1975-1977, 1980-2025";"History (Q3); Industrial Relations (Q4); Organizational Behavior and Human Resource Management (Q4); Sociology and Political Science (Q4)";"Arts and Humanities; Business, Management and Accounting; Social Sciences"
1303;21100845367;"Las Torres De Lucca";journal;"22553827";"Universidad Complutense Madrid";Yes;Yes;0,117;Q4;6;40;98;1696;23;96;0,17;42,40;26,67;0;Spain;Western Europe;"Universidad Complutense Madrid";"2017-2026";"Philosophy (Q3); Sociology and Political Science (Q4)";"Arts and Humanities; Social Sciences"
1304;16445;"Mouvement Social";journal;"00272671, 19618646";"Association Le Movement social";No;No;0,117;Q4;17;20;215;1839;10;199;0,05;91,95;40,91;0;France;Western Europe;"Association Le Movement social";"1975, 1978-1980, 1983, 1987, 1996-2025";"History (Q3); Sociology and Political Science (Q4)";"Arts and Humanities; Social Sciences"
1305;21100244904;"Studia Universitatis Babes-Bolyai Sociologia";journal;"20660464, 12248703";"";Yes;Yes;0,117;Q4;8;6;35;187;12;34;0,35;31,17;85,71;0;Romania;Eastern Europe;"";"2013-2025";"Sociology and Political Science (Q4)";"Social Sciences"
1306;21101021924;"Translocal Chinese: East Asian Perspectives";journal;"24522007, 24522015";"Brill Academic Publishers";No;No;0,117;Q4;4;6;31;280;5;26;0,21;46,67;16,67;0;Netherlands;Western Europe;"Brill Academic Publishers";"2016-2025";"Cultural Studies (Q3); History (Q3); Anthropology (Q4); Geography, Planning and Development (Q4); Sociology and Political Science (Q4)";"Arts and Humanities; Social Sciences"
1307;21101270126;"Vierteljahrschrift fur Sozial und Wirtschaftsgeschichte";journal;"03408728, 03410846";"Franz Steiner Verlag GmbH";No;No;0,117;Q4;8;11;223;865;13;222;0,05;78,64;21,43;0;Germany;Western Europe;"Franz Steiner Verlag GmbH";"2002-2025";"Cultural Studies (Q3); History (Q3); Economics, Econometrics and Finance (miscellaneous) (Q4); Sociology and Political Science (Q4)";"Arts and Humanities; Economics, Econometrics and Finance; Social Sciences"
1308;21101044796;"Confluences Mediterranee";journal;"11482664, 21025991";"Pepper-L'Harmattan";No;No;0,116;Q4;5;0;94;0;17;85;0,23;0,00;0,00;0;France;Western Europe;"Pepper-L'Harmattan";"2019-2024";"Political Science and International Relations (Q4); Sociology and Political Science (Q4)";"Social Sciences"
1309;5700163865;"Critique Internationale";journal;"12907839";"Presses de Sciences Po";No;No;0,116;Q4;23;0;109;0;20;101;0,16;0,00;0,00;0;France;Western Europe;"Presses de Sciences Po";"2001-2024";"Political Science and International Relations (Q4); Sociology and Political Science (Q4)";"Social Sciences"
1310;21100409542;"Eurasian Studies Library";book series;"18779484";"Brill Academic Publishers";No;No;0,116;Q4;4;0;2;0;0;2;0,00;0,00;0,00;0;Netherlands;Western Europe;"Brill Academic Publishers";"2010, 2013-2016, 2018-2023";"Cultural Studies (Q3); History (Q3); Sociology and Political Science (Q4)";"Arts and Humanities; Social Sciences"
1311;21101277856;"Global Populisms";book series;"26662280";"Brill Academic Publishers";No;No;0,116;Q4;4;17;12;737;7;2;0,58;43,35;0,00;0;Netherlands;Western Europe;"Brill Academic Publishers";"2021, 2023-2025";"Anthropology (Q4); Sociology and Political Science (Q4)";"Social Sciences"
1312;21101289833;"History of European Political and Constitutional Thought";book series;"25895966";"Brill Academic Publishers";No;No;0,116;Q4;3;10;85;1112;8;2;0,04;111,20;0,00;0;Netherlands;Western Europe;"Brill Academic Publishers";"2019-2025";"History (Q3); Philosophy (Q3); Sociology and Political Science (Q4)";"Arts and Humanities; Social Sciences"
1313;21100407611;"International Comparative Social Studies";book series;"15684474";"Brill Academic Publishers";No;No;0,116;Q4;11;11;47;767;3;2;0,06;69,73;0,00;0;Netherlands;Western Europe;"Brill Academic Publishers";"2006-2013, 2015-2021, 2023-2026";"Social Sciences (miscellaneous) (Q4); Sociology and Political Science (Q4); Urban Studies (Q4)";"Social Sciences"
1314;21101074927;"International Development Policy";book series;"16639383, 16639391";"Brill Academic Publishers";Yes;Yes;0,116;Q4;15;0;69;0;30;2;0,32;0,00;0,00;0;Netherlands;Western Europe;"Brill Academic Publishers";"2014-2020, 2022, 2024";"Development (Q4); Law (Q4); Political Science and International Relations (Q4); Sociology and Political Science (Q4)";"Social Sciences"
1315;21101044944;"Journal of Austrian-American History";journal;"24750913, 24750905";"Penn State University Press";Yes;Yes;0,116;Q4;3;8;37;674;4;36;0,11;84,25;85,71;0;United States;Northern America;"Penn State University Press";"2017-2025";"Cultural Studies (Q3); History (Q3); Geography, Planning and Development (Q4); Political Science and International Relations (Q4); Sociology and Political Science (Q4)";"Arts and Humanities; Social Sciences"
1316;12100156089;"Ljetopis Socijalnog Rada";journal;"18465412";"University of Zagreb";Yes;Yes;0,116;Q4;12;0;67;0;13;62;0,14;0,00;0,00;0;Croatia;Eastern Europe;"University of Zagreb";"2008-2024";"Developmental and Educational Psychology (Q4); Education (Q4); Social Work (Q4); Sociology and Political Science (Q4)";"Psychology; Social Sciences"
1317;21101155958;"On the Boundary of Two Worlds";book series;"15707121";"Brill: Rodopi";No;No;0,116;Q4;7;8;2;366;0;2;0,00;45,75;0,00;0;Netherlands;Western Europe;"Brill: Rodopi";"2004-2011, 2013-2016, 2020-2022, 2025";"Cultural Studies (Q3); History (Q3); Sociology and Political Science (Q4)";"Arts and Humanities; Social Sciences"
1318;24864;"Oriente Moderno";journal;"22138617, 00305472";"Brill Academic Publishers";No;No;0,116;Q4;15;8;55;564;6;53;0,12;70,50;37,50;0;United States;Northern America;"Brill Academic Publishers";"1978, 1996-2026";"Cultural Studies (Q3); History (Q3); Literature and Literary Theory (Q3); Sociology and Political Science (Q4)";"Arts and Humanities; Social Sciences"
1319;21100407997;"Ottoman Empire and its Heritage";book series;"13806076";"Brill Academic Publishers";No;No;0,116;Q4;13;0;62;0;2;2;0,03;0,00;0,00;0;Netherlands;Western Europe;"Brill Academic Publishers";"2007-2017, 2020-2021, 2023-2024, 2026";"History (Q3); Political Science and International Relations (Q4); Sociology and Political Science (Q4)";"Arts and Humanities; Social Sciences"
1320;8100153108;"Revista Brasileira de Historia";journal;"01020188, 18069347";"Associacao Nacional de Historia";Yes;Yes;0,116;Q4;13;26;163;1162;26;157;0,14;44,69;56,67;0;Brazil;Latin America;"Associacao Nacional de Historia";"1999, 2001, 2007-2025";"Cultural Studies (Q3); History (Q3); Geography, Planning and Development (Q4); Sociology and Political Science (Q4)";"Arts and Humanities; Social Sciences"
1321;21100283371;"Revue des Mondes Musulmans et de la Mediterranee";journal;"21052271, 09971327";"Edisud Publishers";Yes;Yes;0,116;Q4;8;19;111;879;13;107;0,11;46,26;54,55;0;France;Western Europe;"Edisud Publishers";"2002, 2011, 2013-2025";"Cultural Studies (Q3); History (Q3); Religious Studies (Q3); Sociology and Political Science (Q4)";"Arts and Humanities; Social Sciences"
1322;6000160653;"British Journal of Canadian Studies";journal;"17578078, 02699222";"Liverpool University Press";No;No;0,115;Q4;8;12;33;387;6;29;0,22;32,25;90,00;0;United Kingdom;Western Europe;"Liverpool University Press";"2011-2018, 2020-2025";"Cultural Studies (Q3); History (Q3); Literature and Literary Theory (Q3); Sociology and Political Science (Q4)";"Arts and Humanities; Social Sciences"
1323;5700164170;"Central Europe";journal;"14790963, 17458218";"Taylor and Francis Ltd.";No;No;0,115;Q4;20;8;36;0;13;33;0,39;0,00;42,86;0;United Kingdom;Western Europe;"Taylor and Francis Ltd.";"2003-2025";"Arts and Humanities (miscellaneous) (Q3); Cultural Studies (Q3); Political Science and International Relations (Q4); Sociology and Political Science (Q4)";"Arts and Humanities; Social Sciences"
1324;21100877661;"Civitas";journal;"19847289, 15196089";"Edipucrs";Yes;Yes;0,115;Q4;8;35;111;1196;17;111;0,15;34,17;66,67;0;Brazil;Latin America;"Edipucrs";"2018-2026";"Cultural Studies (Q3); Anthropology (Q4); Development (Q4); Sociology and Political Science (Q4)";"Social Sciences"
1325;13131;"Columbia Journal of Law and Social Problems";journal;"00101923";"Columbia Law Review Association";No;No;0,115;Q4;15;8;48;2368;13;48;0,24;296,00;50,00;0;United States;Northern America;"Columbia Law Review Association";"1973, 1975-1976, 1978, 1980, 1985-1986, 1989-1990, 1992-2025";"Law (Q4); Social Sciences (miscellaneous) (Q4); Sociology and Political Science (Q4)";"Social Sciences"
1326;5600156482;"Dutch Crossing";journal;"03096564, 17597854";"Taylor and Francis Ltd.";No;No;0,115;Q4;8;19;51;463;17;41;0,20;24,37;35,00;0;United Kingdom;Western Europe;"Taylor and Francis Ltd.";"2011-2026";"Arts and Humanities (miscellaneous) (Q3); Cultural Studies (Q3); Sociology and Political Science (Q4)";"Arts and Humanities; Social Sciences"
1327;19700182415;"Good Society";journal;"10890017, 15389731";"Penn State University Press";No;No;0,115;Q4;13;0;34;0;2;30;0,00;0,00;0,00;0;United States;Northern America;"Penn State University Press";"2010-2024";"Philosophy (Q3); Sociology and Political Science (Q4)";"Arts and Humanities; Social Sciences"
1328;21100785521;"Islamic Africa";journal;"2333262X, 21540993";"Brill Academic Publishers";No;No;0,115;Q4;14;0;37;0;20;36;0,50;0,00;0,00;0;Netherlands;Western Europe;"Brill Academic Publishers";"2010-2019, 2021-2024";"Cultural Studies (Q3); History (Q3); Literature and Literary Theory (Q3); Religious Studies (Q3); Sociology and Political Science (Q4)";"Arts and Humanities; Social Sciences"
1329;21100372604;"Journal of Applied Research on Children";journal;"21555834";"Texas Medical Center Library";Yes;Yes;0,115;Q4;17;0;30;0;5;25;0,07;0,00;0,00;0;United States;Northern America;"Texas Medical Center Library";"2010, 2014-2023";"Developmental and Educational Psychology (Q4); Education (Q4); Sociology and Political Science (Q4)";"Psychology; Social Sciences"
1330;5600153193;"Social Science Forum";journal;"1581968X, 03523608";"Slovenian Sociological Association";Yes;Yes;0,115;Q4;5;0;56;0;16;47;0,20;0,00;0,00;0;Slovenia;Eastern Europe;"Slovenian Sociological Association";"2017-2024";"Cultural Studies (Q3); Communication (Q4); Social Sciences (miscellaneous) (Q4); Sociology and Political Science (Q4)";"Social Sciences"
1331;21100464929;"Taiwanese Political Science Review";journal;"10270221";"Taiwanese Political Science Association";No;No;0,115;Q4;4;0;15;0;3;15;0,00;0,00;0,00;0;Taiwan;Asiatic Region;"Taiwanese Political Science Association";"2015-2023";"Political Science and International Relations (Q4); Sociology and Political Science (Q4)";"Social Sciences"
1332;21100455681;"Analele Universitatii din Bucuresti, Seria Stiinte Politice";journal;"15822486, 28218078";"Bucharest University Press";Yes;Yes;0,114;Q4;3;0;9;0;6;9;0,00;0,00;0,00;0;Romania;Eastern Europe;"Bucharest University Press";"2015-2022";"Political Science and International Relations (Q4); Sociology and Political Science (Q4)";"Social Sciences"
1333;16500154711;"Hobbes Studies";journal;"09215891, 18750257";"Brill Academic Publishers";No;No;0,114;Q4;12;11;36;1082;9;33;0,27;98,36;27,27;0;Netherlands;Western Europe;"Brill Academic Publishers";"1989-1990, 1992, 1994, 1996-2025";"History (Q3); Philosophy (Q3); Sociology and Political Science (Q4)";"Arts and Humanities; Social Sciences"
1334;21101133340;"Journal of Global Postcolonial Studies";journal;"26438380, 26438399";"University of Florida Press";No;No;0,114;Q4;6;19;35;569;3;32;0,09;29,95;52,94;0;United States;Northern America;"University of Florida Press";"2020-2025";"History (Q3); Literature and Literary Theory (Q3); Visual Arts and Performing Arts (Q3); Political Science and International Relations (Q4); Sociology and Political Science (Q4)";"Arts and Humanities; Social Sciences"
1335;27223;"Luso-Brazilian Review";journal;"15489957, 00247413";"University of Wisconsin Press";No;No;0,114;Q4;8;18;46;809;7;39;0,13;44,94;33,33;0;United States;Northern America;"University of Wisconsin Press";"1978, 1980-1981, 1999, 2001, 2009-2025";"Cultural Studies (Q3); History (Q3); Literature and Literary Theory (Q3); Sociology and Political Science (Q4)";"Arts and Humanities; Social Sciences"
1336;5700172274;"Meanjin";journal;"14488094, 00256293";"Meanjin Company Ltd.";No;No;0,114;Q4;11;48;343;248;21;322;0,04;5,17;53,85;0;Australia;Pacific Region;"Meanjin Company Ltd.";"2002-2003, 2005-2025";"Cultural Studies (Q3); Literature and Literary Theory (Q3); Sociology and Political Science (Q4)";"Arts and Humanities; Social Sciences"
1337;21100845232;"Memoria e Ricerca";journal;"11270195, 1972523X";"Societa Editrice Il Mulino";No;No;0,114;Q4;5;25;80;1895;10;78;0,18;75,80;41,38;0;Italy;Western Europe;"Societa Editrice Il Mulino";"2015-2025";"History (Q3); Sociology and Political Science (Q4)";"Arts and Humanities; Social Sciences"
1338;21101054425;"Orbis Idearum";journal;"23533900";"History of Ideas Research Centre, Jagiellonian University Krakow";Yes;Yes;0,114;Q4;4;4;34;118;4;33;0,13;29,50;50,00;0;Poland;Eastern Europe;"History of Ideas Research Centre, Jagiellonian University Krakow";"2013-2025";"Arts and Humanities (miscellaneous) (Q3); Philosophy (Q3); Religious Studies (Q3); History and Philosophy of Science (Q4); Sociology and Political Science (Q4)";"Arts and Humanities; Social Sciences"
1339;21100228533;"Regional Science Inquiry";journal;"17917735, 17915961";"Hellenic Association of Regional Scientists";No;No;0,114;Q4;13;0;37;0;6;34;0,12;0,00;0,00;0;Greece;Western Europe;"Hellenic Association of Regional Scientists";"2012-2024";"Development (Q4); Economics and Econometrics (Q4); Geography, Planning and Development (Q4); Sociology and Political Science (Q4)";"Economics, Econometrics and Finance; Social Sciences"
1340;5700162050;"Revue Francaise d'Administration Publique";journal;"01527401";"Ecole Nationale d'Administration";No;No;0,114;Q4;19;0;62;0;6;58;0,00;0,00;0,00;0;France;Western Europe;"Ecole Nationale d'Administration";"2002-2022";"Public Administration (Q4); Sociology and Political Science (Q4)";"Social Sciences"
1341;14403;"Victorian Studies";journal;"15272052, 00425222";"Indiana University Press";No;No;0,114;Q4;32;15;101;513;20;86;0,13;34,20;42,86;0;United States;Northern America;"Indiana University Press";"1969-1972, 1976-1978, 1980-1982, 1984-1986, 1988, 1990-1992, 1995, 1999, 2001-2025";"Cultural Studies (Q3); History (Q3); Literature and Literary Theory (Q3); Philosophy (Q3); Visual Arts and Performing Arts (Q3); Sociology and Political Science (Q4)";"Arts and Humanities; Social Sciences"
1342;60672;"Arab Studies Quarterly";journal;"02713519, 20436920";"Pluto Journals";Yes;Yes;0,113;Q4;8;11;48;380;13;36;0,32;34,55;38,46;0;United Kingdom;Western Europe;"Pluto Journals";"1979, 1981, 2001, 2018-2026";"Cultural Studies (Q3); Political Science and International Relations (Q4); Sociology and Political Science (Q4)";"Social Sciences"
1343;21101168050;"Yearbook of Muslims in Europe";book series;"18771432";"Brill Academic Publishers";No;No;0,113;Q4;9;0;90;0;15;88;0,05;0,00;0,00;0;Netherlands;Western Europe;"Brill Academic Publishers";"2009-2014, 2016-2023";"Anthropology (Q4); Sociology and Political Science (Q4)";"Social Sciences"
1344;21100236209;"Diasporas";journal;"24311472, 16375823";"Editions Of The Sorbonne";Yes;Yes;0,112;Q4;5;25;75;1463;11;69;0,16;58,52;55,56;0;France;Western Europe;"Editions Of The Sorbonne";"2008-2025";"History (Q3); Cultural Studies (Q4); Demography (Q4); Sociology and Political Science (Q4)";"Arts and Humanities; Social Sciences"
1345;13138;"German Life and Letters";journal;"00168777, 14680483";"Wiley-Blackwell Publishing Ltd";No;No;0,112;Q4;16;28;95;1240;21;92;0,24;44,29;67,57;0;United Kingdom;Western Europe;"Wiley-Blackwell Publishing Ltd";"1936-1939, 1947-2026";"Literature and Literary Theory (Q3); Cultural Studies (Q4); Sociology and Political Science (Q4)";"Arts and Humanities; Social Sciences"
1346;21100903716;"Journal of Belarusian Studies";journal;"00754161, 20526512";"Brill Academic Publishers";No;No;0,112;Q4;5;6;17;247;2;14;0,00;41,17;40,00;0;United Kingdom;Western Europe;"Brill Academic Publishers";"2016-2025";"Arts and Humanities (miscellaneous) (Q3); Cultural Studies (Q4); Linguistics and Language (Q4); Political Science and International Relations (Q4); Sociology and Political Science (Q4)";"Arts and Humanities; Social Sciences"
1347;24262;"Revue Francaise de Science Politique";journal;"00352950, 19506686";"Presses de Sciences Po";No;No;0,112;Q4;37;0;303;0;18;291;0,05;0,00;0,00;0;France;Western Europe;"Presses de Sciences Po";"1989, 1992, 2001-2024";"Political Science and International Relations (Q4); Sociology and Political Science (Q4)";"Social Sciences"
1348;18007;"Societes";book series;"07653697, 1782155X";"De Boeck Supérieur";No;No;0,112;Q4;8;0;116;0;12;107;0,11;0,00;0,00;0;Belgium;Western Europe;"De Boeck Supérieur";"1996-2024";"Arts and Humanities (miscellaneous) (Q3); Demography (Q4); Sociology and Political Science (Q4)";"Arts and Humanities; Social Sciences"
1349;14000155239;"Capitalism and Society";journal;"21946140, 19320213";"Social Science Research Network";No;No;0,111;Q4;13;0;20;0;3;19;0,14;0,00;0,00;0;United States;Northern America;"Social Science Research Network";"2009-2012, 2014-2017, 2021-2024";"History (Q3); Economics and Econometrics (Q4); Sociology and Political Science (Q4)";"Arts and Humanities; Economics, Econometrics and Finance; Social Sciences"
1350;21100451314;"Chinese and Comparative Law Series";book series;"22134875";"Brill Academic Publishers";No;No;0,111;Q4;4;0;4;0;0;3;0,00;0,00;0,00;0;Netherlands;Western Europe;"Brill Academic Publishers";"2012, 2015, 2017-2024, 2026";"Law (Q4); Sociology and Political Science (Q4)";"Social Sciences"
1351;19700182807;"Contagion: Journal of Violence, Mimesis, and Culture";journal;"10757201, 19301200";"Michigan State University Press";No;No;0,111;Q4;7;15;38;854;8;36;0,11;56,93;13,33;0;United States;Northern America;"Michigan State University Press";"2010-2025";"Literature and Literary Theory (Q3); Religious Studies (Q3); Cultural Studies (Q4); Philosophy (Q4); Sociology and Political Science (Q4)";"Arts and Humanities; Social Sciences"
1352;5600155082;"Cultural Critique";journal;"08824371, 14602458";"University of Minnesota Press";No;No;0,111;Q4;31;33;91;1617;20;78;0,25;49,00;40,74;0;United States;Northern America;"University of Minnesota Press";"2002-2025";"Literature and Literary Theory (Q3); Anthropology (Q4); Cultural Studies (Q4); Philosophy (Q4); Sociology and Political Science (Q4)";"Arts and Humanities; Social Sciences"
1353;5600153675;"Dve Domovini";journal;"15811212, 03536777";"Zalozba ZRC";Yes;Yes;0,111;Q4;14;8;65;261;12;60;0,18;32,63;58,33;0;Slovenia;Eastern Europe;"Zalozba ZRC";"2008-2025";"Cultural Studies (Q4); Demography (Q4); Sociology and Political Science (Q4)";"Social Sciences"
1354;21101283132;"International Political Anthropology";journal;"22839887, 19747268";"International Political Anthropology Association";No;No;0,111;Q4;3;21;43;535;7;34;0,17;25,48;25,00;0;Italy;Western Europe;"International Political Anthropology Association";"2021-2025";"Anthropology (Q4); Sociology and Political Science (Q4)";"Social Sciences"
1355;21101193867;"Journal of Finnish Studies";journal;"12066516, 28315081";"University of Illinois Press";No;No;0,111;Q4;5;8;37;389;4;34;0,12;48,63;75,00;0;United States;Northern America;"University of Illinois Press";"2019-2025";"History (Q3); Cultural Studies (Q4); Geography, Planning and Development (Q4); Sociology and Political Science (Q4)";"Arts and Humanities; Social Sciences"
1356;21100940537;"Journal of Vietnamese Studies";journal;"1559372X, 15593738";"University of California Press";No;No;0,111;Q4;6;18;70;770;13;64;0,21;42,78;43,75;0;United States;Northern America;"University of California Press";"2017, 2019-2025";"History (Q3); Anthropology (Q4); Cultural Studies (Q4); Linguistics and Language (Q4); Sociology and Political Science (Q4)";"Arts and Humanities; Social Sciences"
1357;5600152872;"Societes Contemporaines";journal;"11501944, 19506899";"Presses de Sciences Po";No;No;0,111;Q4;24;0;35;0;4;32;0,08;0,00;0,00;0;France;Western Europe;"Presses de Sciences Po";"2001-2024";"Sociology and Political Science (Q4)";"Social Sciences"
1358;21101145628;"Studies in Global Slavery";book series;"24054585";"Brill Academic Publishers";No;No;0,111;Q4;5;0;50;0;13;3;0,11;0,00;0,00;0;Netherlands;Western Europe;"Brill Academic Publishers";"2016, 2018-2020, 2022-2024";"History (Q3); Sociology and Political Science (Q4)";"Arts and Humanities; Social Sciences"
1359;70577;"Asian and African Studies";journal;"13351257, 25858793";"Institute of Oriental Studies, Slovak Academy of Sciences";Yes;Yes;0,110;Q4;7;9;35;363;3;34;0,11;40,33;50,00;0;Slovakia;Eastern Europe;"Institute of Oriental Studies, Slovak Academy of Sciences";"1987, 2008-2025";"Arts and Humanities (miscellaneous) (Q4); Cultural Studies (Q4); Sociology and Political Science (Q4)";"Arts and Humanities; Social Sciences"
1360;29759;"Indian Journal of Social Work";journal;"24567809, 00195634";"Tata Institute of Social Sciences";No;No;0,110;Q4;11;1;72;0;19;58;0,05;0,00;0,00;0;India;Asiatic Region;"Tata Institute of Social Sciences";"1945-1948, 1977, 1982, 1991, 1996-2025";"Social Sciences (miscellaneous) (Q4); Social Work (Q4); Sociology and Political Science (Q4)";"Social Sciences"
1361;26307;"Journal of the Early Republic";journal;"02751275, 15530620";"University of North Carolina Press";No;No;0,110;Q4;24;19;180;961;25;175;0,14;50,58;55,56;0;United States;Northern America;"University of North Carolina Press";"1983, 1987, 2002-2025";"History (Q3); Cultural Studies (Q4); Sociology and Political Science (Q4)";"Arts and Humanities; Social Sciences"
1362;21473;"Polish Review";journal;"00322970, 23300841";"University of Illinois Press";No;No;0,110;Q4;4;22;86;598;11;69;0,17;27,18;42,86;0;United States;Northern America;"University of Illinois Press";"1986, 2019-2025";"History (Q3); Literature and Literary Theory (Q3); Cultural Studies (Q4); Sociology and Political Science (Q4)";"Arts and Humanities; Social Sciences"
1363;5700165656;"Politix";journal;"02952319, 19538286";"Armand Colin";No;No;0,110;Q4;24;0;75;0;12;67;0,13;0,00;0,00;0;France;Western Europe;"Armand Colin";"2008-2024";"Sociology and Political Science (Q4)";"Social Sciences"
1364;21100902868;"Punjab Geographer";journal;"09733485";"Institute For Spatial Planning And Environment Research";No;No;0,110;Q4;3;7;25;173;2;20;0,07;24,71;46,15;0;India;Asiatic Region;"Institute For Spatial Planning And Environment Research";"2018-2025";"Geography, Planning and Development (Q4); Sociology and Political Science (Q4)";"Social Sciences"
1365;5700164093;"Comparative American Studies";journal;"17412676, 14775700";"Maney Publishing";No;No;0,109;Q4;10;24;68;1152;14;61;0,21;48,00;77,42;0;United Kingdom;Western Europe;"Maney Publishing";"2008-2026";"Arts and Humanities (miscellaneous) (Q4); Cultural Studies (Q4); Sociology and Political Science (Q4)";"Arts and Humanities; Social Sciences"
1366;21101041549;"Contradictions";journal;"25707485";"Filosoficky Ustav AV CR";No;No;0,109;Q4;4;0;55;0;4;41;0,03;0,00;0,00;0;Czech Republic;Eastern Europe;"Filosoficky Ustav AV CR";"2017-2024";"History (Q3); Philosophy (Q4); Sociology and Political Science (Q4)";"Arts and Humanities; Social Sciences"
1367;21100937581;"Genocide Studies International";journal;"22911855, 22911847";"University of Toronto Press";No;No;0,109;Q4;7;0;22;0;6;18;0,63;0,00;0,00;0;Canada;Northern America;"University of Toronto Press";"2018-2023";"Law (Q4); Political Science and International Relations (Q4); Sociology and Political Science (Q4)";"Social Sciences"
1368;5700162645;"Jewish Culture and History";journal;"1462169X, 21679428";"Routledge";No;No;0,109;Q4;7;34;85;1509;28;77;0,33;44,38;53,13;0;United Kingdom;Western Europe;"Routledge";"1999, 2001, 2006, 2014-2026";"History (Q3); Cultural Studies (Q4); Sociology and Political Science (Q4)";"Arts and Humanities; Social Sciences"
1369;17700155036;"Pensee Plurielle";journal;"17821479, 13760963";"De Boeck Supérieur";No;No;0,109;Q4;8;0;51;0;2;48;0,05;0,00;0,00;0;Belgium;Western Europe;"De Boeck Supérieur";"2001-2023";"Sociology and Political Science (Q4)";"Social Sciences"
1370;17700156014;"Travail, Genre et Societes";journal;"12946303";"Editions La Decouverte";No;No;0,109;Q4;19;0;93;0;22;89;0,25;0,00;0,00;0;France;Western Europe;"Editions La Decouverte";"2001-2024";"Business and International Management (Q4); Economics and Econometrics (Q4); Gender Studies (Q4); Organizational Behavior and Human Resource Management (Q4); Sociology and Political Science (Q4)";"Business, Management and Accounting; Economics, Econometrics and Finance; Social Sciences"
1371;21101171690;"Yakin Donem Turkiye Arastirmalari";journal;"13049720, 25479679";"Istanbul University Press";Yes;Yes;0,109;Q4;2;16;70;734;4;70;0,04;45,88;50,00;0;Turkey;Middle East;"Istanbul University Press";"2019-2025";"History (Q3); Sociology and Political Science (Q4)";"Arts and Humanities; Social Sciences"
1372;19700187711;"African and Black Diaspora";journal;"17528631, 1752864X";"Routledge";No;No;0,108;Q4;16;1;4;49;0;4;0,00;49,00;0,00;0;United Kingdom;Western Europe;"Routledge";"2010-2022, 2025";"Anthropology (Q4); Arts and Humanities (miscellaneous) (Q4); Cultural Studies (Q4); Demography (Q4); Sociology and Political Science (Q4)";"Arts and Humanities; Social Sciences"
1373;21100857116;"American, British and Canadian Studies";journal;"18411487, 1841964X";"Sciendo";Yes;Yes;0,108;Q4;5;21;63;761;13;57;0,19;36,24;26,32;0;Poland;Eastern Europe;"Sciendo";"2017-2025";"Literature and Literary Theory (Q3); Anthropology (Q4); Computer Science Applications (Q4); Cultural Studies (Q4); Linguistics and Language (Q4); Sociology and Political Science (Q4)";"Arts and Humanities; Computer Science; Social Sciences"
1374;21100243004;"Cahiers du Genre";journal;"19683928, 12986046";"L'Harmattan";No;No;0,108;Q4;12;0;77;0;8;74;0,08;0,00;0,00;0;France;Western Europe;"L'Harmattan";"2011-2024";"Demography (Q4); Gender Studies (Q4); Sociology and Political Science (Q4)";"Social Sciences"
1375;21100943308;"Human Rights";journal;"24236489, 25386360";"Mofid University - Center for Human Rights Studies";Yes;Yes;0,108;Q4;2;0;50;0;5;50;0,00;0,00;0,00;0;Iran;Middle East;"Mofid University - Center for Human Rights Studies";"2019-2024";"Law (Q4); Political Science and International Relations (Q4); Sociology and Political Science (Q4)";"Social Sciences"
1376;21100406310;"International Humanitarian Law Series";book series;"13896776";"Brill Academic Publishers";No;No;0,108;Q4;10;3;34;1295;11;4;0,33;431,67;0,00;0;Netherlands;Western Europe;"Brill Academic Publishers";"2006-2016, 2018-2020, 2022-2026";"Law (Q4); Political Science and International Relations (Q4); Sociology and Political Science (Q4)";"Social Sciences"
1377;21100885609;"Journal of American-East Asian Relations";journal;"10583947, 18765610";"Brill Academic Publishers";No;No;0,108;Q4;11;18;53;763;7;38;0,03;42,39;23,08;0;Netherlands;Western Europe;"Brill Academic Publishers";"1992, 1994, 1996, 1998-2000, 2002-2003, 2007-2025";"History (Q3); Cultural Studies (Q4); Political Science and International Relations (Q4); Sociology and Political Science (Q4)";"Arts and Humanities; Social Sciences"
1378;21101082209;"Revista Brasileira de Ciencias Policiais";journal;"23186917, 21780013";"National Police Academy";Yes;Yes;0,108;Q4;3;0;115;0;7;107;0,06;0,00;0,00;0;Brazil;Latin America;"National Police Academy";"2019-2024";"Law (Q4); Political Science and International Relations (Q4); Safety Research (Q4); Social Sciences (miscellaneous) (Q4); Sociology and Political Science (Q4)";"Social Sciences"
1379;21100432248;"Social, Economic and Political Studies of the Middle East and Asia";book series;"13853376";"Brill Academic Publishers";No;No;0,108;Q4;12;1;17;673;1;4;0,00;673,00;100,00;0;Netherlands;Western Europe;"Brill Academic Publishers";"2006-2009, 2012-2025";"Anthropology (Q4); Economics, Econometrics and Finance (miscellaneous) (Q4); Philosophy (Q4); Religious Studies (Q4); Sociology and Political Science (Q4)";"Arts and Humanities; Economics, Econometrics and Finance; Social Sciences"
1380;21101145627;"Youth in a Globalizing World";book series;"22129383";"Brill Academic Publishers";No;No;0,108;Q4;7;1;37;362;4;4;0,00;362,00;0,00;0;Netherlands;Western Europe;"Brill Academic Publishers";"2014-2015, 2017-2026";"Development (Q4); Sociology and Political Science (Q4)";"Social Sciences"
1381;17700155038;"Droit et Societe";journal;"19696973, 07693362";"Editions Juridiques Associees";No;No;0,107;Q4;19;0;65;0;10;63;0,13;0,00;0,00;0;France;Western Europe;"Editions Juridiques Associees";"2001-2024";"Law (Q4); Sociology and Political Science (Q4)";"Social Sciences"
1382;14529;"Eire-Ireland; a journal of Irish studies";journal;"00132683, 15505162";"Irish American Cultural Institute";No;No;0,107;Q4;19;20;80;1298;14;67;0,10;64,90;61,11;0;United States;Northern America;"Irish American Cultural Institute";"1976-1977, 1979-1980, 1982, 1987, 2000-2025";"Arts and Humanities (miscellaneous) (Q4); Cultural Studies (Q4); Sociology and Political Science (Q4)";"Arts and Humanities; Social Sciences"
1383;5900152888;"Grey Room";journal;"15263819";"MIT Press";No;No;0,107;Q4;24;19;68;0;47;32;0,75;0,00;57,89;0;United States;Northern America;"MIT Press";"2002-2025";"Visual Arts and Performing Arts (Q3); Architecture (Q4); Communication (Q4); Sociology and Political Science (Q4)";"Arts and Humanities; Engineering; Social Sciences"
1384;19900191879;"Informacao e Sociedade";journal;"18094783, 01040146";"Universidade Federal de Campina Grande";Yes;Yes;0,107;Q4;11;0;35;0;2;32;0,08;0,00;0,00;0;Brazil;Latin America;"Universidade Federal de Campina Grande";"2011-2024";"Communication (Q4); Sociology and Political Science (Q4)";"Social Sciences"
1385;4700153010;"Journal of Social, Political, and Economic Studies";journal;"0278839X";"Council for Social and Economic Studies";No;No;0,107;Q4;12;0;18;0;4;18;0,22;0,00;0,00;0;United States;Northern America;"Council for Social and Economic Studies";"1978, 1980, 1982, 1984-1986, 1993-1996, 2006-2023";"Economics, Econometrics and Finance (miscellaneous) (Q4); Political Science and International Relations (Q4); Sociology and Political Science (Q4)";"Economics, Econometrics and Finance; Social Sciences"
1386;21100898308;"Languages Cultures Mediation";journal;"22841881, 24210293";"LED Edizioni Universitarie";Yes;Yes;0,107;Q4;7;8;61;318;12;59;0,21;39,75;87,50;0;Italy;Western Europe;"LED Edizioni Universitarie";"2014-2025";"Communication (Q4); Cultural Studies (Q4); Linguistics and Language (Q4); Sociology and Political Science (Q4)";"Social Sciences"
1387;17700154915;"Multitudes";journal;"17775841, 02920107";"Association Multitudes";No;No;0,107;Q4;16;0;229;0;17;210;0,08;0,00;0,00;0;France;Western Europe;"Association Multitudes";"2000-2024";"Philosophy (Q4); Sociology and Political Science (Q4)";"Arts and Humanities; Social Sciences"
1388;11600153439;"North Korean Review";journal;"15512789, 19412886";"McFarland and Company, Inc";No;No;0,107;Q4;11;6;37;186;10;30;0,26;31,00;0,00;0;United States;Northern America;"McFarland and Company, Inc";"2010-2017, 2019-2025";"History (Q3); Cultural Studies (Q4); Economics, Econometrics and Finance (miscellaneous) (Q4); Political Science and International Relations (Q4); Sociology and Political Science (Q4)";"Arts and Humanities; Economics, Econometrics and Finance; Social Sciences"
1389;19900192704;"Romanian Journal of Political Science";journal;"20687613, 1582456X";"Romanian Academic Society";No;No;0,107;Q4;12;17;26;878;4;26;0,06;51,65;38,46;0;Romania;Eastern Europe;"Romanian Academic Society";"2009-2013, 2015-2024";"Political Science and International Relations (Q4); Sociology and Political Science (Q4)";"Social Sciences"
1390;21100854425;"Annals of the Fondazione Luigi Einaudi";journal;"25324969";"Casa Editrice Leo S. Olschki";No;No;0,106;Q4;7;0;75;0;9;62;0,09;0,00;0,00;0;Italy;Western Europe;"Casa Editrice Leo S. Olschki";"2017-2024";"Economics, Econometrics and Finance (miscellaneous) (Q4); History (Q4); Social Sciences (miscellaneous) (Q4); Sociology and Political Science (Q4)";"Arts and Humanities; Economics, Econometrics and Finance; Social Sciences"
1391;19700188379;"Arbeiderhistorie";journal;"08017778";"Arbeiderbevegelsens arkiv og bibliotek";Yes;Yes;0,106;Q4;3;9;41;275;5;35;0,13;30,56;0,00;0;Norway;Western Europe;"Arbeiderbevegelsens arkiv og bibliotek";"2001, 2011, 2013-2025";"History (Q4); Sociology and Political Science (Q4)";"Arts and Humanities; Social Sciences"
1392;5600153212;"Durkheimian Studies";journal;"17522307, 1362024X";"Berghahn Journals";No;No;0,106;Q4;8;0;20;0;3;19;0,17;0,00;0,00;0;United Kingdom;Western Europe;"Berghahn Journals";"2011-2015, 2017, 2020-2024";"Anthropology (Q4); Philosophy (Q4); Religious Studies (Q4); Sociology and Political Science (Q4)";"Arts and Humanities; Social Sciences"
1393;62388;"Esprit";journal;"00140759, 21114579";"";No;No;0,106;Q4;11;0;65;0;3;49;0,05;0,00;0,00;0;France;Western Europe;"";"1973, 1975, 1981-1983, 2010-2020, 2024";"Arts and Humanities (miscellaneous) (Q4); Political Science and International Relations (Q4); Religious Studies (Q4); Sociology and Political Science (Q4)";"Arts and Humanities; Social Sciences"
1394;17600155220;"Geneses";journal;"11553219";"Editions Belin";No;No;0,106;Q4;26;0;54;0;8;54;0,13;0,00;0,00;0;France;Western Europe;"Editions Belin";"2000-2024";"Cultural Studies (Q4); History (Q4); Public Administration (Q4); Sociology and Political Science (Q4)";"Arts and Humanities; Social Sciences"
1395;95318;"London Journal of Canadian Studies";journal;"23970928, 02672200";"UCL Press";Yes;No;0,106;Q4;2;7;6;210;0;5;0,00;30,00;16,67;0;United Kingdom;Western Europe;"UCL Press";"1994, 1996, 2021, 2023, 2025";"Cultural Studies (Q4); History (Q4); Sociology and Political Science (Q4)";"Arts and Humanities; Social Sciences"
1396;12100157012;"Maghreb - Machrek";journal;"22716815, 17623162";"Editions ESKA";No;No;0,106;Q4;7;0;32;0;5;29;0,20;0,00;0,00;0;France;Western Europe;"Editions ESKA";"1987, 1989-1990, 2007-2024";"Literature and Literary Theory (Q3); Cultural Studies (Q4); History (Q4); Law (Q4); Political Science and International Relations (Q4); Sociology and Political Science (Q4)";"Arts and Humanities; Social Sciences"
1397;17608;"Soundings";journal;"21616302, 00381861";"Society for Values in Higher Education";No;No;0,106;Q4;9;0;39;0;2;36;0,00;0,00;0,00;0;United States;Northern America;"Society for Values in Higher Education";"1975-1977, 1979-1980, 1982-1985, 1989, 1994, 2002-2023";"Arts and Humanities (miscellaneous) (Q4); Cultural Studies (Q4); Sociology and Political Science (Q4)";"Arts and Humanities; Social Sciences"
1398;21100307490;"Cahiers des Ameriques Latines";book series;"11417161";"Institut des Hautes Etudes de l'Amerique Latine (IHEAL)";Yes;Yes;0,105;Q4;7;10;92;373;9;75;0,11;37,30;77,78;0;France;Western Europe;"Institut des Hautes Etudes de l'Amerique Latine (IHEAL)";"1972, 1976, 1979, 1987, 2001-2002, 2012-2025";"Cultural Studies (Q4); Demography (Q4); Sociology and Political Science (Q4); Urban Studies (Q4)";"Social Sciences"
1399;5700177049;"CR: The New Centennial Review";journal;"1532687X, 15396630";"Michigan State University, Department of English";No;No;0,105;Q4;24;1;59;29;12;48;0,06;29,00;100,00;0;United States;Northern America;"Michigan State University, Department of English";"2002-2023";"Literature and Literary Theory (Q3); Cultural Studies (Q4); Sociology and Political Science (Q4)";"Arts and Humanities; Social Sciences"
1400;18736;"Cuadernos del Cendes";journal;"10122508";"Universidad Central de Venezuela";Yes;No;0,105;Q4;9;0;53;0;5;47;0,00;0,00;0,00;0;Venezuela;Latin America;"Universidad Central de Venezuela";"1989-1991, 2008-2023";"Geography, Planning and Development (Q4); Political Science and International Relations (Q4); Sociology and Political Science (Q4)";"Social Sciences"
1401;17600155214;"Empan";journal;"11523336";"Editions Eres";No;No;0,105;Q4;8;0;176;0;8;154;0,01;0,00;0,00;0;France;Western Europe;"Editions Eres";"2002-2024";"Health (social science) (Q4); Social Psychology (Q4); Sociology and Political Science (Q4)";"Psychology; Social Sciences"
1402;21101257866;"Journal of Indentureship and its Legacies";journal;"26342006, 26341999";"Pluto Journals";Yes;Yes;0,105;Q4;2;4;52;17;3;42;0,05;4,25;100,00;0;United Kingdom;Western Europe;"Pluto Journals";"2021-2025";"Linguistics and Language (Q4); Sociology and Political Science (Q4)";"Social Sciences"
1403;21100898965;"Modernist Cultures";journal;"20411022, 17538629";"Edinburgh University Press";No;No;0,105;Q4;10;14;47;718;4;46;0,06;51,29;30,77;0;United Kingdom;Western Europe;"Edinburgh University Press";"2005-2025";"Literature and Literary Theory (Q3); Visual Arts and Performing Arts (Q3); Cultural Studies (Q4); History (Q4); Music (Q4); Sociology and Political Science (Q4)";"Arts and Humanities; Social Sciences"
1404;21100407477;"Historical Materialism Book Series";book series;"15701522";"Brill Academic Publishers";No;No;0,104;Q4;12;19;225;7047;14;78;0,04;370,89;4,76;0;Netherlands;Western Europe;"Brill Academic Publishers";"2007-2009, 2011-2026";"History (Q4); Social Sciences (miscellaneous) (Q4); Sociology and Political Science (Q4)";"Arts and Humanities; Social Sciences"
1405;21100786380;"Perspectives on Federalism";journal;"20365438";"Centro Studi Sul Federalismo";Yes;Yes;0,104;Q4;8;6;42;463;5;40;0,10;77,17;28,57;0;Italy;Western Europe;"Centro Studi Sul Federalismo";"2016-2026";"Law (Q4); Political Science and International Relations (Q4); Sociology and Political Science (Q4)";"Social Sciences"
1406;5600152896;"Sociologia e Ricerca Sociale";journal;"19718446, 11211148";"FrancoAngeli";No;No;0,104;Q4;5;0;73;0;4;73;0,07;0,00;0,00;0;Italy;Western Europe;"FrancoAngeli";"2016-2024";"Social Sciences (miscellaneous) (Q4); Sociology and Political Science (Q4)";"Social Sciences"
1407;17386;"Sociological Theory and Methods";journal;"09131442";"Japanese Association for Mathematical Sociology";No;No;0,104;Q4;9;8;57;151;5;49;0,03;18,88;71,43;0;Japan;Asiatic Region;"Japanese Association for Mathematical Sociology";"1986-1987, 1989-1994, 1996-2025";"Social Sciences (miscellaneous) (Q4); Sociology and Political Science (Q4)";"Social Sciences"
1408;21101163298;"Women, Gender, and Families of Color";journal;"23260947, 23260939";"University of Illinois Press";No;No;0,104;Q4;5;0;41;0;5;39;0,06;0,00;0,00;0;United States;Northern America;"University of Illinois Press";"2019-2024";"Cultural Studies (Q4); Gender Studies (Q4); History (Q4); Sociology and Political Science (Q4)";"Arts and Humanities; Social Sciences"
1409;5600157032;"Australian Slavonic and East European Studies";journal;"08188149";"University of Queensland Press";Yes;No;0,103;Q4;5;3;12;131;0;12;0,00;43,67;60,00;0;Australia;Pacific Region;"University of Queensland Press";"2013-2017, 2020-2025";"Literature and Literary Theory (Q3); Cultural Studies (Q4); History (Q4); Linguistics and Language (Q4); Sociology and Political Science (Q4); Visual Arts and Performing Arts (Q4)";"Arts and Humanities; Social Sciences"
1410;21100455214;"Caritas et Veritas";journal;"18050948";"University of South Bohemia";Yes;No;0,103;Q4;4;7;50;193;6;47;0,18;27,57;42,86;0;Czech Republic;Eastern Europe;"University of South Bohemia";"2015-2025";"Education (Q4); Philosophy (Q4); Religious Studies (Q4); Sociology and Political Science (Q4)";"Arts and Humanities; Social Sciences"
1411;5600152864;"Education et Societes";journal;"1373847X, 17821428";"De Boeck Supérieur";No;No;0,103;Q4;16;0;40;0;2;40;0,03;0,00;0,00;0;Belgium;Western Europe;"De Boeck Supérieur";"2001-2024";"Education (Q4); Sociology and Political Science (Q4)";"Social Sciences"
1412;19300156907;"Feministische Studien";journal;"23659920, 07235186";"Walter de Gruyter GmbH";No;No;0,103;Q4;10;16;103;313;4;90;0,00;19,56;93,75;0;Germany;Western Europe;"Walter de Gruyter GmbH";"2008-2025";"Gender Studies (Q4); Sociology and Political Science (Q4)";"Social Sciences"
1413;25082;"Foreign Policy";journal;"00157228";"Carnegie Endowment for International Peace";No;No;0,103;Q4;45;0;70;0;6;57;0,03;0,00;0,00;0;United States;Northern America;"Carnegie Endowment for International Peace";"1979, 1981, 1984-1985, 1998-2015, 2017-2018, 2020, 2022-2023";"Political Science and International Relations (Q4); Sociology and Political Science (Q4)";"Social Sciences"
1414;7600153110;"Hawwa";journal;"15692078, 15692086";"Brill Academic Publishers";No;No;0,103;Q4;17;21;31;1004;5;29;0,14;47,81;82,86;0;Netherlands;Western Europe;"Brill Academic Publishers";"2003-2012, 2014-2026";"Cultural Studies (Q4); Gender Studies (Q4); Sociology and Political Science (Q4)";"Social Sciences"
1415;21101045768;"Journal for Interdisciplinary Middle Eastern Studies";journal;"2522347X, 25226959";"Ariel University Press";No;No;0,103;Q4;3;10;20;748;2;20;0,15;74,80;54,55;0;Israel;Middle East;"Ariel University Press";"2017-2025";"Political Science and International Relations (Q4); Sociology and Political Science (Q4)";"Social Sciences"
1416;16583;"Quaderni Storici";journal;"03016307, 26121972";"Societa Editrice Il Mulino";No;No;0,103;Q4;14;12;102;536;11;97;0,13;44,67;50,00;0;Italy;Western Europe;"Societa Editrice Il Mulino";"1976-1977, 1979-1987, 1999, 2001-2025";"History (Q4); Sociology and Political Science (Q4)";"Arts and Humanities; Social Sciences"
1417;5700161051;"A Contrario";journal;"16607880, 16628667";"Editions Antipodes";No;No;0,102;Q4;8;0;20;0;0;18;0,00;0,00;0,00;0;Switzerland;Western Europe;"Editions Antipodes";"2003-2007, 2009-2018, 2020-2023";"Cultural Studies (Q4); Literature and Literary Theory (Q4); Political Science and International Relations (Q4); Sociology and Political Science (Q4)";"Arts and Humanities; Social Sciences"
1418;21100786959;"Austrian Journal of Political Science";journal;"23135433";"Innsbruck University Press";Yes;Yes;0,102;Q4;12;1;19;65;2;19;0,06;65,00;0,00;0;Austria;Western Europe;"Innsbruck University Press";"2015-2025";"Sociology and Political Science (Q4)";"Social Sciences"
1419;21101140504;"Bolivian Studies Journal";journal;"21565163, 10742247";"University Library System, University of Pittsburgh";Yes;Yes;0,102;Q4;2;17;30;531;2;30;0,05;31,24;38,89;0;United States;Northern America;"University Library System, University of Pittsburgh";"2019, 2021-2025";"Anthropology (Q4); Cultural Studies (Q4); History (Q4); Political Science and International Relations (Q4); Social Sciences (miscellaneous) (Q4); Sociology and Political Science (Q4)";"Arts and Humanities; Social Sciences"
1420;20600195060;"Cadernos de Linguagem e Sociedade";journal;"01049712, 21794790";"";No;No;0,102;Q4;4;1;95;20;8;89;0,10;20,00;100,00;0;Brazil;Latin America;"";"2012-2024";"Linguistics and Language (Q4); Sociology and Political Science (Q4)";"Social Sciences"
1421;17700156011;"Enfances et Psy";journal;"12865559, 17762820";"ERES";No;No;0,102;Q4;10;0;115;0;8;101;0,08;0,00;0,00;0;France;Western Europe;"ERES";"2000-2024";"Developmental and Educational Psychology (Q4); Education (Q4); Sociology and Political Science (Q4)";"Psychology; Social Sciences"
1422;23567;"Estudios de Asia y Africa";journal;"2448654X, 01850164";"Colegio de Mexico, A.C., Departamento de Publicaciones";Yes;Yes;0,102;Q4;5;11;64;360;7;63;0,02;32,73;27,27;0;Mexico;Latin America;"Colegio de Mexico, A.C., Departamento de Publicaciones";"1984, 2014-2026";"Anthropology (Q4); Cultural Studies (Q4); Linguistics and Language (Q4); Sociology and Political Science (Q4)";"Social Sciences"
1423;19700182806;"French Colonial History";journal;"15393402, 15437787";"Michigan State University";No;No;0,102;Q4;7;13;14;1206;0;13;0,00;92,77;50,00;0;United States;Northern America;"Michigan State University";"2010-2014, 2016-2017, 2019-2021, 2023, 2025";"History (Q4); Sociology and Political Science (Q4)";"Arts and Humanities; Social Sciences"
1424;5700154365;"International Journal of Francophone Studies";journal;"13682679, 17589142";"Intellect Ltd.";No;No;0,102;Q4;7;0;16;0;4;16;0,00;0,00;0,00;0;United Kingdom;Western Europe;"Intellect Ltd.";"2008, 2012-2023";"Literature and Literary Theory (Q3); Cultural Studies (Q4); Gender Studies (Q4); History (Q4); Linguistics and Language (Q4); Sociology and Political Science (Q4); Visual Arts and Performing Arts (Q4)";"Arts and Humanities; Social Sciences"
1425;21100896265;"Journal of China and International Relations";journal;"22458921";"Aalborg University";Yes;Yes;0,102;Q4;3;0;13;0;1;13;0,00;0,00;0,00;0;Denmark;Western Europe;"Aalborg University";"2018-2019, 2022";"Economics, Econometrics and Finance (miscellaneous) (Q4); Political Science and International Relations (Q4); Sociology and Political Science (Q4)";"Economics, Econometrics and Finance; Social Sciences"
1426;19700169127;"Lithuanian Historical Studies";journal;"25386565, 13922343";"Brill Schoningh";Yes;No;0,102;Q4;7;6;16;217;1;16;0,09;36,17;33,33;0;Germany;Western Europe;"Brill Schoningh";"1996-2015, 2017-2025";"Cultural Studies (Q4); History (Q4); Religious Studies (Q4); Sociology and Political Science (Q4)";"Arts and Humanities; Social Sciences"
1427;5700177271;"Matatu";journal;"18757421, 09329714";"Brill Rodopi";No;No;0,102;Q4;7;18;53;736;9;49;0,18;40,89;38,46;0;Netherlands;Western Europe;"Brill Rodopi";"2011-2017, 2019-2025";"Literature and Literary Theory (Q3); Cultural Studies (Q4); History (Q4); Sociology and Political Science (Q4)";"Arts and Humanities; Social Sciences"
1428;11700154341;"Mediterranean Studies";journal;"1074164X, 21614741";"Pennsylvania State University";No;No;0,102;Q4;11;0;22;0;2;18;0,00;0,00;0,00;0;United Kingdom;Western Europe;"Pennsylvania State University";"2001, 2007-2010, 2012-2023";"Arts and Humanities (miscellaneous) (Q4); Cultural Studies (Q4); Sociology and Political Science (Q4)";"Arts and Humanities; Social Sciences"
1429;21101039070;"Montesquieu.it";journal;"24214124";"Dipartimento di Filosofia e Comunicazione";Yes;Yes;0,102;Q4;1;1;22;378;1;18;0,00;378,00;0,00;0;Italy;Western Europe;"Dipartimento di Filosofia e Comunicazione";"2019-2025";"History (Q4); Law (Q4); Philosophy (Q4); Sociology and Political Science (Q4)";"Arts and Humanities; Social Sciences"
1430;22413;"Northern Scotland";journal;"03065278, 20422717";"Edinburgh University Press";No;No;0,102;Q4;10;8;29;601;1;27;0,00;75,13;25,00;0;United Kingdom;Western Europe;"Edinburgh University Press";"1979, 1981, 1996-2004, 2007, 2010-2025";"Anthropology (Q4); Cultural Studies (Q4); Economics, Econometrics and Finance (miscellaneous) (Q4); Geography, Planning and Development (Q4); History (Q4); Sociology and Political Science (Q4)";"Arts and Humanities; Economics, Econometrics and Finance; Social Sciences"
1431;5800169375;"Parlement[s]";journal;"17686520, 17606233";"Pepper-L'Harmattan";No;No;0,102;Q4;3;0;17;0;2;15;0,00;0,00;0,00;0;France;Western Europe;"Pepper-L'Harmattan";"2011-2013, 2019-2020, 2022";"History (Q4); Political Science and International Relations (Q4); Sociology and Political Science (Q4)";"Arts and Humanities; Social Sciences"
1432;21100455134;"Queensland Review";journal;"20497792, 13218166";"Equinox Publishing Ltd";No;No;0,102;Q4;7;0;16;0;1;16;0,00;0,00;0,00;0;United Kingdom;Western Europe;"Equinox Publishing Ltd";"2011-2013, 2015-2023";"Literature and Literary Theory (Q3); Cultural Studies (Q4); History (Q4); Sociology and Political Science (Q4)";"Arts and Humanities; Social Sciences"
1433;5700164110;"Retraite et Societe";journal;"11674687";"Documentation Francaise";No;No;0,102;Q4;12;0;47;0;1;39;0,03;0,00;0,00;0;France;Western Europe;"Documentation Francaise";"2001-2009, 2011-2024";"Industrial Relations (Q4); Organizational Behavior and Human Resource Management (Q4); Sociology and Political Science (Q4)";"Business, Management and Accounting; Social Sciences"
1434;21100227422;"Revista da Abordagem Gestaltica";journal;"19843542, 18096867";"Instituto de Treinamento e Pesquisa em Gestalt-terapia de Goiania";No;No;0,102;Q4;7;0;21;0;0;19;0,00;0,00;0,00;0;Brazil;Latin America;"Instituto de Treinamento e Pesquisa em Gestalt-terapia de Goiania";"2012-2022";"Social Psychology (Q4); Sociology and Political Science (Q4)";"Psychology; Social Sciences"
1435;21100944258;"Revista de Direito Civil Contemporaneo";journal;"23581433";"Thomson Reuters Brasil Conteudo e Tecnologia";No;No;0,102;Q4;3;0;120;0;4;99;0,03;0,00;0,00;0;Brazil;Latin America;"Thomson Reuters Brasil Conteudo e Tecnologia";"2018-2023";"Law (Q4); Sociology and Political Science (Q4)";"Social Sciences"
1436;5600152922;"Revue du MAUSS";journal;"12474819";"Editions La Decouverte";No;No;0,102;Q4;16;0;122;0;10;119;0,12;0,00;0,00;0;France;Western Europe;"Editions La Decouverte";"2001-2024";"Philosophy (Q4); Sociology and Political Science (Q4)";"Arts and Humanities; Social Sciences"
1437;21101132933;"Sguardo";journal;"20366558";"InSchibboleth Edizioni";Yes;Yes;0,102;Q4;2;0;89;0;1;82;0,02;0,00;0,00;0;Italy;Western Europe;"InSchibboleth Edizioni";"2019-2024";"History and Philosophy of Science (Q4); Philosophy (Q4); Political Science and International Relations (Q4); Sociology and Political Science (Q4)";"Arts and Humanities; Social Sciences"
1438;21100256129;"Societate si Politica";journal;"20677812, 18431348";"Universitatea de Vest Vasile Goldis din Arad";Yes;Yes;0,102;Q4;7;0;24;0;1;24;0,00;0,00;0,00;0;Romania;Eastern Europe;"Universitatea de Vest Vasile Goldis din Arad";"2013-2024";"History (Q4); Philosophy (Q4); Sociology and Political Science (Q4)";"Arts and Humanities; Social Sciences"
1439;21100901132;"Studia Universitatis Cibiniensis, Series Historica";journal;"15843165";"Lucian Blaga University of Sibiu";No;No;0,102;Q4;1;0;29;0;2;29;0,06;0,00;0,00;0;Romania;Eastern Europe;"Lucian Blaga University of Sibiu";"2018-2024";"Archeology (arts and humanities) (Q4); Cultural Studies (Q4); History (Q4); Literature and Literary Theory (Q4); Sociology and Political Science (Q4)";"Arts and Humanities; Social Sciences"
1440;21100406922;"Studies in Critical Social Sciences";book series;"15734234";"Brill Academic Publishers";No;No;0,102;Q4;11;166;369;11919;41;47;0,11;71,80;42,86;0;Netherlands;Western Europe;"Brill Academic Publishers";"2007-2026";"Social Sciences (miscellaneous) (Q4); Sociology and Political Science (Q4)";"Social Sciences"
1441;21101245238;"Tietolipas";book series;"05626129, 26702584";"Suomalaisen Kirjallisuuden Seura";No;No;0,102;Q4;2;73;133;4276;11;17;0,09;58,58;66,67;0;Finland;Western Europe;"Suomalaisen Kirjallisuuden Seura";"2022-2025";"Cultural Studies (Q4); Social Sciences (miscellaneous) (Q4); Sociology and Political Science (Q4)";"Social Sciences"
1442;19700169125;"Trajecta. Religion, Culture and Society in the Low Countries";journal;"26659484, 07788304";"Amsterdam University Press";No;No;0,102;Q4;5;7;13;273;1;13;0,13;39,00;40,00;0;Netherlands;Western Europe;"Amsterdam University Press";"1999, 2002, 2019-2025";"History (Q4); Religious Studies (Q4); Social Sciences (miscellaneous) (Q4); Sociology and Political Science (Q4)";"Arts and Humanities; Social Sciences"
1443;21101078833;"Bamboo and Silk";journal;"24689246, 24689238";"Brill Academic Publishers";No;No;0,101;Q4;5;10;32;510;6;32;0,23;51,00;7,14;0;Netherlands;Western Europe;"Brill Academic Publishers";"2018-2025";"Anthropology (Q4); Cultural Studies (Q4); History (Q4); Linguistics and Language (Q4); Literature and Literary Theory (Q4); Sociology and Political Science (Q4)";"Arts and Humanities; Social Sciences"
1444;20259;"Casopis Matice Moravske";journal;"0323052X";"Matice Moravska";No;No;0,101;Q4;2;17;34;706;3;30;0,08;41,53;41,67;0;Czech Republic;Eastern Europe;"Matice Moravska";"1983, 2001, 2019-2025";"History (Q4); Sociology and Political Science (Q4)";"Arts and Humanities; Social Sciences"
1445;21101301359;"Collingwood and British Idealism Studies";journal;"20513011, 17449413";"Imprint Academic";No;No;0,101;Q4;3;0;25;0;1;22;0,00;0,00;0,00;0;United Kingdom;Western Europe;"Imprint Academic";"2019-2024";"Arts and Humanities (miscellaneous) (Q4); Philosophy (Q4); Sociology and Political Science (Q4)";"Arts and Humanities; Social Sciences"
1446;13818;"Cornell Journal of Law and Public Policy";journal;"10690565";"Joe Christensen, Inc.";No;No;0,101;Q4;14;9;32;728;3;29;0,00;80,89;66,67;0;United States;Northern America;"Joe Christensen, Inc.";"1993, 1997-2002, 2004-2007, 2009, 2011-2025";"Law (Q4); Sociology and Political Science (Q4)";"Social Sciences"
1447;5600152882;"Cultures et Conflits";journal;"17775345, 1157996X";"Pepper-L'Harmattan";No;No;0,101;Q4;8;0;23;0;0;22;0,00;0,00;0,00;0;France;Western Europe;"Pepper-L'Harmattan";"1997, 2016-2024";"Law (Q4); Political Science and International Relations (Q4); Sociology and Political Science (Q4)";"Social Sciences"
1448;21100901025;"Derrida Today";journal;"17548519, 17548500";"Edinburgh University Press";No;No;0,101;Q4;11;21;53;403;4;42;0,08;19,19;37,50;0;United Kingdom;Western Europe;"Edinburgh University Press";"2008-2025";"Philosophy (Q4); Sociology and Political Science (Q4)";"Arts and Humanities; Social Sciences"
1449;21101061923;"Direito, Estado e Sociedade";journal;"19820879, 15166104";"Pontificia Universidade Catolica do Rio de Janeiro";Yes;No;0,101;Q4;3;13;71;518;2;71;0,00;39,85;50,00;0;Brazil;Latin America;"Pontificia Universidade Catolica do Rio de Janeiro";"2019-2025";"Law (Q4); Social Sciences (miscellaneous) (Q4); Sociology and Political Science (Q4)";"Social Sciences"
1450;81529;"Eighteenth-Century Ireland";journal;"07907915";"Eighteenth-Century Ireland Society";No;No;0,101;Q4;10;7;28;579;0;24;0,00;82,71;60,00;0;Ireland;Western Europe;"Eighteenth-Century Ireland Society";"1986, 2002-2019, 2021-2025";"Arts and Humanities (miscellaneous) (Q4); Cultural Studies (Q4); Sociology and Political Science (Q4)";"Arts and Humanities; Social Sciences"
1451;21101050911;"Historijski Pogledi";journal;"26371502, 27120651";"Centar za istrazivanje moderne i savremene historije Tuzla";Yes;Yes;0,101;Q4;2;37;115;1309;9;111;0,09;35,38;30,00;0;Bosnia and Herzegovina;Eastern Europe;"Centar za istrazivanje moderne i savremene historije Tuzla";"2018-2025";"Demography (Q4); History (Q4); Sociology and Political Science (Q4)";"Arts and Humanities; Social Sciences"
1452;5700154199;"Index on Censorship";journal;"17466067, 03064220";"SAGE Publications Inc.";No;No;0,101;Q4;12;97;364;5;16;100;0,04;0,05;76,67;0;United Kingdom;Western Europe;"SAGE Publications Inc.";"1972-1993, 1995-2025";"History (Q4); Philosophy (Q4); Political Science and International Relations (Q4); Sociology and Political Science (Q4)";"Arts and Humanities; Social Sciences"
1453;16300154709;"Journal of Asian History";journal;"0021910X";"Otto Harrassowitz GmbH. Co.KG";No;No;0,101;Q4;10;0;28;0;1;23;0,00;0,00;0,00;0;Germany;Western Europe;"Otto Harrassowitz GmbH. Co.KG";"2002-2018, 2020-2024";"Cultural Studies (Q4); History (Q4); Sociology and Political Science (Q4)";"Arts and Humanities; Social Sciences"
1454;21101291393;"Journal of Global Catholicism";journal;"24756423";"College of the Holy Cross";No;No;0,101;Q4;2;0;35;0;3;28;0,12;0,00;0,00;0;United States;Northern America;"College of the Holy Cross";"2021-2024";"Anthropology (Q4); Cultural Studies (Q4); Sociology and Political Science (Q4)";"Social Sciences"
1455;21100842565;"Journal of New Zealand and Pacific Studies";journal;"20504039, 20504047";"Intellect Ltd.";No;No;0,101;Q4;4;4;35;87;2;29;0,04;21,75;100,00;0;United Kingdom;Western Europe;"Intellect Ltd.";"2017-2025";"Cultural Studies (Q4); History (Q4); Literature and Literary Theory (Q4); Sociology and Political Science (Q4)";"Arts and Humanities; Social Sciences"
1456;21101239988;"Journal of Romanian Studies";journal;"2754415X, 26275325";"Liverpool University Press";No;No;0,101;Q4;3;15;36;293;1;30;0,05;19,53;50,00;0;United Kingdom;Western Europe;"Liverpool University Press";"2020-2025";"Cultural Studies (Q4); Social Sciences (miscellaneous) (Q4); Sociology and Political Science (Q4)";"Social Sciences"
1457;6500153163;"Parliamentary History";journal;"02642824, 17500206";"John Wiley and Sons Inc";No;No;0,101;Q4;16;25;75;1268;9;63;0,14;50,72;20,83;0;United States;Northern America;"John Wiley and Sons Inc";"1982-2025";"History (Q4); Sociology and Political Science (Q4)";"Arts and Humanities; Social Sciences"
1458;21100206613;"Passato e Presente";journal;"19725493, 11200650";"FrancoAngeli";No;No;0,101;Q4;7;18;116;1163;3;115;0,03;64,61;44,44;0;Italy;Western Europe;"FrancoAngeli";"2011-2025";"History (Q4); Sociology and Political Science (Q4)";"Arts and Humanities; Social Sciences"
1459;65014;"Polish American Studies";journal;"00322806, 23300833";"University of Illinois Press";No;No;0,101;Q4;2;13;35;231;3;22;0,00;17,77;50,00;0;United States;Northern America;"University of Illinois Press";"1981, 1985, 2019-2025";"History (Q4); Sociology and Political Science (Q4)";"Arts and Humanities; Social Sciences"
1460;21100239603;"Public Reason";journal;"20657285, 20658958";"Universitatea din Bucuresti";Yes;Yes;0,101;Q4;7;2;27;33;0;23;0,00;16,50;0,00;0;Romania;Eastern Europe;"Universitatea din Bucuresti";"2012-2024";"Philosophy (Q4); Sociology and Political Science (Q4)";"Arts and Humanities; Social Sciences"
1461;5700168382;"Raisons Politiques";journal;"12911941, 19506708";"Presses de Sciences Po";No;No;0,101;Q4;20;0;53;0;1;47;0,03;0,00;0,00;0;France;Western Europe;"Presses de Sciences Po";"2001-2024";"Political Science and International Relations (Q4); Sociology and Political Science (Q4)";"Social Sciences"
1462;21101264301;"Revista do CAAP";journal;"14150344, 22383840";"Faculdade de Direito da Universidade Federal de Minas Gerais";Yes;No;0,101;Q4;1;24;61;542;1;53;0,02;22,58;44,44;0;Brazil;Latin America;"Faculdade de Direito da Universidade Federal de Minas Gerais";"2020-2026";"Anthropology (Q4); Gender Studies (Q4); Law (Q4); Philosophy (Q4); Social Sciences (miscellaneous) (Q4); Sociology and Political Science (Q4)";"Arts and Humanities; Social Sciences"
1463;21101083581;"Sulla Via del Catai";journal;"19703449";"Centro Studi Martino Martini";No;No;0,101;Q4;1;0;32;0;1;30;0,00;0,00;0,00;0;Italy;Western Europe;"Centro Studi Martino Martini";"2019-2024";"Arts and Humanities (miscellaneous) (Q4); History (Q4); Political Science and International Relations (Q4); Sociology and Political Science (Q4)";"Arts and Humanities; Social Sciences"
1464;17700155419;"Sur";journal;"19833342, 18066445";"Sur - Rede Universitaria de Direitos Humanos";Yes;Yes;0,101;Q4;13;0;27;0;6;24;0,00;0,00;0,00;0;Brazil;Latin America;"Sur - Rede Universitaria de Direitos Humanos";"2012-2022";"Law (Q4); Sociology and Political Science (Q4)";"Social Sciences"
1465;21100899526;"Synergies Afrique des Grands Lacs";journal;"22604278, 22584307";"GERFLINT (Groupe d'Etudes et de Recherches pour le Francais Langue Internationale)";Yes;Yes;0,101;Q4;2;10;32;124;0;28;0,00;12,40;0,00;0;France;Western Europe;"GERFLINT (Groupe d'Etudes et de Recherches pour le Francais Langue Internationale)";"2018-2025";"Cultural Studies (Q4); Linguistics and Language (Q4); Literature and Literary Theory (Q4); Sociology and Political Science (Q4)";"Arts and Humanities; Social Sciences"
1466;21100788207;"Whitehall Papers";journal;"02681307";"Taylor and Francis Ltd.";No;No;0,101;Q4;4;0;25;0;0;22;0,00;0,00;0,00;0;United Kingdom;Western Europe;"Taylor and Francis Ltd.";"1996-2024";"Archeology (Q4); Safety Research (Q4); Sociology and Political Science (Q4)";"Social Sciences"
1467;18400156703;"Actuel Marx";journal;"09944524";"Presses Universitaires de France";No;No;0,100;Q4;8;10;69;338;4;61;0,05;33,80;22,22;0;France;Western Europe;"Presses Universitaires de France";"2008-2025";"Economics and Econometrics (Q4); Philosophy (Q4); Sociology and Political Science (Q4)";"Arts and Humanities; Economics, Econometrics and Finance; Social Sciences"
1468;145911;"American Scholar";journal;"00030937";"Phi Beta Kappa Society";No;No;0,100;Q4;10;33;212;0;1;191;0,00;0,00;39,29;0;United States;Northern America;"Phi Beta Kappa Society";"1983, 1999, 2001-2026";"Cultural Studies (Q4); History (Q4); Literature and Literary Theory (Q4); Sociology and Political Science (Q4)";"Arts and Humanities; Social Sciences"
1469;21100888596;"Colloquia";journal;"18223737";"Institute of Lithuanian Literature and Folklore";No;No;0,100;Q4;3;11;68;187;1;59;0,00;17,00;100,00;0;Lithuania;Eastern Europe;"Institute of Lithuanian Literature and Folklore";"2018-2025";"Arts and Humanities (miscellaneous) (Q4); Cultural Studies (Q4); Literature and Literary Theory (Q4); Music (Q4); Sociology and Political Science (Q4)";"Arts and Humanities; Social Sciences"
1470;24887;"Dalhousie Review";journal;"00115827";"Dalhousie University Press, Ltd.";No;No;0,100;Q4;6;0;69;0;0;56;0,00;0,00;0,00;0;Canada;Northern America;"Dalhousie University Press, Ltd.";"1973, 1975, 1980, 1985, 1999, 2002-2024";"Literature and Literary Theory (Q4); Philosophy (Q4); Sociology and Political Science (Q4)";"Arts and Humanities; Social Sciences"
1471;25867;"Internationale Politik";journal;"1430175X";"Deutsche Gesellschaft fuer Auswartige Politik e.V.";No;No;0,100;Q4;8;0;129;0;0;86;0,00;0,00;0,00;0;Germany;Western Europe;"Deutsche Gesellschaft fuer Auswartige Politik e.V.";"1996-2020, 2022-2023";"Political Science and International Relations (Q4); Sociology and Political Science (Q4)";"Social Sciences"
1472;16000154719;"Liberte";journal;"00242020";"Collectif Liberte Inc";No;No;0,100;Q4;3;29;277;0;0;198;0,00;0,00;70,37;0;Canada;Northern America;"Collectif Liberte Inc";"2002-2026";"Literature and Literary Theory (Q4); Philosophy (Q4); Sociology and Political Science (Q4); Visual Arts and Performing Arts (Q4)";"Arts and Humanities; Social Sciences"
1473;145042;"Perspectives on Political Science";journal;"10457097, 19305478";"Routledge";No;No;0,100;Q4;10;28;73;969;4;55;0,04;34,61;4,00;0;United States;Northern America;"Routledge";"1990-2026";"Political Science and International Relations (Q4); Sociology and Political Science (Q4)";"Social Sciences"
1474;21101274418;"Revista do Instituto Historico e Geografico do Rio Grande do Sul";journal;"25957031, 16783484";"Historical and Geographical Institute of Rio Grande do Sul";No;No;0,100;Q4;1;20;88;337;0;72;0,00;16,85;50,00;0;Brazil;Latin America;"Historical and Geographical Institute of Rio Grande do Sul";"2020-2025";"Cultural Studies (Q4); Geography, Planning and Development (Q4); History (Q4); Law (Q4); Sociology and Political Science (Q4)";"Arts and Humanities; Social Sciences"
1475;17367;"Revue Francaise d'Etudes Americaines";journal;"03977870";"Association Francaise d'Etudes Americaines";No;No;0,100;Q4;9;0;67;0;2;59;0,02;0,00;0,00;0;France;Western Europe;"Association Francaise d'Etudes Americaines";"1990, 1996-2024";"Arts and Humanities (miscellaneous) (Q4); Cultural Studies (Q4); Sociology and Political Science (Q4)";"Arts and Humanities; Social Sciences"
1476;18035;"Sociologia (Italy)";journal;"00380156";"Gangemi Editore S.p.A.";No;No;0,100;Q4;5;40;111;1217;3;63;0,03;30,43;57,14;0;Italy;Western Europe;"Gangemi Editore S.p.A.";"1996-2025";"Sociology and Political Science (Q4)";"Social Sciences"
1477;21100865030;"Soviet and Post-Soviet Politics and Society";book series;"16143515";"Ibidem Verlag";No;No;0,100;Q4;4;101;227;1810;5;75;0,02;17,92;100,00;0;Germany;Western Europe;"Ibidem Verlag";"2018-2025";"History (Q4); Political Science and International Relations (Q4); Sociology and Political Science (Q4)";"Arts and Humanities; Social Sciences"
1478;21101257959;"Studia Polonijne";journal;"2544526X, 01375210";"John Paul II Catholic University of Lublin";No;No;0,100;Q4;1;42;66;1471;5;61;0,06;35,02;41,30;0;Poland;Eastern Europe;"John Paul II Catholic University of Lublin";"2021-2025";"History and Philosophy of Science (Q4); Sociology and Political Science (Q4)";"Arts and Humanities; Social Sciences"
1479;5800172539;"Virginia Quarterly Review";journal;"0042675X, 21546932";"University of Virginia";No;No;0,100;Q4;7;13;148;8;2;137;0,01;0,62;46,67;0;United States;Northern America;"University of Virginia";"1970, 1978-1979, 1981, 1987-1988, 2002-2025";"Literature and Literary Theory (Q4); Sociology and Political Science (Q4); Visual Arts and Performing Arts (Q4)";"Arts and Humanities; Social Sciences"
1480;4100151509;"Advances in Group Processes";book series;"08826145";"Emerald Group Publishing Ltd.";No;No;;-;33;26;19;1703;12;0;0,63;65,50;47,37;0;United Kingdom;Western Europe;"Emerald Group Publishing Ltd.";"2000-2021, 2023-2026";"Sociology and Political Science";"Social Sciences"
1481;4000152115;"Advances in Public Interest Accounting";book series;"10417060";"Emerald Group Publishing Ltd.";No;No;;-;13;7;0;0;0;0;0,00;0,00;100,00;0;United Kingdom;Western Europe;"Emerald Group Publishing Ltd.";"2001-2002, 2004-2007, 2009-2010, 2013-2017, 2019-2020, 2025-2026";"Accounting; Sociology and Political Science";"Business, Management and Accounting; Social Sciences"
1482;21100461423;"Advances in Race and Ethnicity in Education";book series;"20512325, 20512317";"Emerald Group Publishing Ltd.";No;No;;-;9;1;32;0;10;0;0,24;0,00;0,00;0;United Kingdom;Western Europe;"Emerald Group Publishing Ltd.";"2013-2014, 2016-2017, 2020, 2022-2023, 2025-2026";"Anthropology; Education; Gender Studies; Sociology and Political Science";"Social Sciences"
1483;12561;"Chinese Law and Government";journal;"19447051, 00094609";"Routledge";No;No;;-;6;2;0;62;0;0;0,00;31,00;50,00;0;United States;Northern America;"Routledge";"1968-1995, 2002-2020, 2025-2026";"Law; Sociology and Political Science";"Social Sciences"
1484;17651;"Comparative Social Research";book series;"01956310";"Emerald Group Publishing Ltd.";No;No;;-;21;34;27;1543;4;0;0,15;45,38;0,00;0;United Kingdom;Western Europe;"Emerald Group Publishing Ltd.";"1980-1981, 1984, 1999-2000, 2002-2003, 2006-2013, 2015-2016, 2018-2019, 2021, 2024-2026";"Sociology and Political Science";"Social Sciences"
1485;5600155292;"Contemporary Perspectives in Family Research";book series;"15303535";"Emerald Group Publishing Ltd.";No;No;;-;12;51;81;2193;34;0;0,39;43,00;33,33;0;United Kingdom;Western Europe;"Emerald Group Publishing Ltd.";"2003, 2014-2026";"Developmental and Educational Psychology; Social Psychology; Sociology and Political Science";"Psychology; Social Sciences"
1486;5600152815;"Contributions to Conflict Management, Peace Economics and Development";book series;"15728323";"Emerald Group Publishing Ltd.";No;No;;-;7;131;17;2890;1;0;0,00;22,06;20,00;0;United Kingdom;Western Europe;"Emerald Group Publishing Ltd.";"2004-2005, 2007-2019, 2021-2022, 2025-2026";"Business and International Management; Development; Political Science and International Relations; Sociology and Political Science; Strategy and Management";"Business, Management and Accounting; Social Sciences"
1487;21100417256;"Critical Perspectives on International Public Sector Management";book series;"20457944, 20457952";"Emerald Group Publishing Ltd.";No;No;;-;9;3;0;0;0;0;0,00;0,00;0,00;0;United Kingdom;Western Europe;"Emerald Group Publishing Ltd.";"2012, 2014-2016, 2018, 2025-2026";"Public Administration; Sociology and Political Science";"Social Sciences"
1488;14241;"Current Perspectives in Social Theory";book series;"02781204";"Emerald Group Publishing Ltd.";No;No;;-;11;29;27;1596;2;0;0,07;55,03;0,00;0;United Kingdom;Western Europe;"Emerald Group Publishing Ltd.";"2002-2003, 2005-2006, 2008-2016, 2019, 2022-2023, 2025-2026";"Sociology and Political Science";"Social Sciences"
1489;21101023975;"European Public and Social Innovation Review (discontinued)";journal;"25299824";"HISIN (History of Information Systems)";Yes;Yes;;-;9;669;784;20600;371;771;0,47;30,79;56,34;0;Spain;Western Europe;"HISIN (History of Information Systems)";"2019-2026";"Development; Economics, Econometrics and Finance (miscellaneous); Sociology and Political Science";"Economics, Econometrics and Finance; Social Sciences"
1490;21101393609;"IEEE European Technology and Engineering Management Summit, E-TEMS";journal;"28367588";"Institute of Electrical and Electronics Engineers Inc.";No;No;;-;1;61;0;1437;0;0;0,00;23,56;40,84;0;United States;Northern America;"Institute of Electrical and Electronics Engineers Inc.";"2025";"Automotive Engineering; Computer Networks and Communications; Electrical and Electronic Engineering; Energy Engineering and Power Technology; Management of Technology and Innovation; Sociology and Political Science; Transportation";"Business, Management and Accounting; Computer Science; Energy; Engineering; Social Sciences"
1491;4100151515;"International Perspectives on Education and Society";book series;"14793679";"Emerald Group Publishing Ltd.";No;No;;-;22;45;130;1639;65;0;0,45;36,42;20,00;0;United Kingdom;Western Europe;"Emerald Group Publishing Ltd.";"2002, 2005-2020, 2022-2026";"Education; Sociology and Political Science";"Social Sciences"
1492;21100406926;"Jewish Identities in a Changing World";book series;"15707997";"Brill Academic Publishers";No;No;;-;7;2;17;1552;1;0;0,06;776,00;100,00;0;Netherlands;Western Europe;"Brill Academic Publishers";"2007-2012, 2014-2020, 2022-2023, 2025-2026";"History; Religious Studies; Social Sciences (miscellaneous); Sociology and Political Science";"Arts and Humanities; Social Sciences"
1493;21100268408;"Research in Biopolitics";book series;"20429940";"Emerald Group Publishing Ltd.";No;No;;-;5;7;0;282;0;0;0,00;40,29;20,00;0;United Kingdom;Western Europe;"Emerald Group Publishing Ltd.";"2011-2014, 2025-2026";"Law; Management, Monitoring, Policy and Law; Philosophy; Sociology and Political Science";"Arts and Humanities; Environmental Science; Social Sciences"
1494;4100151531;"Research in Ethical Issues in Organizations";book series;"15292096";"Emerald Group Publishing Ltd.";No;No;;-;12;23;24;402;10;0;0,55;17,48;40,00;0;United Kingdom;Western Europe;"Emerald Group Publishing Ltd.";"2000-2003, 2005-2006, 2012-2020, 2022-2023, 2025-2026";"Cultural Studies; Organizational Behavior and Human Resource Management; Social Psychology; Sociology and Political Science";"Business, Management and Accounting; Psychology; Social Sciences"
1495;5700154351;"Research in Political Sociology";book series;"08959935";"Emerald Group Publishing Ltd.";No;No;;-;11;29;0;640;0;0;0,00;22,07;0,00;0;United Kingdom;Western Europe;"Emerald Group Publishing Ltd.";"2008, 2010-2015, 2017-2021, 2025-2026";"Sociology and Political Science";"Social Sciences"
1496;4100151520;"Research in Public Policy Analysis and Management";book series;"07321317";"Emerald Group Publishing Ltd.";No;No;;-;12;21;0;799;0;0;0,00;38,05;25,00;0;United Kingdom;Western Europe;"Emerald Group Publishing Ltd.";"2001-2002, 2004, 2006-2013, 2025-2026";"Business, Management and Accounting (miscellaneous); Development; Public Administration; Sociology and Political Science";"Business, Management and Accounting; Social Sciences"
1497;5600155191;"Research in Race and Ethnic Relations";book series;"01957449";"Emerald Group Publishing Ltd.";No;No;;-;4;18;0;531;0;0;0,00;29,50;0,00;0;United Kingdom;Western Europe;"Emerald Group Publishing Ltd.";"2008, 2010, 2012-2013, 2015, 2018, 2025-2026";"Anthropology; Public Administration; Sociology and Political Science";"Social Sciences"
1498;4100151529;"Research in Social Movements, Conflicts and Change";book series;"0163786X";"Emerald Group Publishing Ltd.";No;No;;-;28;25;9;1016;1;0;0,11;40,64;60,00;0;United Kingdom;Western Europe;"Emerald Group Publishing Ltd.";"2000-2001, 2003-2005, 2007-2008, 2010-2019, 2021, 2024-2026";"Political Science and International Relations; Sociology and Political Science";"Social Sciences"
1499;4100151537;"Research in Social Problems and Public Policy";book series;"01961152";"JAI Press";No;No;;-;18;15;0;437;0;0;0,00;29,13;100,00;0;United Kingdom;Western Europe;"JAI Press";"2001-2003, 2005-2008, 2010-2013, 2016, 2025-2026";"Rehabilitation; Sociology and Political Science";"Medicine; Social Sciences"
1500;4700153512;"Research in the Sociology of Education";book series;"14793539";"Emerald Group Publishing Ltd.";No;No;;-;14;18;0;876;0;0;0,00;48,67;0,00;0;United Kingdom;Western Europe;"Emerald Group Publishing Ltd.";"2003, 2006, 2008, 2010, 2012, 2016, 2018, 2025-2026";"Education; Social Sciences (miscellaneous); Sociology and Political Science";"Social Sciences"
1501;17784;"Research in the Sociology of Health Care";book series;"02754959";"Emerald Group Publishing Ltd.";No;No;;-;13;18;10;847;3;0;0,00;47,06;100,00;0;United Kingdom;Western Europe;"Emerald Group Publishing Ltd.";"1991, 1996, 2000-2020, 2022, 2025-2026";"Nursing (miscellaneous); Public Health, Environmental and Occupational Health; Sociology and Political Science";"Medicine; Nursing; Social Sciences"
1502;4000152126;"Research in the Sociology of Organizations";book series;"0733558X";"Emerald Group Publishing Ltd.";No;No;;-;55;187;93;10669;261;0;1,11;57,05;42,07;0;United Kingdom;Western Europe;"Emerald Group Publishing Ltd.";"2000-2007, 2009-2026";"Organizational Behavior and Human Resource Management; Social Sciences (miscellaneous); Sociology and Political Science";"Business, Management and Accounting; Social Sciences"
1503;21100297603;"Research in the Sociology of Sport";book series;"14762854";"Emerald Group Publishing Ltd.";No;No;;-;13;17;113;888;85;0;0,27;52,24;0,00;0;United Kingdom;Western Europe;"Emerald Group Publishing Ltd.";"2012-2014, 2016-2020, 2022-2026";"Social Psychology; Social Sciences (miscellaneous); Sociology and Political Science";"Psychology; Social Sciences"
1504;4100151541;"Research in the Sociology of Work";book series;"02772833";"Emerald Group Publishing Ltd.";No;No;;-;29;40;22;1711;17;0;0,77;42,78;25,00;0;United Kingdom;Western Europe;"Emerald Group Publishing Ltd.";"2001, 2003-2007, 2009-2020, 2023-2026";"Social Sciences (miscellaneous); Sociology and Political Science";"Social Sciences"
1505;4800153105;"Research in Urban Sociology";book series;"10470042";"Emerald Group Publishing Ltd.";No;No;;-;16;43;14;1670;1;0;0,07;38,84;70,83;0;United Kingdom;Western Europe;"Emerald Group Publishing Ltd.";"2000-2001, 2004, 2006, 2008, 2010-2014, 2016, 2019, 2021, 2023, 2025-2026";"Sociology and Political Science; Urban Studies";"Social Sciences"
1506;4400151741;"Research on Economic Inequality";book series;"10492585";"Emerald Group Publishing Ltd.";No;No;;-;22;30;0;821;0;0;0,00;27,37;25,00;0;United Kingdom;Western Europe;"Emerald Group Publishing Ltd.";"2003-2004, 2006-2021, 2025-2026";"Organizational Behavior and Human Resource Management; Sociology and Political Science";"Business, Management and Accounting; Social Sciences"
1507;21101355378;"Social Studies Research and Practice";journal;"19335415";"Emerald Publishing";No;No;;-;0;1;0;27;0;0;0,00;27,00;100,00;0;United Kingdom;Western Europe;"Emerald Publishing";"2006, 2009-2010, 2025";"Cultural Studies; Education; Geography, Planning and Development; Sociology and Political Science";"Social Sciences"
1508;4000152137;"Sociological Studies of Children and Youth";book series;"15374661";"Emerald Group Publishing Ltd.";No;No;;-;18;30;45;1047;24;0;0,52;34,90;85,71;0;United Kingdom;Western Europe;"Emerald Group Publishing Ltd.";"2001, 2004-2005, 2009-2017, 2019-2020, 2022-2026";"Sociology and Political Science";"Social Sciences"
1509;5600155642;"Sociology of Crime, Law, and Deviance";book series;"15216136";"Emerald Group Publishing Ltd.";No;No;;-;19;7;0;144;0;0;0,00;20,57;0,00;0;United Kingdom;Western Europe;"Emerald Group Publishing Ltd.";"2008-2021, 2025-2026";"Cultural Studies; Law; Sociology and Political Science";"Social Sciences"
1510;4100151521;"Studies in Law Politics and Society";book series;"10594337";"Emerald Group Publishing Ltd.";No;No;;-;12;51;12;2642;0;0;0,00;51,80;36,84;0;United Kingdom;Western Europe;"Emerald Group Publishing Ltd.";"2003-2021, 2023-2026";"Law; Political Science and International Relations; Sociology and Political Science";"Social Sciences"
1511;5000158607;"Studies in Qualitative Methodology";book series;"10423192";"Emerald Group Publishing Ltd.";No;No;;-;14;6;0;95;0;0;0,00;15,83;0,00;0;United Kingdom;Western Europe;"Emerald Group Publishing Ltd.";"2000, 2004, 2006, 2008, 2010, 2014, 2016-2019, 2025-2026";"Education; Social Sciences (miscellaneous); Sociology and Political Science";"Social Sciences"
1512;18664;"Studies in Symbolic Interaction";book series;"01632396";"Emerald Group Publishing Ltd.";No;No;;-;17;40;38;1245;11;0;0,47;31,13;0,00;0;United Kingdom;Western Europe;"Emerald Group Publishing Ltd.";"2000-2006, 2008-2017, 2019, 2021-2022, 2024-2026";"Sociology and Political Science";"Social Sciences"
1513;21100406737;"Studies in the History of Political Thought";book series;"18736548";"Brill Academic Publishers";No;No;;-;6;1;16;200;4;0;0,00;200,00;0,00;0;Netherlands;Western Europe;"Brill Academic Publishers";"2009-2012, 2014-2015, 2018-2022, 2025";"History; Sociology and Political Science";"Arts and Humanities; Social Sciences"
