Rank;Sourceid;Title;Type;Issn;Publisher;Open Access;Open Access Diamond;SJR;SJR Quartile;H index;Total Docs. (2025);Total Docs. (3years);Total Refs.;Total Citations (3years);Citable Docs. (3years);Citations / Doc. (2years);Ref. / Doc.;%Female;Overton;Country;Region;Publisher;Coverage;Categories;Areas
1;15555;"American Journal of Political Science";journal;"00925853, 15405907";"Wiley-Blackwell Publishing Ltd";No;No;6,539;Q1;229;166;223;12119;2156;223;9,82;73,01;26,47;31;United Kingdom;Western Europe;"Wiley-Blackwell Publishing Ltd";"1982, 1986, 1996-2026";"Political Science and International Relations (Q1); Sociology and Political Science (Q1)";"Social Sciences"
2;15557;"American Political Science Review";journal;"15375943, 00030554";"Cambridge University Press";No;No;5,433;Q1;228;170;350;12671;2925;341;7,42;74,54;35,69;0;United Kingdom;Western Europe;"Cambridge University Press";"1906-2026";"Political Science and International Relations (Q1); Sociology and Political Science (Q1)";"Social Sciences"
3;145558;"Political Analysis";journal;"10471987, 14764989";"Cambridge University Press";No;No;4,368;Q1;96;57;121;2371;1162;121;9,72;41,60;27,40;4;United Kingdom;Western Europe;"Cambridge University Press";"1989-1993, 2000, 2002-2026";"Political Science and International Relations (Q1); Sociology and Political Science (Q1)";"Social Sciences"
4;25835;"International Security";journal;"15314804, 01622889";"MIT Press";No;No;4,166;Q1;136;21;55;2118;402;44;6,03;100,86;22,22;4;United States;Northern America;"MIT Press";"1984, 1996-2025";"Law (Q1); Political Science and International Relations (Q1); Sociology and Political Science (Q1)";"Social Sciences"
5;16232;"British Journal of Political Science";journal;"00071234, 14692112";"Cambridge University Press";Yes;No;3,576;Q1;128;179;288;12164;1867;288;5,74;67,96;31,67;0;United Kingdom;Western Europe;"Cambridge University Press";"1971-2026";"Political Science and International Relations (Q1); Sociology and Political Science (Q1)";"Social Sciences"
6;25725;"World Politics";journal;"00438871, 10863338";"Johns Hopkins University Press";No;No;3,565;Q1;139;0;20;0;120;20;5,25;0,00;0,00;0;United States;Northern America;"Johns Hopkins University Press";"1948-2023";"Political Science and International Relations (Q1); Sociology and Political Science (Q1)";"Social Sciences"
7;39139;"International Organization";journal;"15315088, 00208183";"Cambridge University Press";No;No;3,041;Q1;180;44;88;3605;520;87;4,27;81,93;33,75;0;United Kingdom;Western Europe;"Cambridge University Press";"1947-2026";"Law (Q1); Organizational Behavior and Human Resource Management (Q1); Political Science and International Relations (Q1); Sociology and Political Science (Q1)";"Business, Management and Accounting; Social Sciences"
8;4000148701;"Perspectives on Politics";journal;"15375927, 15410986";"Cambridge University Press";No;No;2,923;Q1;112;201;305;16927;1343;201;4,22;84,21;35,92;0;United States;Northern America;"Cambridge University Press";"2003-2026";"Political Science and International Relations (Q1)";"Social Sciences"
9;25691;"West European Politics";journal;"01402382, 17439655";"Routledge";No;No;2,643;Q1;113;104;195;7040;1317;194;6,84;67,69;33,82;16;United Kingdom;Western Europe;"Routledge";"1978-2026";"Political Science and International Relations (Q1)";"Social Sciences"
10;21100870919;"Political Science Research and Methods";journal;"20498470, 20498489";"Cambridge University Press";Yes;No;2,574;Q1;40;161;196;8047;887;196;4,25;49,98;27,92;8;United Kingdom;Western Europe;"Cambridge University Press";"2014, 2018-2026";"Political Science and International Relations (Q1); Sociology and Political Science (Q1)";"Social Sciences"
11;26261;"Review of International Political Economy";journal;"09692290, 14664526";"Routledge";No;No;2,508;Q1;100;99;266;8569;1910;261;6,35;86,56;40,76;10;United Kingdom;Western Europe;"Routledge";"1994-2026";"Economics and Econometrics (Q1); Political Science and International Relations (Q1); Sociology and Political Science (Q1)";"Economics, Econometrics and Finance; Social Sciences"
12;26362;"Journal of Peace Research";journal;"00223433, 14603578";"SAGE Publications Ltd";No;No;2,298;Q1;136;159;200;10175;1036;199;5,22;63,99;37,32;19;United Kingdom;Western Europe;"SAGE Publications Ltd";"1964-2025";"Political Science and International Relations (Q1); Safety Research (Q1); Sociology and Political Science (Q1)";"Social Sciences"
13;5600154213;"Contemporary Security Policy";journal;"17438764, 13523260";"Routledge";No;No;2,222;Q1;47;46;84;4334;573;81;6,07;94,22;30,26;7;United Kingdom;Western Europe;"Routledge";"1994-2026";"Political Science and International Relations (Q1)";"Social Sciences"
14;19878;"Journal of European Public Policy";journal;"14664429, 13501763";"Routledge";No;No;2,219;Q1;146;222;400;15633;2863;373;7,28;70,42;34,99;32;United Kingdom;Western Europe;"Routledge";"1994-2026";"Political Science and International Relations (Q1); Public Administration (Q1); Sociology and Political Science (Q1)";"Social Sciences"
15;4700152638;"Review of International Organizations";journal;"1559744X, 15597431";"Springer";No;No;2,208;Q1;61;70;92;6377;583;82;5,31;91,10;45,74;8;United States;Northern America;"Springer";"2006-2026";"Economics and Econometrics (Q1); Organizational Behavior and Human Resource Management (Q1); Political Science and International Relations (Q1)";"Business, Management and Accounting; Economics, Econometrics and Finance; Social Sciences"
16;22738;"Philosophy and Public Affairs";journal;"10884963, 00483915";"Wiley-Blackwell Publishing Ltd";No;No;2,204;Q1;91;20;46;1265;171;43;2,55;63,25;0,00;0;United Kingdom;Western Europe;"Wiley-Blackwell Publishing Ltd";"1973-1982, 1984-1986, 1988-2001, 2003-2026";"History and Philosophy of Science (Q1); Political Science and International Relations (Q1); Social Sciences (miscellaneous) (Q1)";"Arts and Humanities; Social Sciences"
17;25772;"International Affairs";journal;"14682346, 00205850";"Wiley-Blackwell";No;No;2,097;Q1;113;104;314;9818;1822;307;5,75;94,40;45,10;8;United Kingdom;Western Europe;"Wiley-Blackwell";"1979-1986, 1988-1989, 1996-2026";"Political Science and International Relations (Q1); Sociology and Political Science (Q1)";"Social Sciences"
18;16114;"Electoral Studies";journal;"02613794";"Elsevier B.V.";No;No;2,080;Q1;98;80;310;4853;1280;308;3,09;60,66;31,96;3;United Kingdom;Western Europe;"Elsevier B.V.";"1982-2026";"Political Science and International Relations (Q1)";"Social Sciences"
19;22861;"Political Psychology";journal;"0162895X, 14679221";"Wiley-Blackwell Publishing Ltd";No;No;1,938;Q1;136;166;194;11474;1209;194;5,06;69,12;42,62;6;United Kingdom;Western Europe;"Wiley-Blackwell Publishing Ltd";"1996-2026";"Clinical Psychology (Q1); Experimental and Cognitive Psychology (Q1); Philosophy (Q1); Political Science and International Relations (Q1); Social Psychology (Q1); Sociology and Political Science (Q1)";"Arts and Humanities; Psychology; Social Sciences"
20;27663;"Journal of Conflict Resolution";journal;"15528766, 00220027";"SAGE Publications Inc.";No;No;1,893;Q1;138;87;217;6122;807;217;3,26;70,37;27,32;9;United States;Northern America;"SAGE Publications Inc.";"1957-2026";"Business, Management and Accounting (miscellaneous) (Q1); Political Science and International Relations (Q1); Sociology and Political Science (Q1)";"Business, Management and Accounting; Social Sciences"
21;24034;"Democratization";journal;"13510347, 1743890X";"Taylor and Francis Ltd.";No;No;1,848;Q1;83;146;233;11015;1161;230;4,64;75,45;34,83;11;United Kingdom;Western Europe;"Taylor and Francis Ltd.";"1994-2026";"Geography, Planning and Development (Q1); Political Science and International Relations (Q1)";"Social Sciences"
22;29032;"New Political Economy";journal;"14699923, 13563467";"Routledge";No;No;1,809;Q1;85;81;188;5802;1136;188;4,96;71,63;31,65;6;United Kingdom;Western Europe;"Routledge";"1996-2026";"Development (Q1); Geography, Planning and Development (Q1); Political Science and International Relations (Q1)";"Social Sciences"
23;19875;"Journal of Common Market Studies";journal;"14685965, 00219886";"Wiley-Blackwell Publishing Ltd";No;No;1,804;Q1;118;165;327;10862;1831;320;5,62;65,83;37,09;25;United Kingdom;Western Europe;"Wiley-Blackwell Publishing Ltd";"1962-2026";"Business and International Management (Q1); Business, Management and Accounting (miscellaneous) (Q1); Economics and Econometrics (Q1); Political Science and International Relations (Q1)";"Business, Management and Accounting; Economics, Econometrics and Finance; Social Sciences"
24;11600153640;"Quarterly Journal of Political Science";journal;"15540634, 15540626";"Now Publishers Inc";No;No;1,792;Q1;51;16;46;1108;94;44;2,00;69,25;6,90;1;United States;Northern America;"Now Publishers Inc";"2006-2025";"Political Science and International Relations (Q1); Sociology and Political Science (Q1)";"Social Sciences"
25;24592;"European Journal of International Relations";journal;"14603713, 13540661";"SAGE Publications Ltd";No;No;1,776;Q1;117;68;122;6528;590;121;5,07;96,00;37,86;0;United Kingdom;Western Europe;"SAGE Publications Ltd";"1995-2026";"Political Science and International Relations (Q1); Sociology and Political Science (Q1)";"Social Sciences"
26;21100264650;"European Political Science Review";journal;"17557739, 17557747";"Cambridge University Press";Yes;No;1,743;Q1;59;57;108;4156;465;108;4,00;72,91;30,23;0;United Kingdom;Western Europe;"Cambridge University Press";"2009-2026";"Political Science and International Relations (Q1); Sociology and Political Science (Q1)";"Social Sciences"
27;23465;"China Quarterly";journal;"03057410, 14682648";"Cambridge University Press";No;No;1,722;Q1;109;61;165;3151;688;162;3,47;51,66;33,64;0;United Kingdom;Western Europe;"Cambridge University Press";"1960-2026";"Development (Q1); Geography, Planning and Development (Q1); Political Science and International Relations (Q1)";"Social Sciences"
28;25118;"Geopolitics";journal;"14650045, 15573028";"Routledge";No;No;1,708;Q1;77;134;256;11861;1489;249;5,16;88,51;49,07;11;United Kingdom;Western Europe;"Routledge";"1986, 1998-2026";"Geography, Planning and Development (Q1); Political Science and International Relations (Q1)";"Social Sciences"
29;25654;"Post-Soviet Affairs";journal;"1060586X";"Taylor and Francis Ltd.";No;No;1,707;Q1;61;35;87;2573;458;84;4,64;73,51;62,12;0;United Kingdom;Western Europe;"Taylor and Francis Ltd.";"1992-2026";"Economics and Econometrics (Q1); Political Science and International Relations (Q1); Sociology and Political Science (Q1)";"Economics, Econometrics and Finance; Social Sciences"
30;21101045769;"European Security";journal;"17461545, 09662839";"Taylor and Francis Ltd.";No;No;1,669;Q1;42;50;100;3706;574;98;4,61;74,12;35,90;4;United Kingdom;Western Europe;"Taylor and Francis Ltd.";"1992-2026";"Political Science and International Relations (Q1)";"Social Sciences"
31;4900152303;"Global Environmental Politics";journal;"15263800";"MIT Press";No;No;1,646;Q1;81;15;101;907;516;93;5,42;60,47;70,83;1;United States;Northern America;"MIT Press";"2006-2025";"Global and Planetary Change (Q1); Management, Monitoring, Policy and Law (Q1); Political Science and International Relations (Q1); Renewable Energy, Sustainability and the Environment (Q1)";"Energy; Environmental Science; Social Sciences"
32;25848;"International Studies Quarterly";journal;"14682478, 00208833";"Oxford University Press";No;No;1,643;Q1;133;104;353;8003;1405;353;3,40;76,95;45,15;8;United States;Northern America;"Oxford University Press";"1971-1974, 1976, 1978, 1982-1983, 1985, 1987-2026";"Political Science and International Relations (Q1); Sociology and Political Science (Q1)";"Social Sciences"
33;25849;"International Studies Review";journal;"15219488, 14682486";"Oxford University Press";No;No;1,620;Q1;83;19;152;2029;711;150;4,10;106,79;35,59;1;United States;Northern America;"Oxford University Press";"1999-2026";"Geography, Planning and Development (Q1); Political Science and International Relations (Q1)";"Social Sciences"
34;27944;"Review of International Studies";journal;"14699044, 02602105";"Cambridge University Press";No;No;1,609;Q1;100;110;182;15037;903;179;4,01;136,70;45,81;0;United Kingdom;Western Europe;"Cambridge University Press";"1976, 1981-2026";"Political Science and International Relations (Q1); Sociology and Political Science (Q1)";"Social Sciences"
35;28011;"Security Studies";journal;"15561852, 09636412";"Routledge";No;No;1,552;Q1;70;30;114;1580;273;78;2,08;52,67;25,58;1;United Kingdom;Western Europe;"Routledge";"1991-2026";"Political Science and International Relations (Q1); Sociology and Political Science (Q1)";"Social Sciences"
36;130158;"British Journal of Politics and International Relations";journal;"13691481, 1467856X";"SAGE Publications Inc.";No;No;1,510;Q1;65;105;143;10223;752;142;3,75;97,36;32,77;5;United Kingdom;Western Europe;"SAGE Publications Inc.";"2005-2026";"Management, Monitoring, Policy and Law (Q1); Political Science and International Relations (Q1)";"Environmental Science; Social Sciences"
37;5700162364;"Journal of European Integration";journal;"07036337, 14772280";"Routledge";No;No;1,503;Q1;62;94;198;6118;947;196;4,83;65,09;45,03;8;United Kingdom;Western Europe;"Routledge";"1977-2026";"Political Science and International Relations (Q1); Sociology and Political Science (Q1)";"Social Sciences"
38;23439;"Politics and Society";journal;"00323292, 15527514";"SAGE Publications Inc.";No;No;1,482;Q1;89;22;64;1257;325;59;3,37;57,14;30,95;2;United States;Northern America;"SAGE Publications Inc.";"1970-1990, 1992-2026";"Political Science and International Relations (Q1); Social Sciences (miscellaneous) (Q1); Sociology and Political Science (Q1)";"Social Sciences"
39;21100865122;"Research and Politics";journal;"20531680";"SAGE Publications Ltd";Yes;No;1,467;Q1;36;221;112;1533;363;111;2,97;6,94;33,08;67;United Kingdom;Western Europe;"SAGE Publications Ltd";"2014-2026";"Political Science and International Relations (Q1); Public Administration (Q1); Sociology and Political Science (Q1)";"Social Sciences"
40;5700168564;"Policy and Society";journal;"18393373, 14494035";"Oxford University Press";Yes;No;1,442;Q1;70;37;105;2572;793;104;5,31;69,51;43,66;7;United Kingdom;Western Europe;"Oxford University Press";"2002-2003, 2008-2026";"Political Science and International Relations (Q1); Public Administration (Q1); Sociology and Political Science (Q1)";"Social Sciences"
41;5700166813;"Journal of Chinese Political Science";journal;"10806954, 18746357";"Springer Netherlands";No;No;1,415;Q1;36;37;89;2924;520;88;6,88;79,03;41,27;1;Netherlands;Western Europe;"Springer Netherlands";"1995-1997, 2003, 2008-2026";"Political Science and International Relations (Q1); Sociology and Political Science (Q1)";"Social Sciences"
42;17600155050;"Asian Economic Policy Review";journal;"18328105, 17483131";"Wiley-Blackwell Publishing Ltd";No;No;1,396;Q1;34;38;109;501;324;35;1,90;13,18;25,00;4;Australia;Pacific Region;"Wiley-Blackwell Publishing Ltd";"2008-2026";"Economics, Econometrics and Finance (miscellaneous) (Q1); Management, Monitoring, Policy and Law (Q1); Political Science and International Relations (Q1)";"Economics, Econometrics and Finance; Environmental Science; Social Sciences"
43;9700153101;"Chinese Journal of International Politics";journal;"17508924, 17508916";"Oxford University Press";No;No;1,393;Q1;49;26;64;3375;240;64;4,00;129,81;25,00;0;United Kingdom;Western Europe;"Oxford University Press";"2006-2025";"Political Science and International Relations (Q1)";"Social Sciences"
44;5600152888;"Journal of Genocide Research";journal;"14623528, 14699494";"Taylor and Francis Ltd.";No;No;1,382;Q1;42;72;104;4186;389;93;4,27;58,14;43,02;0;United Kingdom;Western Europe;"Taylor and Francis Ltd.";"1999-2026";"History (Q1); Law (Q1); Political Science and International Relations (Q1); Sociology and Political Science (Q1)";"Arts and Humanities; Social Sciences"
45;21101063742;"Earth System Governance";journal;"25898116";"Elsevier B.V.";Yes;No;1,371;Q1;29;68;89;5484;504;80;4,72;80,65;50,86;4;Netherlands;Western Europe;"Elsevier B.V.";"2019-2026";"Geography, Planning and Development (Q1); Management, Monitoring, Policy and Law (Q1); Political Science and International Relations (Q1); Social Sciences (miscellaneous) (Q1); Global and Planetary Change (Q2)";"Environmental Science; Social Sciences"
46;1000147124;"European Union Politics";journal;"17412757, 14651165";"SAGE Publications Ltd";No;No;1,359;Q1;83;37;115;2253;411;111;3,16;60,89;45,71;5;United Kingdom;Western Europe;"SAGE Publications Ltd";"2000-2026";"Demography (Q1); Health (social science) (Q1); Political Science and International Relations (Q1)";"Social Sciences"
47;25833;"International Political Science Review";journal;"01925121, 1460373X";"SAGE Publications Ltd";No;No;1,344;Q1;76;80;131;4051;569;127;3,85;50,64;38,26;5;United Kingdom;Western Europe;"SAGE Publications Ltd";"1980-2026";"Political Science and International Relations (Q1); Sociology and Political Science (Q1)";"Social Sciences"
48;28523;"Terrorism and Political Violence";journal;"15561836, 09546553";"Routledge";No;No;1,328;Q1;70;145;228;11641;867;227;3,16;80,28;40,06;16;United Kingdom;Western Europe;"Routledge";"1989-2026";"Political Science and International Relations (Q1); Safety Research (Q1); Safety, Risk, Reliability and Quality (Q1); Sociology and Political Science (Q1)";"Engineering; Social Sciences"
49;21101162821;"Global Studies Quarterly";journal;"26343797";"Oxford University Press";Yes;No;1,320;Q1;19;121;243;9568;898;242;3,42;79,07;50,00;1;United Kingdom;Western Europe;"Oxford University Press";"2021-2026";"Political Science and International Relations (Q1); Sociology and Political Science (Q1)";"Social Sciences"
50;26359;"Journal of International Relations and Development";journal;"14086980, 15811980";"Palgrave Macmillan Ltd.";No;No;1,278;Q1;49;25;103;1997;418;100;4,28;79,88;52,94;1;United Kingdom;Western Europe;"Palgrave Macmillan Ltd.";"1998-2026";"Development (Q1); Geography, Planning and Development (Q1); Political Science and International Relations (Q1)";"Social Sciences"
51;23930;"Conflict Management and Peace Science";journal;"07388942, 15499219";"SAGE Publications Inc.";No;No;1,249;Q1;60;50;100;3358;294;97;1,75;67,16;41,05;1;United Kingdom;Western Europe;"SAGE Publications Inc.";"1973, 1975-1986, 1988-1996, 1998-2026";"Economics and Econometrics (Q1); Political Science and International Relations (Q1)";"Economics, Econometrics and Finance; Social Sciences"
52;145598;"European Journal of International Law";journal;"09385428, 14643596";"Oxford University Press";No;No;1,240;Q1;86;29;149;4265;293;128;1,63;147,07;35,48;0;United Kingdom;Western Europe;"Oxford University Press";"2005-2025";"Law (Q1); Political Science and International Relations (Q1)";"Social Sciences"
53;21101095132;"Behavioural Public Policy";journal;"23980648, 2398063X";"Cambridge University Press";No;No;1,200;Q1;29;86;159;4451;610;153;3,45;51,76;35,29;10;United Kingdom;Western Europe;"Cambridge University Press";"2017-2026";"Applied Psychology (Q1); Political Science and International Relations (Q1); Social Psychology (Q1); Social Sciences (miscellaneous) (Q1); Sociology and Political Science (Q1)";"Psychology; Social Sciences"
54;19900193691;"Journal of Political Ecology";journal;"10730451";"University of Arizona Libraries";Yes;Yes;1,187;Q1;48;61;147;5052;546;147;3,73;82,82;59,50;1;United States;Northern America;"University of Arizona Libraries";"1999, 2001-2002, 2004, 2011-2026";"Ecology (Q1); Geography, Planning and Development (Q1); Political Science and International Relations (Q1)";"Environmental Science; Social Sciences"
55;19400158595;"World Trade Review";journal;"14747456, 14753138";"Cambridge University Press";No;No;1,183;Q1;42;52;111;4421;301;106;2,66;85,02;29,17;0;United Kingdom;Western Europe;"Cambridge University Press";"2002-2026";"Economics and Econometrics (Q1); Law (Q1); Political Science and International Relations (Q1)";"Economics, Econometrics and Finance; Social Sciences"
56;25666;"Common Market Law Review";journal;"01650750, 18758320";"Kluwer Law International";No;No;1,182;Q1;74;50;211;6096;481;184;1,98;121,92;44,23;1;Netherlands;Western Europe;"Kluwer Law International";"1996-2025";"Law (Q1); Political Science and International Relations (Q1)";"Social Sciences"
57;19900191537;"International Theory";journal;"17529727, 17529719";"Cambridge University Press";Yes;No;1,158;Q1;50;25;65;2660;201;64;3,42;106,40;32,26;0;United Kingdom;Western Europe;"Cambridge University Press";"2009-2026";"Law (Q1); Philosophy (Q1); Political Science and International Relations (Q1)";"Arts and Humanities; Social Sciences"
58;25136;"German Politics";journal;"09644008, 17438993";"Routledge";No;No;1,144;Q1;29;60;100;3931;360;94;3,91;65,52;38,24;4;United Kingdom;Western Europe;"Routledge";"1992-1995, 2010-2026";"Political Science and International Relations (Q1); Sociology and Political Science (Q1)";"Social Sciences"
59;64461;"European Journal of Political Economy";journal;"01762680";"Elsevier B.V.";No;No;1,131;Q1;108;127;322;8255;1097;318;3,42;65,00;25,00;13;Netherlands;Western Europe;"Elsevier B.V.";"1985-2026";"Economics and Econometrics (Q1); Political Science and International Relations (Q1)";"Economics, Econometrics and Finance; Social Sciences"
60;13519;"Contemporary Southeast Asia";journal;"0129797X";"ISEAS - Yusof Ishak Institute";No;No;1,114;Q1;49;23;67;1430;181;64;2,60;62,17;36,36;1;Singapore;Asiatic Region;"ISEAS - Yusof Ishak Institute";"1979-2025";"Development (Q1); History (Q1); Political Science and International Relations (Q1); Sociology and Political Science (Q1)";"Arts and Humanities; Social Sciences"
61;16474;"Journal of Contemporary China";journal;"10670564, 14699400";"Routledge";No;No;1,114;Q1;73;88;184;114;748;183;4,13;1,30;41,78;6;United Kingdom;Western Europe;"Routledge";"1992-2026";"Development (Q1); Geography, Planning and Development (Q1); Political Science and International Relations (Q1)";"Social Sciences"
62;5600152808;"Acta Politica";journal;"17411416, 00016810";"Palgrave Macmillan";No;No;1,107;Q1;50;65;129;4202;403;127;3,37;64,65;39,06;2;United Kingdom;Western Europe;"Palgrave Macmillan";"2006-2026";"Political Science and International Relations (Q1)";"Social Sciences"
63;26459;"Latin American Politics and Society";journal;"15482456, 1531426X";"Cambridge University Press";No;No;1,107;Q1;58;32;94;2028;211;87;2,62;63,38;21,82;1;United States;Northern America;"Cambridge University Press";"2001-2026";"Geography, Planning and Development (Q1); Political Science and International Relations (Q1); Sociology and Political Science (Q1)";"Social Sciences"
64;28007;"Security Dialogue";journal;"14603640, 09670106";"SAGE Publications Ltd";No;No;1,101;Q1;95;42;99;3591;375;99;2,88;85,50;57,14;2;United Kingdom;Western Europe;"SAGE Publications Ltd";"1970-1972, 1976-2025";"Political Science and International Relations (Q1); Sociology and Political Science (Q1)";"Social Sciences"
65;21100244407;"East European Politics";journal;"21599165, 21599173";"Taylor and Francis Ltd.";No;No;1,098;Q1;38;43;99;2892;386;99;2,70;67,26;45,21;0;United Kingdom;Western Europe;"Taylor and Francis Ltd.";"2012-2026";"Development (Q1); Geography, Planning and Development (Q1); Political Science and International Relations (Q1)";"Social Sciences"
66;22743;"International Environmental Agreements: Politics, Law and Economics";journal;"15679764, 15731553";"Springer Netherlands";No;No;1,091;Q1;58;38;96;2618;401;94;3,97;68,89;49,12;4;Netherlands;Western Europe;"Springer Netherlands";"2002-2026";"Economics and Econometrics (Q1); Law (Q1); Political Science and International Relations (Q1)";"Economics, Econometrics and Finance; Social Sciences"
67;4000149610;"Politics";journal;"14679256, 02633957";"SAGE Publications Inc.";No;No;1,088;Q1;50;74;110;4742;463;110;3,96;64,08;33,33;5;United Kingdom;Western Europe;"SAGE Publications Inc.";"1966-1995, 1997, 2006-2026";"Political Science and International Relations (Q1)";"Social Sciences"
68;23952;"Cooperation and Conflict";journal;"00108367, 14603691";"SAGE Publications Ltd";No;No;1,078;Q1;61;76;91;6328;345;89;3,59;83,26;50,38;9;United Kingdom;Western Europe;"SAGE Publications Ltd";"1965, 1967-2026";"Development (Q1); Political Science and International Relations (Q1); Social Sciences (miscellaneous) (Q1); Strategy and Management (Q1)";"Business, Management and Accounting; Social Sciences"
69;5700163398;"Swiss Political Science Review";journal;"14247755, 16626370";"Wiley-Blackwell";No;No;1,074;Q1;49;54;88;3627;226;78;2,13;67,17;39,08;1;United States;Northern America;"Wiley-Blackwell";"1995-2026";"Political Science and International Relations (Q1)";"Social Sciences"
70;145601;"International Relations of the Asia-Pacific";journal;"14704838, 1470482X";"Oxford University Press";No;No;1,045;Q1;40;18;48;1315;164;48;2,91;73,06;30,77;0;United Kingdom;Western Europe;"Oxford University Press";"2001-2026";"Economics, Econometrics and Finance (miscellaneous) (Q1); Political Science and International Relations (Q1); Sociology and Political Science (Q1)";"Economics, Econometrics and Finance; Social Sciences"
71;5700162193;"Leiden Journal of International Law";journal;"09221565, 14789698";"Cambridge University Press";Yes;No;1,033;Q1;51;53;153;8335;366;143;2,63;157,26;50,79;0;United Kingdom;Western Europe;"Cambridge University Press";"1988-2026";"Law (Q1); Political Science and International Relations (Q1)";"Social Sciences"
72;50039;"Review of Policy Research";journal;"1541132X, 15411338";"Wiley-Blackwell Publishing Ltd";No;No;1,024;Q1;63;81;136;6056;597;118;4,82;74,77;46,58;4;United Kingdom;Western Europe;"Wiley-Blackwell Publishing Ltd";"1981-1995, 1998-2026";"Geography, Planning and Development (Q1); Management, Monitoring, Policy and Law (Q1); Political Science and International Relations (Q1); Public Administration (Q1); Sociology and Political Science (Q1)";"Environmental Science; Social Sciences"
73;5700164242;"Comparative European Politics";journal;"1740388X, 14724790";"Palgrave Macmillan Ltd.";No;No;1,015;Q1;47;52;122;3258;380;119;2,75;62,65;36,90;4;United Kingdom;Western Europe;"Palgrave Macmillan Ltd.";"2008-2026";"Political Science and International Relations (Q1)";"Social Sciences"
74;19700201448;"Critical Studies on Terrorism";journal;"17539153, 17539161";"Taylor and Francis Ltd.";No;No;1,005;Q1;41;38;124;3345;367;119;2,09;88,03;44,44;1;United Kingdom;Western Europe;"Taylor and Francis Ltd.";"2008-2026";"Political Science and International Relations (Q1)";"Social Sciences"
75;23594;"World Economy";journal;"03785920, 14679701";"Wiley-Blackwell Publishing Ltd";No;No;1,000;Q1;90;121;440;6108;1597;439;3,61;50,48;31,70;7;United Kingdom;Western Europe;"Wiley-Blackwell Publishing Ltd";"1977-2026";"Finance (Q1); Political Science and International Relations (Q1); Accounting (Q2); Economics and Econometrics (Q2)";"Business, Management and Accounting; Economics, Econometrics and Finance; Social Sciences"
76;21100463834;"Territory, Politics, Governance";journal;"2162268X, 21622671";"Routledge";No;No;0,999;Q1;42;117;217;8150;846;204;3,74;69,66;35,35;10;United States;Northern America;"Routledge";"2013-2026";"Geography, Planning and Development (Q1); Political Science and International Relations (Q1)";"Social Sciences"
77;26364;"Journal of Strategic Studies";journal;"01402390, 1743937X";"Routledge";No;No;0,980;Q1;49;67;152;5008;382;137;2,64;74,75;20,69;10;United Kingdom;Western Europe;"Routledge";"1978-2026";"Political Science and International Relations (Q1); Sociology and Political Science (Q1)";"Social Sciences"
78;15136;"Information Society";journal;"01972243, 10876537";"Taylor and Francis Ltd.";No;No;0,978;Q1;95;20;72;1730;332;71;5,68;86,50;34,09;1;United Kingdom;Western Europe;"Taylor and Francis Ltd.";"1981-1990, 1992-2026";"Cultural Studies (Q1); Information Systems (Q1); Management Information Systems (Q1); Political Science and International Relations (Q1)";"Business, Management and Accounting; Computer Science; Social Sciences"
79;5100152922;"Revista de Ciencia Politica";journal;"0718090X, 07161417";"Pontificia Universidad Catolica de Chile";Yes;Yes;0,975;Q1;28;6;72;350;146;71;1,91;58,33;22,22;0;Chile;Latin America;"Pontificia Universidad Catolica de Chile";"2002, 2006-2025";"Political Science and International Relations (Q1); Sociology and Political Science (Q1)";"Social Sciences"
80;21100904307;"European Journal of International Security";journal;"20575637, 20575645";"Cambridge University Press";Yes;No;0,969;Q1;27;70;96;8947;273;96;2,47;127,81;30,51;11;United Kingdom;Western Europe;"Cambridge University Press";"2016-2026";"Political Science and International Relations (Q1); Safety Research (Q1); Sociology and Political Science (Q1)";"Social Sciences"
81;25050;"American Journal of International Law";journal;"21617953, 00029300";"Cambridge University Press";Yes;No;0,964;Q1;102;38;144;4191;272;140;1,49;110,29;41,18;2;United States;Northern America;"Cambridge University Press";"1937, 1959, 1979, 1982, 1984, 1987-1988, 1992-1994, 1996-2026";"Law (Q1); Political Science and International Relations (Q1)";"Social Sciences"
82;21101021989;"European Journal of Politics and Gender";journal;"25151096, 25151088";"Bristol University Press";No;No;0,958;Q1;23;36;85;2456;259;70;1,93;68,22;75,44;0;United Kingdom;Western Europe;"Bristol University Press";"2018-2025";"Gender Studies (Q1); Political Science and International Relations (Q1); Sociology and Political Science (Q1)";"Social Sciences"
83;21101298327;"Global Social Challenges Journal";journal;"27523349";"Policy Press";Yes;No;0,949;Q1;11;22;53;1536;220;48;4,18;69,82;47,89;0;United Kingdom;Western Europe;"Policy Press";"2022-2025";"Development (Q1); Geography, Planning and Development (Q1); Political Science and International Relations (Q1); Sociology and Political Science (Q1)";"Social Sciences"
84;39526;"IIC International Review of Intellectual Property and Competition Law";journal;"00189855, 21950237";"Springer International Publishing AG";No;No;0,945;Q1;29;63;161;3597;342;121;2,21;57,10;55,41;2;Germany;Western Europe;"Springer International Publishing AG";"1982, 1989, 1991, 1994-2026";"Law (Q1); Political Science and International Relations (Q1)";"Social Sciences"
85;5700164218;"International Relations";journal;"17412862, 00471178";"SAGE Publications Ltd";No;No;0,945;Q1;52;55;113;4094;306;113;2,56;74,44;30,12;5;United Kingdom;Western Europe;"SAGE Publications Ltd";"1957-1965, 1967-1972, 1975-2026";"Political Science and International Relations (Q1)";"Social Sciences"
86;5600155004;"Contemporary Politics";journal;"14693631, 13569775";"Routledge";No;No;0,942;Q1;45;67;94;5508;331;93;3,52;82,21;41,51;4;United Kingdom;Western Europe;"Routledge";"1995-2026";"Political Science and International Relations (Q1); Sociology and Political Science (Q1)";"Social Sciences"
87;16800154727;"Water Alternatives";journal;"19650175";"Water Alternatives Association";Yes;Yes;0,940;Q1;59;31;105;2720;427;105;4,10;87,74;35,29;0;France;Western Europe;"Water Alternatives Association";"2008-2025";"Geography, Planning and Development (Q1); Political Science and International Relations (Q1); Water Science and Technology (Q1); Management, Monitoring, Policy and Law (Q2)";"Environmental Science; Social Sciences"
88;21100885607;"Journal of World Investment and Trade";journal;"16607112, 22119000";"Brill Academic Publishers";No;No;0,934;Q1;28;34;84;4944;159;77;2,17;145,41;38,30;0;Netherlands;Western Europe;"Brill Academic Publishers";"2000-2001, 2003-2025";"Business and International Management (Q1); Economics, Econometrics and Finance (miscellaneous) (Q1); Law (Q1); Political Science and International Relations (Q1)";"Business, Management and Accounting; Economics, Econometrics and Finance; Social Sciences"
89;26339;"International and Comparative Law Quarterly";journal;"00205893, 14716895";"Cambridge University Press";No;No;0,928;Q1;70;53;109;8365;272;109;2,60;157,83;39,44;0;United Kingdom;Western Europe;"Cambridge University Press";"1952-2025";"Law (Q1); Political Science and International Relations (Q1)";"Social Sciences"
90;19900191425;"Journal of Politics in Latin America";journal;"18684890, 1866802X";"SAGE Publications Inc.";Yes;Yes;0,927;Q1;21;22;50;1655;159;49;2,62;75,23;30,00;0;Germany;Western Europe;"SAGE Publications Inc.";"2015-2026";"Political Science and International Relations (Q1); Sociology and Political Science (Q1)";"Social Sciences"
91;25671;"Washington Quarterly";journal;"15309177, 0163660X";"Taylor and Francis Ltd.";No;No;0,923;Q1;61;37;112;1876;270;112;2,30;50,70;26,79;0;United Kingdom;Western Europe;"Taylor and Francis Ltd.";"1978-2025";"Law (Q1); Political Science and International Relations (Q1); Sociology and Political Science (Q1)";"Social Sciences"
92;5700164288;"Cambridge Review of International Affairs";journal;"09557571, 1474449X";"Routledge";No;No;0,922;Q1;61;77;161;4986;339;114;1,65;64,75;31,03;1;United Kingdom;Western Europe;"Routledge";"1986, 1988-2026";"Political Science and International Relations (Q1)";"Social Sciences"
93;21617;"Nations and Nationalism";journal;"14698129, 13545078";"Wiley-Blackwell Publishing Ltd";No;No;0,918;Q1;64;126;230;8290;667;219;3,09;65,79;34,76;2;United Kingdom;Western Europe;"Wiley-Blackwell Publishing Ltd";"1995-2026";"Arts and Humanities (miscellaneous) (Q1); Geography, Planning and Development (Q1); Political Science and International Relations (Q1)";"Arts and Humanities; Social Sciences"
94;23224;"Australian Journal of International Affairs";journal;"10357718, 1465332X";"Taylor and Francis Ltd.";No;No;0,917;Q1;43;86;168;4361;437;120;2,10;50,71;32,08;1;United Kingdom;Western Europe;"Taylor and Francis Ltd.";"1990-2026";"Geography, Planning and Development (Q1); Political Science and International Relations (Q1)";"Social Sciences"
95;21100975552;"Journal of Chinese Governance";journal;"23812354, 23812346";"Taylor and Francis Ltd.";No;No;0,917;Q1;26;41;73;2985;296;73;4,08;72,80;42,71;0;United Kingdom;Western Europe;"Taylor and Francis Ltd.";"2016-2026";"Political Science and International Relations (Q1); Public Administration (Q1); Sociology and Political Science (Q1)";"Social Sciences"
96;5600156029;"Journal of Legislative Studies";journal;"13572334, 17439337";"Routledge";No;No;0,905;Q1;48;78;82;3996;152;79;1,31;51,23;32,59;6;United Kingdom;Western Europe;"Routledge";"1995-2026";"Law (Q1); Political Science and International Relations (Q1)";"Social Sciences"
97;5800191489;"Foreign Policy Analysis";journal;"17438594, 17438586";"Oxford University Press";No;No;0,902;Q1;42;45;113;3645;298;113;2,40;81,00;25,00;0;United States;Northern America;"Oxford University Press";"2011-2026";"Political Science and International Relations (Q1)";"Social Sciences"
98;4700152270;"State Politics and Policy Quarterly";journal;"15324400, 19461607";"Cambridge University Press";No;No;0,901;Q1;52;29;72;1671;142;72;1,56;57,62;39,29;0;United States;Northern America;"Cambridge University Press";"2001-2026";"Arts and Humanities (miscellaneous) (Q1); Political Science and International Relations (Q1)";"Arts and Humanities; Social Sciences"
99;22774;"Policy Studies";journal;"14701006, 01442872";"Routledge";No;No;0,898;Q1;55;115;162;7950;644;157;4,88;69,13;37,30;2;United Kingdom;Western Europe;"Routledge";"1980-2026";"Political Science and International Relations (Q1)";"Social Sciences"
100;21100972443;"Chinese Political Science Review";journal;"23654252, 23654244";"Springer International Publishing";No;No;0,894;Q1;25;68;65;5261;262;64;5,41;77,37;30,63;0;Singapore;Asiatic Region;"Springer International Publishing";"2016-2026";"Political Science and International Relations (Q1); Sociology and Political Science (Q1)";"Social Sciences"
101;29401;"Journal of the Japanese and International Economies";journal;"08891583, 10958681";"Academic Press Inc.";No;No;0,893;Q1;54;28;76;1367;225;75;3,07;48,82;21,21;3;United States;Northern America;"Academic Press Inc.";"1987-2026";"Political Science and International Relations (Q1); Economics and Econometrics (Q2); Finance (Q2)";"Economics, Econometrics and Finance; Social Sciences"
102;21100886407;"European Policy Analysis";journal;"23806567";"John Wiley and Sons Ltd";No;No;0,887;Q1;28;40;78;3408;287;66;3,67;85,20;52,63;1;United States;Northern America;"John Wiley and Sons Ltd";"2015-2026";"Political Science and International Relations (Q1); Public Administration (Q1); Sociology and Political Science (Q1); Health Policy (Q2); Management, Monitoring, Policy and Law (Q2)";"Environmental Science; Medicine; Social Sciences"
103;19600166406;"European Business Organization Law Review";journal;"17416205, 15667529";"Springer International Publishing AG";No;No;0,880;Q1;37;27;100;1467;436;96;2,77;54,33;26,47;0;Switzerland;Western Europe;"Springer International Publishing AG";"2000-2026";"Law (Q1); Political Science and International Relations (Q1); Business and International Management (Q2)";"Business, Management and Accounting; Social Sciences"
104;28751;"Critical Social Policy";journal;"02610183, 1461703X";"SAGE Publications Ltd";No;No;0,878;Q1;85;37;101;1886;313;96;2,76;50,97;60,29;5;United Kingdom;Western Europe;"SAGE Publications Ltd";"1981-2026";"Political Science and International Relations (Q1)";"Social Sciences"
105;21100942111;"Journal of Law and Courts";journal;"21646589, 21646570";"Cambridge University Press";No;No;0,877;Q1;23;40;58;2582;92;58;1,52;64,55;41,98;0;United States;Northern America;"Cambridge University Press";"2013-2026";"Law (Q1); Political Science and International Relations (Q1); Sociology and Political Science (Q1)";"Social Sciences"
106;4100151709;"European Journal of Political Theory";journal;"17412730, 14748851";"SAGE Publications Ltd";No;No;0,874;Q1;43;79;119;4028;313;118;2,67;50,99;25,00;2;United Kingdom;Western Europe;"SAGE Publications Ltd";"2002-2026";"Political Science and International Relations (Q1); Sociology and Political Science (Q1)";"Social Sciences"
107;21101045766;"Policy Design and Practice";journal;"25741292";"Taylor and Francis Ltd.";Yes;No;0,867;Q1;33;35;93;1856;438;85;4,67;53,03;56,58;1;United Kingdom;Western Europe;"Taylor and Francis Ltd.";"2018-2026";"Political Science and International Relations (Q1); Public Administration (Q1)";"Social Sciences"
108;21100967061;"Journal for Deradicalization";journal;"23639849";"German Institute on Radicalization and De-Radicalization Studies (GIRDS)";Yes;Yes;0,862;Q1;16;18;77;1358;137;77;1,13;75,44;44,64;0;Germany;Western Europe;"German Institute on Radicalization and De-Radicalization Studies (GIRDS)";"2019-2025";"Political Science and International Relations (Q1); Sociology and Political Science (Q1)";"Social Sciences"
109;21100208071;"Teoria y Realidad Constitucional";journal;"11395583, 21748950";"Universidad Nacional de Educacion a Distancia (UNED)";No;No;0,859;Q1;11;29;111;1056;74;111;0,65;36,41;40,00;0;Spain;Western Europe;"Universidad Nacional de Educacion a Distancia (UNED)";"2012-2025";"Law (Q1); Political Science and International Relations (Q1)";"Social Sciences"
110;21101198446;"De Jure: Jurnal Hukum dan Syar'iah";journal;"20851618, 25281658";"Maulana Malik Ibrahim State Islamic University of Malang";No;No;0,853;Q1;13;25;70;1523;269;70;4,52;60,92;39,39;0;Indonesia;Asiatic Region;"Maulana Malik Ibrahim State Islamic University of Malang";"2020-2025";"Gender Studies (Q1); Law (Q1); Political Science and International Relations (Q1); Religious Studies (Q1)";"Arts and Humanities; Social Sciences"
111;26363;"Journal of Refugee Studies";journal;"09516328, 14716925";"Oxford University Press";No;No;0,845;Q1;82;71;186;4254;508;186;2,57;59,92;72,22;3;United Kingdom;Western Europe;"Oxford University Press";"1988-2025";"Geography, Planning and Development (Q1); Political Science and International Relations (Q1)";"Social Sciences"
112;19900190213;"Journal of Current Southeast Asian Affairs";journal;"18684882, 18681034";"SAGE Publications Ltd";Yes;Yes;0,835;Q1;26;28;59;1665;209;59;3,05;59,46;20,00;2;Germany;Western Europe;"SAGE Publications Ltd";"2015-2026";"Political Science and International Relations (Q1); Sociology and Political Science (Q1)";"Social Sciences"
113;20329;"Journal of Political Ideologies";journal;"13569317, 14699613";"Taylor and Francis Ltd.";No;No;0,834;Q1;48;69;92;4092;259;85;2,96;59,30;25,77;4;United Kingdom;Western Europe;"Taylor and Francis Ltd.";"1996-2026";"Geography, Planning and Development (Q1); Political Science and International Relations (Q1)";"Social Sciences"
114;21101176851;"Volksgeist: Jurnal Ilmu Hukum dan Konstitusi";journal;"2615174X, 26155648";"Universitas Islam Negeri Profesor Kiai Haji Saifuddin Zuhri Purwokerto";Yes;No;0,830;Q1;14;29;62;1476;250;62;4,48;50,90;28,00;0;Indonesia;Asiatic Region;"Universitas Islam Negeri Profesor Kiai Haji Saifuddin Zuhri Purwokerto";"2019-2025";"Law (Q1); Political Science and International Relations (Q1); Social Sciences (miscellaneous) (Q1); Sociology and Political Science (Q1)";"Social Sciences"
115;12100156325;"Journal of Intervention and Statebuilding";journal;"17502977, 17502985";"Routledge";No;No;0,829;Q1;33;51;106;3883;312;95;3,10;76,14;52,94;4;United Kingdom;Western Europe;"Routledge";"2012-2026";"Law (Q1); Political Science and International Relations (Q1)";"Social Sciences"
116;16300154767;"Media, War and Conflict";journal;"17506352, 17506360";"SAGE Publications Ltd";No;No;0,823;Q1;34;80;88;4388;282;88;3,21;54,85;51,09;0;United Kingdom;Western Europe;"SAGE Publications Ltd";"2007-2026";"Arts and Humanities (miscellaneous) (Q1); Communication (Q1); Political Science and International Relations (Q1); Sociology and Political Science (Q1)";"Arts and Humanities; Social Sciences"
117;21100855505;"Journal of Cybersecurity";journal;"20572093";"Oxford University Press";Yes;No;0,818;Q1;38;47;68;3676;382;68;5,06;78,21;36,22;4;United Kingdom;Western Europe;"Oxford University Press";"2015-2026";"Computer Science (miscellaneous) (Q1); Law (Q1); Political Science and International Relations (Q1); Safety Research (Q1); Safety, Risk, Reliability and Quality (Q1); Computer Networks and Communications (Q2); Computer Science Applications (Q2); Hardware and Architecture (Q2); Information Systems (Q2); Social Psychology (Q2); Software (Q2)";"Computer Science; Engineering; Psychology; Social Sciences"
118;26867;"Millennium: Journal of International Studies";journal;"03058298, 14779021";"SAGE Publications Ltd";No;No;0,816;Q1;85;29;99;3475;256;90;2,08;119,83;38,46;1;United Kingdom;Western Europe;"SAGE Publications Ltd";"1971-2026";"Political Science and International Relations (Q1); Sociology and Political Science (Q1)";"Social Sciences"
119;12892;"Refugee Survey Quarterly";journal;"1471695X, 10204067";"Oxford University Press";No;No;0,814;Q1;39;34;76;3484;198;73;2,11;102,47;74,00;1;United Kingdom;Western Europe;"Oxford University Press";"1982, 1985, 1988-1990, 1992, 1994-1995, 1997, 2000-2025";"Geography, Planning and Development (Q1); Political Science and International Relations (Q1)";"Social Sciences"
120;5700162123;"Turkish Studies";journal;"14683849, 17439663";"Routledge";Yes;No;0,813;Q1;39;58;115;3432;272;113;2,07;59,17;41,67;1;United Kingdom;Western Europe;"Routledge";"2009-2026";"History (Q1); Political Science and International Relations (Q1)";"Arts and Humanities; Social Sciences"
121;14432;"Daedalus";journal;"00115266, 15486192";"MIT Press";No;No;0,810;Q1;76;53;230;2348;882;210;2,12;44,30;59,42;1;United States;Northern America;"MIT Press";"1965, 1968-1989, 1992-1996, 1998-2025";"Arts and Humanities (miscellaneous) (Q1); History and Philosophy of Science (Q1); Political Science and International Relations (Q1); Social Sciences (miscellaneous) (Q1)";"Arts and Humanities; Social Sciences"
122;21101050036;"Political Research Exchange";journal;"2474736X";"Taylor and Francis Ltd.";Yes;No;0,809;Q1;16;37;73;2550;264;58;2,69;68,92;44,93;0;United Kingdom;Western Europe;"Taylor and Francis Ltd.";"2019-2026";"Political Science and International Relations (Q1)";"Social Sciences"
123;21100857389;"Entrepreneurial Business and Economics Review";journal;"2353883X, 23538821";"Cracow University of Economics";Yes;Yes;0,807;Q1;33;45;131;3033;776;131;7,18;67,40;44,85;0;Poland;Eastern Europe;"Cracow University of Economics";"2013-2025";"Economics, Econometrics and Finance (miscellaneous) (Q1); Political Science and International Relations (Q1); Business and International Management (Q2); Strategy and Management (Q2)";"Business, Management and Accounting; Economics, Econometrics and Finance; Social Sciences"
124;4000149603;"Political Studies Review";journal;"14789299, 14789302";"SAGE Publications Ltd";No;No;0,803;Q1;48;92;179;4932;476;175;2,93;53,61;35,33;6;United Kingdom;Western Europe;"SAGE Publications Ltd";"2006-2026";"Political Science and International Relations (Q1); Sociology and Political Science (Q1)";"Social Sciences"
125;16886;"Citizenship Studies";journal;"14693593, 13621025";"Routledge";No;No;0,792;Q1;83;34;196;1837;402;186;1,50;54,03;46,81;0;United Kingdom;Western Europe;"Routledge";"1997-2026";"Geography, Planning and Development (Q1); Political Science and International Relations (Q1)";"Social Sciences"
126;200147101;"Studies in Conflict and Terrorism";journal;"15210731, 1057610X";"Routledge";No;No;0,790;Q1;72;145;324;10838;760;313;2,32;74,74;38,11;0;United Kingdom;Western Europe;"Routledge";"1992-2026";"Political Science and International Relations (Q1); Safety Research (Q1); Safety, Risk, Reliability and Quality (Q1); Sociology and Political Science (Q1)";"Engineering; Social Sciences"
127;21100329895;"Behavioral Sciences of Terrorism and Political Aggression";journal;"19434480, 19434472";"Routledge";No;No;0,786;Q1;27;45;81;3074;214;81;2,37;68,31;44,44;2;United States;Northern America;"Routledge";"2009-2026";"Political Science and International Relations (Q1); Sociology and Political Science (Q1); Social Psychology (Q2)";"Psychology; Social Sciences"
128;5800169155;"Ethnopolitics";journal;"17449057, 17449065";"Routledge";No;No;0,767;Q1;32;56;103;3704;226;92;2,25;66,14;34,83;2;United Kingdom;Western Europe;"Routledge";"2010-2026";"Cultural Studies (Q1); History (Q1); Political Science and International Relations (Q1)";"Arts and Humanities; Social Sciences"
129;5800169295;"International Spectator";journal;"17519721, 03932729";"Routledge";No;No;0,767;Q1;37;38;105;2893;354;103;3,35;76,13;37,70;5;United Kingdom;Western Europe;"Routledge";"1983-2026";"Political Science and International Relations (Q1)";"Social Sciences"
130;21100895625;"Yearbook of European Law";journal;"20450044, 02633264";"Oxford University Press";No;No;0,766;Q1;14;0;38;0;88;38;2,15;0,00;0,00;0;United Kingdom;Western Europe;"Oxford University Press";"2018-2024";"Law (Q1); Political Science and International Relations (Q1)";"Social Sciences"
131;24664;"Foreign Affairs";journal;"00157120";"Council on Foreign Relations, Inc.";No;No;0,763;Q1;117;11;269;0;728;266;2,86;0,00;31,25;0;United States;Northern America;"Council on Foreign Relations, Inc.";"1965, 1974, 1977-1981, 1984-1985, 1989, 1991-1992, 1996-2025";"Political Science and International Relations (Q1); Sociology and Political Science (Q1)";"Social Sciences"
132;17600155227;"Asian Business and Management";journal;"14724782, 14769328";"Palgrave Macmillan Ltd.";No;No;0,758;Q1;38;30;149;2471;599;139;3,57;82,37;36,00;0;United Kingdom;Western Europe;"Palgrave Macmillan Ltd.";"2008-2026";"Political Science and International Relations (Q1); Sociology and Political Science (Q1); Business and International Management (Q2); Strategy and Management (Q2)";"Business, Management and Accounting; Social Sciences"
133;24567;"European Foreign Affairs Review";journal;"18758223, 13846299";"Kluwer Law International";No;No;0,758;Q1;44;41;98;3118;239;92;2,43;76,05;47,27;0;Netherlands;Western Europe;"Kluwer Law International";"1996-2026";"Law (Q1); Political Science and International Relations (Q1)";"Social Sciences"
134;21100238638;"Global Policy";journal;"17585899, 17585880";"John Wiley and Sons Ltd";No;No;0,751;Q1;59;147;402;8059;1117;382;2,69;54,82;38,55;8;United Kingdom;Western Europe;"John Wiley and Sons Ltd";"2010-2026";"Law (Q1); Political Science and International Relations (Q1); Economics and Econometrics (Q2); Management, Monitoring, Policy and Law (Q2); Global and Planetary Change (Q3)";"Economics, Econometrics and Finance; Environmental Science; Social Sciences"
135;21100217205;"Journal of Borderlands Studies";journal;"21591229, 08865655";"Taylor and Francis Ltd.";No;No;0,747;Q1;33;110;162;6596;439;152;2,50;59,96;44,44;1;United Kingdom;Western Europe;"Taylor and Francis Ltd.";"1986-2026";"Geography, Planning and Development (Q1); Law (Q1); Political Science and International Relations (Q1); Sociology and Political Science (Q1)";"Social Sciences"
136;16777;"Capitalism, Nature, Socialism";journal;"10455752, 15483290";"Taylor and Francis Ltd.";No;No;0,744;Q1;47;72;117;2632;193;77;1,57;36,56;53,62;0;United Kingdom;Western Europe;"Taylor and Francis Ltd.";"1988-2026";"Geography, Planning and Development (Q1); Political Science and International Relations (Q1); Management, Monitoring, Policy and Law (Q2)";"Environmental Science; Social Sciences"
137;5700160310;"European Political Science";journal;"16820983, 16804333";"Cambridge University Press";No;No;0,744;Q1;38;60;99;2302;365;98;4,58;38,37;44,12;4;United Kingdom;Western Europe;"Cambridge University Press";"2005, 2008-2025";"Political Science and International Relations (Q1)";"Social Sciences"
138;21100403126;"European Politics and Society";journal;"23745126, 23745118";"Taylor and Francis Ltd.";No;No;0,737;Q1;38;98;130;6625;375;125;3,13;67,60;37,20;2;United Kingdom;Western Europe;"Taylor and Francis Ltd.";"2014-2026";"Political Science and International Relations (Q1); Sociology and Political Science (Q1)";"Social Sciences"
139;26522;"Mediterranean Politics";journal;"17439418, 13629395";"Routledge";No;No;0,736;Q1;45;89;107;4951;252;100;2,00;55,63;41,80;14;United Kingdom;Western Europe;"Routledge";"1996-2026";"Geography, Planning and Development (Q1); Political Science and International Relations (Q1)";"Social Sciences"
140;27938;"Review of African Political Economy";journal;"03056244, 17401720";"Routledge";No;No;0,735;Q1;65;16;136;686;257;90;1,71;42,88;28,57;0;United Kingdom;Western Europe;"Routledge";"1974-2025";"Development (Q1); Geography, Planning and Development (Q1); Political Science and International Relations (Q1)";"Social Sciences"
141;12100155921;"Social Policy and Society";journal;"14753073, 14747464";"Cambridge University Press";No;No;0,734;Q1;43;85;193;5717;613;186;2,50;67,26;63,58;0;United Kingdom;Western Europe;"Cambridge University Press";"2011, 2013-2026";"Political Science and International Relations (Q1); Sociology and Political Science (Q1)";"Social Sciences"
142;25794;"International Interactions";journal;"03050629, 15477444";"Taylor and Francis Ltd.";No;No;0,733;Q1;59;43;131;3224;252;107;1,91;74,98;29,17;1;United Kingdom;Western Europe;"Taylor and Francis Ltd.";"1974-2026";"Political Science and International Relations (Q1)";"Social Sciences"
143;5600153930;"Small Wars and Insurgencies";journal;"17439558, 09592318";"Routledge";No;No;0,733;Q1;37;95;188;6082;346;183;1,69;64,02;25,86;1;United Kingdom;Western Europe;"Routledge";"1990-2005, 2007-2026";"Political Science and International Relations (Q1)";"Social Sciences"
144;23925;"Commonwealth and Comparative Politics";journal;"17439094, 14662043";"Routledge";No;No;0,723;Q1;38;14;55;844;74;54;1,30;60,29;15,38;0;United Kingdom;Western Europe;"Routledge";"2002-2026";"Political Science and International Relations (Q1); Sociology and Political Science (Q1)";"Social Sciences"
145;28507;"Survival";journal;"00396338, 14682699";"Routledge";No;No;0,722;Q1;60;81;201;2623;386;194;1,44;32,38;17,58;11;United Kingdom;Western Europe;"Routledge";"1959-2026";"Political Science and International Relations (Q1); Sociology and Political Science (Q1)";"Social Sciences"
146;145349;"Business and Politics";journal;"13695258, 14693569";"Cambridge University Press";Yes;No;0,721;Q1;42;40;86;3211;244;86;2,87;80,28;26,58;2;United Kingdom;Western Europe;"Cambridge University Press";"1999-2000, 2004-2026";"Political Science and International Relations (Q1); Industrial Relations (Q2)";"Business, Management and Accounting; Social Sciences"
147;5700161890;"International Feminist Journal of Politics";journal;"14684470, 14616742";"Routledge";No;No;0,718;Q1;66;58;148;3230;359;108;2,23;55,69;85,29;5;United Kingdom;Western Europe;"Routledge";"1999-2026";"Arts and Humanities (miscellaneous) (Q1); Gender Studies (Q1); Political Science and International Relations (Q1); Sociology and Political Science (Q1)";"Arts and Humanities; Social Sciences"
148;28256;"Nationalities Papers";journal;"14653923, 00905992";"Cambridge University Press";No;No;0,716;Q1;42;108;255;8864;545;252;1,73;82,07;43,62;1;United Kingdom;Western Europe;"Cambridge University Press";"1972-1985, 1987-2026";"Geography, Planning and Development (Q1); History (Q1); Political Science and International Relations (Q1)";"Arts and Humanities; Social Sciences"
149;21100835739;"Contemporary Italian Politics";journal;"23248823, 23248831";"Routledge";No;No;0,706;Q1;25;47;98;2150;237;87;2,23;45,74;41,33;4;United States;Northern America;"Routledge";"2013-2026";"Political Science and International Relations (Q1); Sociology and Political Science (Q1)";"Social Sciences"
150;21101043565;"Journal of Global Security Studies";journal;"20573189, 20573170";"Oxford University Press";No;No;0,706;Q1;31;43;125;3293;268;125;1,76;76,58;36,07;1;United States;Northern America;"Oxford University Press";"2016-2026";"Political Science and International Relations (Q1); Safety Research (Q1)";"Social Sciences"
151;25847;"International Studies Perspectives";journal;"15283577, 15283585";"Oxford University Press";No;No;0,697;Q1;61;22;66;1704;173;66;2,62;77,45;61,11;3;United Kingdom;Western Europe;"Oxford University Press";"2000-2026";"Geography, Planning and Development (Q1); Political Science and International Relations (Q1)";"Social Sciences"
152;19700188256;"Middle East Critique";journal;"19436149, 19436157";"Routledge";No;No;0,694;Q1;26;107;105;6640;278;96;2,98;62,06;41,18;2;United States;Northern America;"Routledge";"2010-2026";"Cultural Studies (Q1); History (Q1); Political Science and International Relations (Q1)";"Arts and Humanities; Social Sciences"
153;21100454975;"Journal of Current Chinese Affairs";journal;"18684874, 18681026";"SAGE Publications Inc.";Yes;Yes;0,693;Q1;24;25;69;1799;233;68;3,13;71,96;54,17;2;United Kingdom;Western Europe;"SAGE Publications Inc.";"2015-2026";"Economics, Econometrics and Finance (miscellaneous) (Q1); Political Science and International Relations (Q1); Sociology and Political Science (Q1)";"Economics, Econometrics and Finance; Social Sciences"
154;5700167221;"Journal of Contemporary European Studies";journal;"14782790, 14782804";"Routledge";No;No;0,690;Q1;33;114;246;8150;656;238;2,62;71,49;44,92;5;United Kingdom;Western Europe;"Routledge";"2007-2026";"Cultural Studies (Q1); Political Science and International Relations (Q1); Sociology and Political Science (Q1)";"Social Sciences"
155;26299;"Harvard International Law Journal";journal;"00178063";"Harvard University";No;No;0,687;Q1;56;20;28;4755;101;27;2,64;237,75;33,33;0;United States;Northern America;"Harvard University";"1979, 1992, 1996-2019, 2022-2025";"Law (Q1); Political Science and International Relations (Q1)";"Social Sciences"
156;21101206093;"Al-Risalah: Forum Kajian Hukum dan Sosial Kemasyarakatan";journal;"1412436X, 25409522";"State Islamic University of Sulthan Thaha Saifuddin Jambi";No;No;0,683;Q1;11;24;61;1107;177;61;3,51;46,13;35,29;0;Indonesia;Asiatic Region;"State Islamic University of Sulthan Thaha Saifuddin Jambi";"2020-2025";"Law (Q1); Political Science and International Relations (Q1)";"Social Sciences"
157;4400151505;"Critical Review";journal;"08913811";"Taylor and Francis Ltd.";No;No;0,683;Q1;36;18;61;1119;117;57;2,00;62,17;17,39;0;United Kingdom;Western Europe;"Taylor and Francis Ltd.";"1986-2000, 2003, 2005-2026";"Literature and Literary Theory (Q1); Political Science and International Relations (Q1)";"Arts and Humanities; Social Sciences"
158;19600166403;"Journal of Balkan and Near Eastern Studies";journal;"19448953, 19448961";"Routledge";No;No;0,678;Q1;32;58;157;2454;241;156;1,36;42,31;37,80;2;United Kingdom;Western Europe;"Routledge";"2008-2026";"History (Q1); Political Science and International Relations (Q1)";"Arts and Humanities; Social Sciences"
159;5700168403;"Global Crime";journal;"17440572, 17440580";"Routledge";No;No;0,676;Q1;40;23;47;1432;122;46;2,92;62,26;31,58;0;United Kingdom;Western Europe;"Routledge";"2007-2026";"Law (Q1); Political Science and International Relations (Q1); Sociology and Political Science (Q1)";"Social Sciences"
160;5700164302;"Rivista Italiana di Scienza Politica";journal;"20574908, 00488402";"Cambridge University Press";No;No;0,661;Q1;20;34;63;1564;180;62;2,36;46,00;31,75;0;Italy;Western Europe;"Cambridge University Press";"2003, 2010-2026";"Political Science and International Relations (Q1); Sociology and Political Science (Q1)";"Social Sciences"
161;145676;"Thunderbird International Business Review";journal;"10964762, 15206874";"John Wiley and Sons Inc";No;No;0,661;Q1;59;89;142;7166;543;115;4,20;80,52;32,69;0;United States;Northern America;"John Wiley and Sons Inc";"1998-1999, 2005-2026";"Political Science and International Relations (Q1); Business and International Management (Q2); Geography, Planning and Development (Q2)";"Business, Management and Accounting; Social Sciences"
162;20053;"International Journal of Public Sector Management";journal;"09513558";"Emerald Group Publishing Ltd.";No;No;0,659;Q1;74;85;128;5637;499;125;3,60;66,32;47,90;0;United Kingdom;Western Europe;"Emerald Group Publishing Ltd.";"1970, 1988-2026";"Political Science and International Relations (Q1); Geography, Planning and Development (Q2); Management, Monitoring, Policy and Law (Q2); Public Administration (Q2)";"Environmental Science; Social Sciences"
163;19700188322;"Journal of Human Rights";journal;"14754843, 14754835";"Carfax Publishers";No;No;0,653;Q1;32;38;117;2706;248;116;1,96;71,21;64,62;2;United Kingdom;Western Europe;"Carfax Publishers";"2010-2026";"Law (Q1); Political Science and International Relations (Q1); Sociology and Political Science (Q1)";"Social Sciences"
164;21100886395;"Journal of International Dispute Settlement";journal;"20403585, 20403593";"Oxford University Press";No;No;0,651;Q1;30;62;88;8534;105;81;1,31;137,65;40,54;2;United Kingdom;Western Europe;"Oxford University Press";"2010-2026";"Law (Q1); Political Science and International Relations (Q1)";"Social Sciences"
165;26863;"Middle East Policy";journal;"14754967, 10611924";"Wiley-Blackwell Publishing Ltd";No;No;0,648;Q1;38;47;119;2788;196;116;1,97;59,32;17,39;7;United Kingdom;Western Europe;"Wiley-Blackwell Publishing Ltd";"1992-2026";"Political Science and International Relations (Q1); Sociology and Political Science (Q1)";"Social Sciences"
166;21101108743;"Global Public Policy and Governance";journal;"27306305, 27306291";"";No;No;0,644;Q1;14;30;72;1526;228;62;1,98;50,87;27,45;0;China;Asiatic Region;"";"2021-2026";"Political Science and International Relations (Q1); Development (Q2); Management, Monitoring, Policy and Law (Q2); Public Administration (Q2)";"Environmental Science; Social Sciences"
167;19700201206;"African Security";journal;"19392214, 19392206";"Taylor and Francis Ltd.";No;No;0,640;Q1;27;25;44;1309;81;36;1,72;52,36;22,58;1;United Kingdom;Western Europe;"Taylor and Francis Ltd.";"2008-2026";"Political Science and International Relations (Q1); Safety Research (Q1)";"Social Sciences"
168;28957;"Japan and the World Economy";journal;"09221425";"Elsevier B.V.";No;No;0,637;Q1;45;23;77;893;144;77;1,85;38,83;13,04;1;Netherlands;Western Europe;"Elsevier B.V.";"1988-2026";"Political Science and International Relations (Q1); Economics and Econometrics (Q2); Finance (Q2)";"Economics, Econometrics and Finance; Social Sciences"
169;21101337219;"Journal of Pacifism and Nonviolence";journal;"27727882, 27727874";"Brill Academic Publishers";No;No;0,635;Q1;6;18;27;1159;53;27;1,96;64,39;40,91;0;Netherlands;Western Europe;"Brill Academic Publishers";"2023-2026";"Political Science and International Relations (Q1); Social Sciences (miscellaneous) (Q1); Sociology and Political Science (Q1)";"Social Sciences"
170;27574;"Regional and Federal Studies";journal;"13597566, 17439434";"Routledge";No;No;0,635;Q1;48;69;99;4521;195;99;1,70;65,52;35,65;2;United Kingdom;Western Europe;"Routledge";"1995-2026";"Political Science and International Relations (Q1); Geography, Planning and Development (Q2)";"Social Sciences"
171;26587;"Studies in Comparative International Development";journal;"00393606, 19366167";"Springer New York";No;No;0,634;Q1;68;55;81;4519;172;79;2,12;82,16;48,54;6;United States;Northern America;"Springer New York";"1965-1970, 1972-2026";"Political Science and International Relations (Q1); Sociology and Political Science (Q1); Development (Q2)";"Social Sciences"
172;21100371203;"Revista de Derecho Politico";journal;"21745625, 0211979X";"Universidad Nacional de Educacion a Distancia (UNED)";Yes;Yes;0,633;Q1;10;37;119;1550;64;118;0,64;41,89;40,63;0;Spain;Western Europe;"Universidad Nacional de Educacion a Distancia (UNED)";"2014-2025";"Law (Q1); Political Science and International Relations (Q1); Sociology and Political Science (Q1)";"Social Sciences"
173;21100840031;"Critical Military Studies";journal;"23337486, 23337494";"Taylor and Francis Ltd.";No;No;0,632;Q1;27;52;98;3030;177;96;1,70;58,27;60,32;2;United Kingdom;Western Europe;"Taylor and Francis Ltd.";"2015-2026";"History (Q1); Law (Q1); Political Science and International Relations (Q1); Social Sciences (miscellaneous) (Q1); Sociology and Political Science (Q1); Management Science and Operations Research (Q2)";"Arts and Humanities; Decision Sciences; Social Sciences"
174;21101259366;"Journal of Political Institutions and Political Economy";journal;"26894815, 26894823";"Now Publishers Inc";No;No;0,624;Q1;9;18;70;810;57;70;0,51;45,00;8,57;0;United States;Northern America;"Now Publishers Inc";"2020-2025";"Political Science and International Relations (Q1); Economics and Econometrics (Q2)";"Economics, Econometrics and Finance; Social Sciences"
175;21101181971;"Czech Journal of International Relations";journal;"27882985, 27882993";"Institute of International Relations Prague";Yes;No;0,622;Q1;8;18;65;1192;62;59;1,22;66,22;63,33;0;Czech Republic;Eastern Europe;"Institute of International Relations Prague";"2000, 2020, 2023-2025";"Political Science and International Relations (Q1)";"Social Sciences"
176;27760;"New Left Review";journal;"00286060";"New Left Review Subscriptions";No;No;0,622;Q1;86;0;45;0;126;41;1,93;0,00;0,00;0;United Kingdom;Western Europe;"New Left Review Subscriptions";"1984, 1987, 1996-2024";"Political Science and International Relations (Q1); Sociology and Political Science (Q2)";"Social Sciences"
177;25834;"International Politics";journal;"17403898, 13845748";"Palgrave Macmillan Ltd.";No;No;0,611;Q1;47;129;288;8248;545;287;1,60;63,94;36,20;6;United Kingdom;Western Europe;"Palgrave Macmillan Ltd.";"1996-2026";"Political Science and International Relations (Q1); Geography, Planning and Development (Q2)";"Social Sciences"
178;21100782393;"Innovation and Development";journal;"2157930X, 21579318";"Taylor and Francis Ltd.";No;No;0,608;Q1;23;61;94;4183;269;86;2,83;68,57;31,62;0;United Kingdom;Western Europe;"Taylor and Francis Ltd.";"2015-2026";"Cultural Studies (Q1); Political Science and International Relations (Q1); Development (Q2); Education (Q2); Geography, Planning and Development (Q2); Sociology and Political Science (Q2)";"Social Sciences"
179;5700163255;"International Peacekeeping";journal;"13533312, 1743906X";"Taylor and Francis Ltd.";No;No;0,606;Q1;50;39;70;2962;151;67;2,07;75,95;53,85;3;United Kingdom;Western Europe;"Taylor and Francis Ltd.";"1994-1999, 2001-2026";"Political Science and International Relations (Q1)";"Social Sciences"
180;4700152728;"Bulletin of the Atomic Scientists";journal;"19383282, 00963402";"Taylor and Francis Ltd.";No;No;0,598;Q2;36;54;163;1641;225;110;1,42;30,39;34,72;11;United Kingdom;Western Europe;"Taylor and Francis Ltd.";"1946-1996, 1998-2026";"Political Science and International Relations (Q2)";"Social Sciences"
181;19900188083;"Island Studies Journal";journal;"17152593";"";Yes;Yes;0,597;Q2;35;24;83;1400;177;82;1,72;58,33;54,72;2;Hong Kong;Asiatic Region;"";"2010-2025";"Geography, Planning and Development (Q2); Political Science and International Relations (Q2); Sociology and Political Science (Q2)";"Social Sciences"
182;21101121584;"Review of Economics and Political Science";journal;"26313561, 23569980";"Emerald Publishing";Yes;No;0,595;Q2;19;40;80;2221;324;80;3,61;55,53;54,55;0;United Kingdom;Western Europe;"Emerald Publishing";"2018-2026";"Economics, Econometrics and Finance (miscellaneous) (Q1); Applied Mathematics (Q2); Political Science and International Relations (Q2); Sociology and Political Science (Q2); Statistics and Probability (Q2)";"Economics, Econometrics and Finance; Mathematics; Social Sciences"
183;24191;"Review of Political Economy";journal;"14653982, 09538259";"Taylor and Francis Ltd.";No;No;0,595;Q2;41;161;237;10849;553;216;2,12;67,39;27,31;11;United Kingdom;Western Europe;"Taylor and Francis Ltd.";"1989-1996, 2002-2026";"Economics, Econometrics and Finance (miscellaneous) (Q1); Political Science and International Relations (Q2)";"Economics, Econometrics and Finance; Social Sciences"
184;5800169269;"Chinese Journal of International Law";journal;"15401650, 17469937";"Oxford University Press";No;No;0,588;Q2;29;27;85;3171;85;60;1,07;117,44;41,94;0;United Kingdom;Western Europe;"Oxford University Press";"2008-2025";"Law (Q1); Political Science and International Relations (Q2)";"Social Sciences"
185;19700170839;"Journal of Human Rights Practice";journal;"17579619, 17579627";"Oxford University Press";No;No;0,587;Q2;30;52;173;3057;385;171;2,32;58,79;62,50;7;United Kingdom;Western Europe;"Oxford University Press";"2009-2026";"History (Q1); Law (Q1); Political Science and International Relations (Q2); Sociology and Political Science (Q2)";"Arts and Humanities; Social Sciences"
186;21101077280;"Frontiers in Political Science";journal;"26733145";"Frontiers Media SA";Yes;No;0,586;Q2;28;329;497;21345;1092;450;1,85;64,88;37,15;7;Switzerland;Western Europe;"Frontiers Media SA";"2019-2026";"Safety Research (Q1); Political Science and International Relations (Q2); Public Administration (Q2); Sociology and Political Science (Q2)";"Social Sciences"
187;5800170461;"South African Journal of International Affairs";journal;"10220461, 19380275";"Routledge";No;No;0,584;Q2;28;27;83;710;234;80;2,82;26,30;38,89;0;United Kingdom;Western Europe;"Routledge";"1993-2025";"Political Science and International Relations (Q2)";"Social Sciences"
188;26623;"Alternatives";journal;"21633150, 03043754";"SAGE Publications Inc.";No;No;0,583;Q2;53;68;64;4879;160;59;2,29;71,75;35,29;3;United States;Northern America;"SAGE Publications Inc.";"1975-2026";"Political Science and International Relations (Q2); Sociology and Political Science (Q2)";"Social Sciences"
189;21100840020;"Perspectives on Terrorism";journal;"23343745";"International Centre for Counter-Terrorism (ICCT)";Yes;Yes;0,577;Q2;27;21;111;3298;170;109;1,48;157,05;50,00;0;United States;Northern America;"International Centre for Counter-Terrorism (ICCT)";"2017-2025";"Law (Q1); Political Science and International Relations (Q2); Safety Research (Q2)";"Social Sciences"
190;21101152733;"Legality: Jurnal Ilmiah Hukum";journal;"08546509, 25494600";"University of Muhammadiyah Malang";No;No;0,576;Q2;13;30;65;1707;206;65;3,64;56,90;29,23;0;Indonesia;Asiatic Region;"University of Muhammadiyah Malang";"2019-2025";"Law (Q1); Religious Studies (Q1); Social Sciences (miscellaneous) (Q1); Political Science and International Relations (Q2)";"Arts and Humanities; Social Sciences"
191;21100940340;"Forest and Society";journal;"25494333, 25494724";"Hasanuddin University";Yes;No;0,571;Q2;25;33;87;2291;266;87;3,10;69,42;36,45;1;Indonesia;Asiatic Region;"Hasanuddin University";"2017-2025";"Cultural Studies (Q1); Forestry (Q1); Geography, Planning and Development (Q2); Nature and Landscape Conservation (Q2); Plant Science (Q2); Political Science and International Relations (Q2); Sociology and Political Science (Q2)";"Agricultural and Biological Sciences; Environmental Science; Social Sciences"
192;21100886532;"Economic and Political Studies";journal;"24704024, 20954816";"Routledge";No;No;0,569;Q2;22;23;81;1091;240;75;2,88;47,43;40,74;1;United Kingdom;Western Europe;"Routledge";"2013-2026";"Economics and Econometrics (Q2); Political Science and International Relations (Q2); Sociology and Political Science (Q2)";"Economics, Econometrics and Finance; Social Sciences"
193;5800170866;"Irish Political Studies";journal;"07907184, 17439078";"Routledge";No;No;0,566;Q2;31;30;67;1537;101;61;0,72;51,23;50,00;1;United Kingdom;Western Europe;"Routledge";"1986-2025";"Political Science and International Relations (Q2); Sociology and Political Science (Q2)";"Social Sciences"
194;5800169167;"Journal of East Asian Studies";journal;"22346643, 15982408";"Cambridge University Press";Yes;No;0,563;Q2;34;17;63;1236;140;63;2,18;72,71;32,26;0;United Kingdom;Western Europe;"Cambridge University Press";"2002, 2008-2026";"Development (Q2); Economics and Econometrics (Q2); Political Science and International Relations (Q2); Sociology and Political Science (Q2)";"Economics, Econometrics and Finance; Social Sciences"
195;19096;"Journal of North African Studies";journal;"17439345, 13629387";"Routledge";No;No;0,562;Q2;35;64;157;3867;194;136;1,10;60,42;49,32;3;United Kingdom;Western Europe;"Routledge";"1996-2026";"Development (Q2); Geography, Planning and Development (Q2); Political Science and International Relations (Q2)";"Social Sciences"
196;5700164101;"French Politics";journal;"14763427, 14763419";"Palgrave Macmillan Ltd.";No;No;0,558;Q2;20;32;92;1954;110;65;1,02;61,06;38,64;0;United Kingdom;Western Europe;"Palgrave Macmillan Ltd.";"2005, 2009-2026";"Political Science and International Relations (Q2); Sociology and Political Science (Q2)";"Social Sciences"
197;5600156543;"Netherlands Quarterly of Human Rights";journal;"01693441";"Stichting Studie- en Informatiecentrum Mensenrechten";Yes;No;0,558;Q2;29;14;57;1186;92;48;1,38;84,71;71,43;0;Netherlands;Western Europe;"Stichting Studie- en Informatiecentrum Mensenrechten";"1999, 2006-2025";"Law (Q1); Political Science and International Relations (Q2); Sociology and Political Science (Q2)";"Social Sciences"
198;16405;"East Asia";journal;"18746284, 10966838";"Springer Netherlands";No;No;0,557;Q2;27;37;63;2612;149;63;2,15;70,59;17,31;1;Netherlands;Western Europe;"Springer Netherlands";"1996-2026";"Development (Q2); Geography, Planning and Development (Q2); Political Science and International Relations (Q2)";"Social Sciences"
199;12793;"Peace and Conflict";journal;"10781919, 15327949";"American Psychological Association";No;No;0,552;Q2;48;36;161;2031;269;161;1,47;56,42;61,32;0;United States;Northern America;"American Psychological Association";"2002-2025";"Political Science and International Relations (Q2)";"Social Sciences"
200;21100899438;"Communication Research and Practice";journal;"22063374";"Taylor and Francis Ltd.";No;No;0,551;Q2;23;45;94;2156;182;77;2,27;47,91;69,70;0;United Kingdom;Western Europe;"Taylor and Francis Ltd.";"2016, 2018-2025";"Communication (Q2); Computer Networks and Communications (Q2); Marketing (Q2); Political Science and International Relations (Q2); Human-Computer Interaction (Q3)";"Business, Management and Accounting; Computer Science; Social Sciences"
201;5800169383;"Asian Security";journal;"15552764, 14799855";"Routledge";No;No;0,548;Q2;27;16;43;931;64;42;1,35;58,19;38,10;3;United Kingdom;Western Europe;"Routledge";"2010-2026";"Political Science and International Relations (Q2); Safety Research (Q2)";"Social Sciences"
202;28336;"Ocean Development and International Law";journal;"00908320, 15210642";"Taylor and Francis Ltd.";No;No;0,548;Q2;41;30;78;1040;144;78;1,56;34,67;40,00;1;United Kingdom;Western Europe;"Taylor and Francis Ltd.";"1973-2026";"Law (Q1); Development (Q2); Management, Monitoring, Policy and Law (Q2); Political Science and International Relations (Q2)";"Environmental Science; Social Sciences"
203;21101215063;"Asia and the Global Economy";journal;"26671115";"Elsevier B.V.";Yes;No;0,540;Q2;11;22;64;1043;193;62;2,88;47,41;36,00;0;Netherlands;Western Europe;"Elsevier B.V.";"2021-2025";"Economics, Econometrics and Finance (miscellaneous) (Q2); Political Science and International Relations (Q2)";"Economics, Econometrics and Finance; Social Sciences"
204;21101179113;"Jurnal Media Hukum";journal;"25031023, 08548919";"Faculty of Law, Universitas Muhammadiyah Yogyakarta";Yes;No;0,540;Q2;9;20;40;882;123;40;3,30;44,10;37,29;0;Indonesia;Asiatic Region;"Faculty of Law, Universitas Muhammadiyah Yogyakarta";"2019-2025";"Law (Q1); Political Science and International Relations (Q2); Social Sciences (miscellaneous) (Q2)";"Social Sciences"
205;21100805796;"Insight on Africa";journal;"09763465, 09750878";"SAGE Publications Inc.";No;No;0,539;Q2;16;18;34;972;99;34;2,91;54,00;29,17;1;United Kingdom;Western Europe;"SAGE Publications Inc.";"2009-2010, 2012, 2014-2026";"History (Q1); Development (Q2); Political Science and International Relations (Q2)";"Arts and Humanities; Social Sciences"
206;21101039079;"Central European Management Journal";journal;"26580845, 26582430";"Emerald Publishing";Yes;Yes;0,536;Q2;18;66;90;4783;345;90;4,69;72,47;52,74;0;Poland;Eastern Europe;"Emerald Publishing";"2020-2026";"Business, Management and Accounting (miscellaneous) (Q2); Political Science and International Relations (Q2); Sociology and Political Science (Q2); Social Psychology (Q3)";"Business, Management and Accounting; Psychology; Social Sciences"
207;21101185683;"Journal of Race Ethnicity and the City";journal;"26884674, 26884682";"Routledge";No;No;0,535;Q2;10;15;29;1154;52;25;1,56;76,93;59,09;0;United States;Northern America;"Routledge";"2020-2026";"Anthropology (Q1); Geography, Planning and Development (Q2); Political Science and International Relations (Q2); Public Administration (Q2); Sociology and Political Science (Q2); Urban Studies (Q2)";"Social Sciences"
208;21101390133;"Asian Review of Political Economy";journal;"27315835";"Springer Nature";No;No;0,534;Q2;5;24;22;1605;68;21;3,09;66,88;31,58;0;China;Asiatic Region;"Springer Nature";"2024-2026";"Business and International Management (Q2); Development (Q2); Economics, Econometrics and Finance (miscellaneous) (Q2); Geography, Planning and Development (Q2); Political Science and International Relations (Q2)";"Business, Management and Accounting; Economics, Econometrics and Finance; Social Sciences"
209;21100805792;"Studies in Indian Politics";journal;"23210230, 23217472";"SAGE Publications Inc.";No;No;0,534;Q2;15;22;76;1028;94;59;0,71;46,73;39,13;1;United Kingdom;Western Europe;"SAGE Publications Inc.";"2014-2025";"Political Science and International Relations (Q2); Sociology and Political Science (Q2)";"Social Sciences"
210;21101186201;"Quaderni dell'Osservatorio Elettorale";journal;"27244679, 03926753";"Firenze University Press";Yes;Yes;0,526;Q2;7;15;24;694;42;22;1,80;46,27;32,35;0;Italy;Western Europe;"Firenze University Press";"2019-2025";"Political Science and International Relations (Q2); Sociology and Political Science (Q2)";"Social Sciences"
211;14600154704;"Pacific Focus";journal;"12254657, 19765118";"Wiley-Blackwell";No;No;0,525;Q2;18;22;60;1365;68;59;1,25;62,05;34,62;0;United States;Northern America;"Wiley-Blackwell";"1986-2026";"Political Science and International Relations (Q2); Sociology and Political Science (Q2)";"Social Sciences"
212;26842;"Journal of World Trade";journal;"22102795, 10116702";"Kluwer Law International";No;No;0,524;Q2;40;43;125;2397;189;124;1,34;55,74;34,62;3;Netherlands;Western Europe;"Kluwer Law International";"1989, 1996-2026";"Law (Q1); Economics and Econometrics (Q2); Political Science and International Relations (Q2)";"Economics, Econometrics and Finance; Social Sciences"
213;6000177137;"New Perspectives";journal;"23368268, 2336825X";"Institute of International Relations";No;No;0,520;Q2;18;23;77;1183;113;59;1,72;51,43;28,13;0;Czech Republic;Eastern Europe;"Institute of International Relations";"2015-2026";"Political Science and International Relations (Q2)";"Social Sciences"
214;21101146405;"Journal of Human Rights, Culture and Legal System";journal;"28072812, 28072979";"Lembaga Contrarius Indonesia";Yes;No;0,519;Q2;17;35;79;2661;302;79;4,13;76,03;20,29;1;Indonesia;Asiatic Region;"Lembaga Contrarius Indonesia";"2021-2026";"Law (Q1); Environmental Science (miscellaneous) (Q2); Political Science and International Relations (Q2); Public Administration (Q2)";"Environmental Science; Social Sciences"
215;19900192514;"Dynamics of Asymmetric Conflict: Pathways toward Terrorism and Genocide";journal;"17467594, 17467586";"Routledge";No;No;0,512;Q2;21;19;41;1226;74;36;1,41;64,53;35,00;0;United Kingdom;Western Europe;"Routledge";"2010-2025";"Cultural Studies (Q1); Law (Q1); Political Science and International Relations (Q2); Sociology and Political Science (Q2); Social Psychology (Q3)";"Psychology; Social Sciences"
216;5600155013;"Intelligence and National Security";journal;"17439019, 02684527";"Routledge";No;No;0,512;Q2;38;80;195;4779;245;191;1,26;59,74;30,86;4;United Kingdom;Western Europe;"Routledge";"1986-2026";"History (Q1); Political Science and International Relations (Q2)";"Arts and Humanities; Social Sciences"
217;26917;"Nationalism and Ethnic Politics";journal;"15572986, 13537113";"Routledge";No;No;0,511;Q2;36;40;78;3173;134;74;2,04;79,33;30,30;3;United Kingdom;Western Europe;"Routledge";"1995-2026";"Geography, Planning and Development (Q2); Political Science and International Relations (Q2)";"Social Sciences"
218;12100157009;"Politics and Policy";journal;"17471346, 15555623";"John Wiley and Sons Inc";No;No;0,508;Q2;39;108;184;7911;417;167;2,28;73,25;34,73;4;United States;Northern America;"John Wiley and Sons Inc";"2001-2026";"Political Science and International Relations (Q2); Sociology and Political Science (Q2)";"Social Sciences"
219;5700163232;"Contemporary Political Theory";journal;"14708914, 14769336";"Palgrave Macmillan Ltd.";No;No;0,507;Q2;24;31;72;1614;137;64;1,57;52,06;45,07;1;United Kingdom;Western Europe;"Palgrave Macmillan Ltd.";"2009-2026";"Political Science and International Relations (Q2); Sociology and Political Science (Q2)";"Social Sciences"
220;12100157240;"Journal of Public Affairs";journal;"14791854, 14723891";"Wiley-Blackwell";No;No;0,503;Q2;54;90;548;6380;1793;544;2,49;70,89;31,61;0;United States;Northern America;"Wiley-Blackwell";"2001, 2008-2026";"Political Science and International Relations (Q2); Public Administration (Q2)";"Social Sciences"
221;12100156090;"British Politics";journal;"1746918X, 17469198";"Palgrave Macmillan Ltd.";No;No;0,500;Q2;37;37;84;2286;152;84;1,82;61,78;32,20;5;United Kingdom;Western Europe;"Palgrave Macmillan Ltd.";"2006-2026";"History (Q1); Political Science and International Relations (Q2); Sociology and Political Science (Q2)";"Arts and Humanities; Social Sciences"
222;20841;"Health and Human Rights";journal;"10790969, 21504113";"Harvard School of Public Health";Yes;No;0,499;Q2;49;59;119;494;226;85;1,48;8,37;66,98;0;United States;Northern America;"Harvard School of Public Health";"1994-2001, 2003-2004, 2006, 2008-2025";"Health (social science) (Q2); Political Science and International Relations (Q2); Sociology and Political Science (Q2)";"Social Sciences"
223;21100773741;"Journal of Policing, Intelligence and Counter Terrorism";journal;"18335330, 21595364";"Taylor and Francis Ltd.";No;No;0,499;Q2;19;35;76;1957;146;65;1,81;55,91;35,42;2;United Kingdom;Western Europe;"Taylor and Francis Ltd.";"2006-2013, 2016-2026";"Law (Q1); Political Science and International Relations (Q2)";"Social Sciences"
224;5700163885;"Southeast European and Black Sea Studies";journal;"17439639, 14683857";"Routledge";No;No;0,498;Q2;34;82;147;5759;292;145;2,10;70,23;46,22;3;United Kingdom;Western Europe;"Routledge";"2008-2026";"History (Q1); Political Science and International Relations (Q2)";"Arts and Humanities; Social Sciences"
225;21100915696;"State and Local Government Review";journal;"19433409, 0160323X";"SAGE Publications Inc.";No;No;0,498;Q2;14;33;73;1445;114;69;1,28;43,79;39,13;0;United States;Northern America;"SAGE Publications Inc.";"2012, 2018-2026";"Political Science and International Relations (Q2); Public Administration (Q2)";"Social Sciences"
226;5600155969;"Civil Wars";journal;"13698249, 1743968X";"Routledge";No;No;0,497;Q2;30;41;98;2827;124;81;1,26;68,95;59,65;3;United States;Northern America;"Routledge";"2001-2002, 2010-2026";"History (Q1); Political Science and International Relations (Q2)";"Arts and Humanities; Social Sciences"
227;12600154765;"Japanese Journal of Political Science";journal;"14681099, 14740060";"Cambridge University Press";Yes;No;0,497;Q2;28;18;63;1392;112;63;1,93;77,33;33,33;0;United Kingdom;Western Europe;"Cambridge University Press";"2000-2026";"Political Science and International Relations (Q2); Sociology and Political Science (Q2)";"Social Sciences"
228;5700163096;"International Negotiation";journal;"1382340X, 15718069";"Brill Academic Publishers";No;No;0,496;Q2;27;35;49;2300;73;49;1,21;65,71;43,86;2;Netherlands;Western Europe;"Brill Academic Publishers";"1999, 2002, 2007-2026";"Political Science and International Relations (Q2); Sociology and Political Science (Q2)";"Social Sciences"
229;15060;"Africa Spectrum";journal;"18686869, 00020397";"SAGE Publications Inc.";Yes;Yes;0,494;Q2;34;33;51;1873;132;49;2,26;56,76;23,21;1;Germany;Western Europe;"SAGE Publications Inc.";"1983-1984, 2006-2026";"Cultural Studies (Q1); Development (Q2); Political Science and International Relations (Q2); Sociology and Political Science (Q2)";"Social Sciences"
230;19900191760;"Journal of Peace Education";journal;"17400201, 1740021X";"Routledge";No;No;0,492;Q2;24;28;52;1591;88;48;1,33;56,82;69,05;0;United Kingdom;Western Europe;"Routledge";"2010-2026";"Education (Q2); Political Science and International Relations (Q2); Sociology and Political Science (Q2)";"Social Sciences"
231;5800169272;"International Journal of Intelligence and CounterIntelligence";journal;"15210561, 08850607";"Routledge";No;No;0,489;Q2;27;81;150;4258;174;137;1,21;52,57;22,64;3;United Kingdom;Western Europe;"Routledge";"1986, 1988-1991, 1993-2026";"Political Science and International Relations (Q2)";"Social Sciences"
232;21100780473;"International Journal of Development Issues";journal;"14468956, 17588553";"Emerald Group Publishing Ltd.";No;No;0,488;Q2;29;26;73;1507;210;72;2,82;57,96;44,19;0;United Kingdom;Western Europe;"Emerald Group Publishing Ltd.";"2003-2025";"Development (Q2); Economics and Econometrics (Q2); Political Science and International Relations (Q2)";"Economics, Econometrics and Finance; Social Sciences"
233;21100225612;"Central European Journal of International and Security Studies";journal;"1802548X, 1805482X";"Metropolitni Univerzita Praha";Yes;Yes;0,480;Q2;11;18;53;1230;88;53;2,42;68,33;28,57;0;Czech Republic;Eastern Europe;"Metropolitni Univerzita Praha";"2012-2025";"Political Science and International Relations (Q2); Safety Research (Q2)";"Social Sciences"
234;21101045762;"Critical Studies on Security";journal;"21624909, 21624887";"Taylor and Francis Ltd.";No;No;0,478;Q2;30;62;86;3920;91;65;1,11;63,23;53,23;1;United Kingdom;Western Europe;"Taylor and Francis Ltd.";"2013-2025";"Political Science and International Relations (Q2)";"Social Sciences"
235;22754;"Journal of the Asia Pacific Economy";journal;"13547860, 14699648";"Routledge";No;No;0,478;Q2;45;138;206;8147;529;205;2,67;59,04;40,73;4;United Kingdom;Western Europe;"Routledge";"1996-2026";"Development (Q2); Geography, Planning and Development (Q2); Political Science and International Relations (Q2)";"Social Sciences"
236;5800169484;"Defence Studies";journal;"14702436, 17439698";"Routledge";No;No;0,475;Q2;23;56;114;3527;226;113;1,87;62,98;22,22;10;United Kingdom;Western Europe;"Routledge";"2010-2026";"History (Q1); Political Science and International Relations (Q2)";"Arts and Humanities; Social Sciences"
237;5700166680;"Revista de Estudios Politicos";journal;"00487694, 19890613";"Centro Estudios Politicos Constitucionales";No;No;0,475;Q2;15;44;109;2091;77;106;0,79;47,52;29,55;0;Spain;Western Europe;"Centro Estudios Politicos Constitucionales";"2008-2025";"Political Science and International Relations (Q2); Sociology and Political Science (Q2)";"Social Sciences"
238;24525;"Ethics and International Affairs";journal;"17477093, 08926794";"Cambridge University Press";No;No;0,473;Q2;63;16;94;1143;146;86;1,41;71,44;36,36;0;United States;Northern America;"Cambridge University Press";"1987-2026";"Philosophy (Q1); Political Science and International Relations (Q2)";"Arts and Humanities; Social Sciences"
239;21100274870;"Global Responsibility to Protect";journal;"1875984X, 18759858";"Brill Academic Publishers";No;No;0,471;Q2;20;19;51;1708;49;47;0,58;89,89;52,38;0;Netherlands;Western Europe;"Brill Academic Publishers";"2013-2026";"Political Science and International Relations (Q2)";"Social Sciences"
240;21101037141;"RUDN Journal of Russian History";journal;"23128674, 23128690";"RUDN University";Yes;Yes;0,470;Q2;6;48;132;1031;54;132;0,42;21,48;44,62;0;Russian Federation;Eastern Europe;"RUDN University";"2019-2025";"History (Q1); Political Science and International Relations (Q2); Sociology and Political Science (Q2)";"Arts and Humanities; Social Sciences"
241;4100151522;"Political Power and Social Theory";book series;"01988719";"Emerald Group Publishing Ltd.";No;No;0,469;Q2;23;16;31;408;12;9;0,24;25,50;40,00;0;United Kingdom;Western Europe;"Emerald Group Publishing Ltd.";"2000, 2002-2003, 2005-2026";"Political Science and International Relations (Q2); Sociology and Political Science (Q2)";"Social Sciences"
242;21100797236;"All Azimuth";journal;"21467757";"Center for Foreign Policy and Peace Research, Ihsan Dogramaci Peace Foundation";No;No;0,459;Q2;12;15;36;1104;46;36;1,17;73,60;40,00;0;Turkey;Middle East;"Center for Foreign Policy and Peace Research, Ihsan Dogramaci Peace Foundation";"2012-2025";"Political Science and International Relations (Q2)";"Social Sciences"
243;22273;"Peace Economics, Peace Science and Public Policy";journal;"15548597, 10792457";"Walter de Gruyter GmbH";No;No;0,457;Q2;23;20;53;1010;122;49;2,24;50,50;31,71;0;Germany;Western Europe;"Walter de Gruyter GmbH";"1994-1996, 1999-2026";"Economics and Econometrics (Q2); Political Science and International Relations (Q2); Sociology and Political Science (Q2); Management, Monitoring, Policy and Law (Q3)";"Economics, Econometrics and Finance; Environmental Science; Social Sciences"
244;21101047935;"Hasanuddin Law Review";journal;"24429880, 24429899";"Faculty of Law, Universitas Hasanuddin";Yes;Yes;0,455;Q2;11;15;60;578;115;60;2,28;38,53;38,24;0;Indonesia;Asiatic Region;"Faculty of Law, Universitas Hasanuddin";"2017-2025";"Law (Q1); Political Science and International Relations (Q2); Sociology and Political Science (Q2)";"Social Sciences"
245;145648;"Refuge";journal;"19207336, 02295113";"York University Libraries";Yes;Yes;0,454;Q2;37;8;69;563;70;61;0,93;70,38;73,68;0;Canada;Northern America;"York University Libraries";"1996-2025";"Cultural Studies (Q1); Demography (Q2); Geography, Planning and Development (Q2); Political Science and International Relations (Q2); Sociology and Political Science (Q2)";"Social Sciences"
246;21100886534;"International Journal of Political Economy";journal;"15580970, 08911916";"Routledge";No;No;0,453;Q2;33;28;68;1636;93;64;1,30;58,43;16,22;1;United Kingdom;Western Europe;"Routledge";"1996-2004, 2006-2026";"Political Science and International Relations (Q2); Sociology and Political Science (Q2); Economics and Econometrics (Q3)";"Economics, Econometrics and Finance; Social Sciences"
247;25798;"International Journal of Politics, Culture and Society";journal;"15733416, 08914486";"Human Sciences Press";No;No;0,453;Q2;38;70;93;5186;173;84;1,87;74,09;40,00;1;United States;Northern America;"Human Sciences Press";"1987-2005, 2008-2026";"Political Science and International Relations (Q2); Sociology and Political Science (Q2)";"Social Sciences"
248;5800169165;"Conflict, Security and Development";journal;"14678802, 14781174";"Routledge";No;No;0,452;Q2;34;34;87;2787;154;84;1,70;81,97;41,18;0;United Kingdom;Western Europe;"Routledge";"2010-2026";"Political Science and International Relations (Q2); Sociology and Political Science (Q2)";"Social Sciences"
249;13518;"Contemporary South Asia";journal;"09584935, 1469364X";"Routledge";No;No;0,452;Q2;35;44;133;2229;178;114;1,13;50,66;52,73;0;United Kingdom;Western Europe;"Routledge";"1992-2006, 2008-2026";"Development (Q2); Geography, Planning and Development (Q2); Political Science and International Relations (Q2)";"Social Sciences"
250;145016;"Defense and Security Analysis";journal;"14751798, 14751801";"Routledge";No;No;0,450;Q2;20;49;87;3090;170;84;2,21;63,06;13,64;3;United Kingdom;Western Europe;"Routledge";"2003-2004, 2006-2026";"Geography, Planning and Development (Q2); Political Science and International Relations (Q2)";"Social Sciences"
251;19900191484;"China Perspectives";journal;"19964617, 20703449";"French Centre for Research on Contemporary China";No;No;0,441;Q2;33;31;94;1226;124;81;1,14;39,55;40,63;0;Hong Kong;Asiatic Region;"French Centre for Research on Contemporary China";"2007-2025";"Cultural Studies (Q1); Geography, Planning and Development (Q2); Political Science and International Relations (Q2)";"Social Sciences"
252;21100899525;"Peacebuilding";journal;"21647267, 21647259";"Taylor and Francis Ltd.";No;No;0,437;Q2;20;47;87;0;173;87;1,93;0,00;45,07;3;United Kingdom;Western Europe;"Taylor and Francis Ltd.";"2018-2026";"Development (Q2); Political Science and International Relations (Q2); Safety Research (Q2)";"Social Sciences"
253;15864;"Journal of Imperial and Commonwealth History";journal;"17439329, 03086534";"Routledge";No;No;0,436;Q2;38;106;125;7080;119;119;0,93;66,79;31,96;0;United Kingdom;Western Europe;"Routledge";"1972-2026";"History (Q1); Development (Q2); Political Science and International Relations (Q2)";"Arts and Humanities; Social Sciences"
254;19900191954;"Journal of the Indian Ocean Region";journal;"1948108X, 19480881";"Taylor and Francis Inc.";No;No;0,436;Q2;25;9;49;521;91;35;1,16;57,89;50,00;0;United States;Northern America;"Taylor and Francis Inc.";"2010-2026";"Political Science and International Relations (Q2); Sociology and Political Science (Q2); Management, Monitoring, Policy and Law (Q3); Oceanography (Q3); Water Science and Technology (Q3)";"Earth and Planetary Sciences; Environmental Science; Social Sciences"
255;21100820733;"International Organisations Research Journal";journal;"19967845, 25422081";"National Research University Higher School of Economics (HSE University)";Yes;No;0,428;Q2;17;21;110;1125;115;110;0,82;53,57;40,91;0;Russian Federation;Eastern Europe;"National Research University Higher School of Economics (HSE University)";"2015-2025";"Political Science and International Relations (Q2); Sociology and Political Science (Q2); Economics and Econometrics (Q3); Finance (Q3)";"Economics, Econometrics and Finance; Social Sciences"
256;21100814050;"Millennial Asia";journal;"23217081, 09763996";"SAGE Publications Inc.";No;No;0,427;Q2;18;72;115;3949;268;114;2,40;54,85;28,15;3;United Kingdom;Western Europe;"SAGE Publications Inc.";"2014-2026";"Cultural Studies (Q1); Development (Q2); Economics, Econometrics and Finance (miscellaneous) (Q2); Political Science and International Relations (Q2); Sociology and Political Science (Q2)";"Economics, Econometrics and Finance; Social Sciences"
257;21100936575;"Journal of Asian Security and International Affairs";journal;"23490039, 23477970";"SAGE Publications Inc.";No;No;0,425;Q2;14;22;63;1802;101;61;1,60;81,91;39,29;0;United Kingdom;Western Europe;"SAGE Publications Inc.";"2014-2026";"Political Science and International Relations (Q2)";"Social Sciences"
258;21100805729;"Asia Policy";journal;"15592960, 15590968";"National Bureau of Asian Research";No;No;0,423;Q2;18;55;193;1793;193;188;0,90;32,60;59,32;7;United States;Northern America;"National Bureau of Asian Research";"2009, 2016-2026";"History (Q1); Political Science and International Relations (Q2)";"Arts and Humanities; Social Sciences"
259;21100873079;"Asian Journal of Comparative Politics";journal;"20578911, 2057892X";"SAGE Publications Ltd";No;No;0,422;Q2;19;25;163;1594;334;163;1,93;63,76;20,59;0;United Kingdom;Western Europe;"SAGE Publications Ltd";"2016-2026";"Political Science and International Relations (Q2); Sociology and Political Science (Q2)";"Social Sciences"
260;16383;"Comparative Studies of South Asia, Africa and the Middle East";journal;"1548226X, 1089201X";"Duke University Press";No;No;0,421;Q2;41;59;142;2666;96;123;0,63;45,19;55,36;0;United States;Northern America;"Duke University Press";"1996-2025";"Development (Q2); Geography, Planning and Development (Q2); Political Science and International Relations (Q2)";"Social Sciences"
261;4400151405;"Uluslararasi Iliskiler";journal;"13047310";"International Relations Council of Turkey";No;No;0,409;Q2;13;25;80;1754;93;75;0,98;70,16;42,86;1;Turkey;Middle East;"International Relations Council of Turkey";"2005-2025";"Political Science and International Relations (Q2)";"Social Sciences"
262;18500168400;"Asian Affairs";journal;"03068374, 14771500";"Routledge";No;No;0,408;Q2;22;45;108;1789;123;93;0,84;39,76;22,64;1;United Kingdom;Western Europe;"Routledge";"1995-2026";"Geography, Planning and Development (Q2); Law (Q2); Political Science and International Relations (Q2); Economics and Econometrics (Q3)";"Economics, Econometrics and Finance; Social Sciences"
263;21101119536;"Chinese Public Administration Review";journal;"15396754, 25731483";"SAGE Publications Ltd";No;No;0,406;Q2;11;21;62;1401;102;60;1,62;66,71;44,12;0;United Kingdom;Western Europe;"SAGE Publications Ltd";"2002-2009, 2011, 2016-2026";"Political Science and International Relations (Q2); Public Administration (Q2)";"Social Sciences"
264;7200153129;"International Community Law Review";journal;"18719732, 18719740";"Martinus Nijhoff Publishers";No;No;0,401;Q2;21;31;78;3185;56;67;0,75;102,74;34,29;1;Netherlands;Western Europe;"Martinus Nijhoff Publishers";"2006-2026";"Law (Q2); Political Science and International Relations (Q2)";"Social Sciences"
265;21100889414;"Qudus International Journal of Islamic Studies";journal;"24769304, 23551895";"STAIN Kudus";Yes;No;0,401;Q2;16;4;39;229;85;39;1,87;57,25;57,14;0;Indonesia;Asiatic Region;"STAIN Kudus";"2018-2025";"Cultural Studies (Q1); History (Q1); Religious Studies (Q1); Political Science and International Relations (Q2)";"Arts and Humanities; Social Sciences"
266;5800169464;"Nonproliferation Review";journal;"10736700, 17461766";"Routledge";No;No;0,400;Q2;32;16;64;536;45;47;0,43;33,50;13,33;0;United Kingdom;Western Europe;"Routledge";"1993-2020, 2022-2026";"Political Science and International Relations (Q2)";"Social Sciences"
267;21100996939;"Revista Cientifica General Jose Maria Cordova";journal;"19006586, 25007645";"Escuela Militar de Cadetes";Yes;Yes;0,400;Q2;10;45;164;2113;158;150;0,80;46,96;24,36;0;Colombia;Latin America;"Escuela Militar de Cadetes";"2011-2013, 2015-2026";"Law (Q2); Political Science and International Relations (Q2); Public Administration (Q2); Safety Research (Q2); Safety, Risk, Reliability and Quality (Q2); Social Sciences (miscellaneous) (Q2); Sociology and Political Science (Q2)";"Engineering; Social Sciences"
268;15693;"Journal of Modern Italian Studies";journal;"14699583, 1354571X";"Taylor and Francis Ltd.";No;No;0,396;Q2;32;42;102;2242;115;93;0,63;53,38;37,21;0;United Kingdom;Western Europe;"Taylor and Francis Ltd.";"1995-2026";"Cultural Studies (Q1); History (Q1); Political Science and International Relations (Q2); Sociology and Political Science (Q2)";"Arts and Humanities; Social Sciences"
269;21100912224;"Journal of World-Systems Research";journal;"1076156X";"University Library System, University of Pittsburgh";Yes;Yes;0,396;Q2;12;25;87;2087;80;65;0,79;83,48;7,41;1;United States;Northern America;"University Library System, University of Pittsburgh";"1995-1997, 1999-2000, 2002-2004, 2006-2008, 2012, 2015-2017, 2019-2025";"Political Science and International Relations (Q2); Sociology and Political Science (Q2)";"Social Sciences"
270;17900156739;"Journal of Eastern African Studies";journal;"17531055, 17531063";"Routledge";No;No;0,393;Q2;44;36;96;1692;133;92;1,14;47,00;36,17;0;United Kingdom;Western Europe;"Routledge";"2009-2026";"Anthropology (Q1); Cultural Studies (Q1); History (Q1); Political Science and International Relations (Q2); Sociology and Political Science (Q2)";"Arts and Humanities; Social Sciences"
271;21100829274;"Journal of International Studies";journal;"20718330, 23063483";"Centre of Sociological Research";Yes;Yes;0,393;Q2;39;59;179;3455;543;178;3,52;58,56;54,07;0;Poland;Eastern Europe;"Centre of Sociological Research";"2008-2025";"Political Science and International Relations (Q2); Social Sciences (miscellaneous) (Q2); Sociology and Political Science (Q2); Business and International Management (Q3); Economics and Econometrics (Q3)";"Business, Management and Accounting; Economics, Econometrics and Finance; Social Sciences"
272;5700162393;"India Review";journal;"14736489, 15573036";"Routledge";No;No;0,391;Q2;19;26;82;1919;77;79;1,00;73,81;25,93;0;United Kingdom;Western Europe;"Routledge";"2010-2025";"Political Science and International Relations (Q2); Sociology and Political Science (Q2)";"Social Sciences"
273;21101021225;"Anti-Trafficking Review";journal;"22867511, 22870113";"Global Alliance Against Traffic in Women";Yes;Yes;0,389;Q2;16;21;62;842;92;51;0,92;40,10;88,89;1;Thailand;Asiatic Region;"Global Alliance Against Traffic in Women";"2019-2025";"Law (Q2); Political Science and International Relations (Q2)";"Social Sciences"
274;21101060456;"China International Strategy Review";journal;"25245635, 25245627";"Springer";No;No;0,389;Q2;14;18;57;875;98;57;1,46;48,61;18,18;0;Singapore;Asiatic Region;"Springer";"2019-2025";"Political Science and International Relations (Q2); Social Sciences (miscellaneous) (Q2)";"Social Sciences"
275;27733;"Latin American Research Review";journal;"00238791, 15424278";"Cambridge University Press";Yes;Yes;0,387;Q2;62;76;143;4409;181;140;1,13;58,01;42,15;0;United States;Northern America;"Cambridge University Press";"1965-2026";"Anthropology (Q1); Arts and Humanities (miscellaneous) (Q1); Cultural Studies (Q1); History (Q1); Literature and Literary Theory (Q1); Development (Q2); Economics, Econometrics and Finance (miscellaneous) (Q2); Geography, Planning and Development (Q2); Multidisciplinary (Q2); Political Science and International Relations (Q2); Sociology and Political Science (Q2)";"Arts and Humanities; Economics, Econometrics and Finance; Multidisciplinary; Social Sciences"
276;13924;"Studies in Political Economy";journal;"07078552, 19187033";"Taylor and Francis Ltd.";No;No;0,387;Q2;27;28;49;1268;58;47;1,19;45,29;32,35;0;United Kingdom;Western Europe;"Taylor and Francis Ltd.";"2004-2025";"Political Science and International Relations (Q2); Economics and Econometrics (Q3)";"Economics, Econometrics and Finance; Social Sciences"
277;21100782417;"Global Discourse";journal;"23269995, 20437897";"Bristol University Press";No;No;0,383;Q2;26;25;128;1185;181;65;0,63;47,40;11,76;0;United Kingdom;Western Europe;"Bristol University Press";"2010-2011, 2013-2026";"Political Science and International Relations (Q2); Sociology and Political Science (Q2)";"Social Sciences"
278;21530;"Space and Polity";journal;"14701235, 13562576";"Routledge";No;No;0,382;Q2;49;19;55;965;104;52;1,95;50,79;23,33;0;United Kingdom;Western Europe;"Routledge";"1997-2026";"Geography, Planning and Development (Q2); Political Science and International Relations (Q2)";"Social Sciences"
279;19200156956;"Asian Economic Papers";journal;"15360083, 15353516";"MIT Press";No;No;0,380;Q2;25;13;74;192;76;67;0,66;14,77;30,00;2;United States;Northern America;"MIT Press";"2008-2025";"Political Science and International Relations (Q2); Economics and Econometrics (Q3); Finance (Q3)";"Economics, Econometrics and Finance; Social Sciences"
280;11600153671;"Democracy and Security";journal;"15555860, 17419166";"Taylor and Francis Ltd.";No;No;0,380;Q2;19;34;52;1938;94;51;2,25;57,00;21,15;0;United Kingdom;Western Europe;"Taylor and Francis Ltd.";"2010-2026";"Political Science and International Relations (Q2); Safety Research (Q2); Sociology and Political Science (Q2)";"Social Sciences"
281;5600153391;"Historical Materialism";journal;"14654466, 1569206X";"Brill Academic Publishers";No;No;0,378;Q2;42;29;115;1945;122;113;1,17;67,07;21,88;0;Netherlands;Western Europe;"Brill Academic Publishers";"1997-1998, 2002-2025";"History (Q1); Economics, Econometrics and Finance (miscellaneous) (Q2); Political Science and International Relations (Q2); Social Sciences (miscellaneous) (Q2); Sociology and Political Science (Q2)";"Arts and Humanities; Economics, Econometrics and Finance; Social Sciences"
282;17400154818;"ERA Forum";journal;"16123093, 18639038";"Springer Verlag";No;No;0,375;Q2;19;42;118;732;195;106;1,38;17,43;45,00;1;Germany;Western Europe;"Springer Verlag";"2009-2026";"Law (Q2); Political Science and International Relations (Q2)";"Social Sciences"
283;21101051704;"Central Asian Affairs";journal;"22142290, 22142282";"Brill Academic Publishers";No;No;0,374;Q2;14;11;46;698;61;45;0,78;63,45;58,33;0;Netherlands;Western Europe;"Brill Academic Publishers";"2014-2025";"Political Science and International Relations (Q2); Social Sciences (miscellaneous) (Q2); Sociology and Political Science (Q2)";"Social Sciences"
284;21101041900;"Journal of International Studies (Malaysia)";journal;"2289666X, 1823691X";"Universiti Utara Malaysia Press";Yes;No;0,373;Q2;8;11;50;803;82;50;1,75;73,00;38,10;0;Malaysia;Asiatic Region;"Universiti Utara Malaysia Press";"2019-2025";"Political Science and International Relations (Q2); Business and International Management (Q3); Strategy and Management (Q3)";"Business, Management and Accounting; Social Sciences"
285;21101032131;"Journal for Peace and Nuclear Disarmament";journal;"25751654";"Taylor and Francis Ltd.";Yes;Yes;0,372;Q2;14;29;103;1348;104;79;0,97;46,48;36,00;1;United Kingdom;Western Europe;"Taylor and Francis Ltd.";"2018-2025";"Political Science and International Relations (Q2)";"Social Sciences"
286;21100846340;"Journal of Comparative Politics";journal;"13381385";"University of Ljubljana";Yes;No;0,372;Q2;9;14;37;867;47;35;1,00;61,93;30,00;0;Slovenia;Eastern Europe;"University of Ljubljana";"2017-2025";"Political Science and International Relations (Q2); Sociology and Political Science (Q2)";"Social Sciences"
287;5700168238;"Politologicky Casopis";journal;"12113247, 18059503";"Masaryk University";No;No;0,372;Q2;15;11;36;875;46;36;1,14;79,55;15,00;0;Czech Republic;Eastern Europe;"Masaryk University";"2015-2025";"Political Science and International Relations (Q2); Sociology and Political Science (Q2)";"Social Sciences"
288;27665;"Journal of Contemporary African Studies";journal;"14699397, 02589001";"Routledge";No;No;0,370;Q2;44;34;106;1736;149;98;1,17;51,06;32,61;0;United Kingdom;Western Europe;"Routledge";"1981-1984, 1986-2025";"Geography, Planning and Development (Q2); Political Science and International Relations (Q2); Development (Q3)";"Social Sciences"
289;21100940688;"Journal of Regional Security";journal;"2217995X, 24060364";"Belgrade Centre for Security Policy";Yes;Yes;0,368;Q2;10;14;36;932;39;34;1,32;66,57;51,85;0;Serbia;Eastern Europe;"Belgrade Centre for Security Policy";"2012-2025";"Political Science and International Relations (Q2); Safety Research (Q2)";"Social Sciences"
290;19700194007;"African Security Review";journal;"21540128, 10246029";"Taylor and Francis Ltd.";No;No;0,367;Q2;22;34;89;1955;136;83;1,58;57,50;24,49;1;United Kingdom;Western Europe;"Taylor and Francis Ltd.";"1995, 2010-2026";"Law (Q2); Political Science and International Relations (Q2); Safety Research (Q2)";"Social Sciences"
291;21100228051;"Journal of Contemporary European Research";journal;"1815347X";"University Association for Contemporary European Studies";Yes;Yes;0,365;Q2;26;0;31;0;51;31;1,86;0,00;0,00;0;United Kingdom;Western Europe;"University Association for Contemporary European Studies";"2010-2023";"Political Science and International Relations (Q2)";"Social Sciences"
292;5700168058;"European Journal of Crime, Criminal Law and Criminal Justice";journal;"15718174, 09289569";"Martinus Nijhoff Publishers";No;No;0,358;Q2;23;18;47;1356;64;37;1,19;75,33;65,38;0;Netherlands;Western Europe;"Martinus Nijhoff Publishers";"1993-2000, 2002-2026";"Law (Q2); Political Science and International Relations (Q2); Sociology and Political Science (Q2)";"Social Sciences"
293;21100779065;"Canadian Foreign Policy Journal";journal;"21570817, 11926422";"Taylor and Francis Ltd.";No;No;0,356;Q2;16;18;83;1226;79;63;0,95;68,11;48,28;0;United Kingdom;Western Europe;"Taylor and Francis Ltd.";"2004, 2014-2026";"Political Science and International Relations (Q2)";"Social Sciences"
294;21101122746;"Journal of Labor and Society";journal;"24714607";"Brill Academic Publishers";No;No;0,355;Q2;16;28;74;1857;67;71;0,67;66,32;12,20;0;Netherlands;Western Europe;"Brill Academic Publishers";"2017-2026";"Cultural Studies (Q1); History (Q1); Political Science and International Relations (Q2); Social Sciences (miscellaneous) (Q2); Sociology and Political Science (Q2); Economics and Econometrics (Q3)";"Arts and Humanities; Economics, Econometrics and Finance; Social Sciences"
295;21101097254;"Lex Scientia Law Review";journal;"25989685, 25989677";"Universitas Negeri Semarang";Yes;No;0,353;Q2;12;29;81;1752;154;79;1,92;60,41;39,29;0;Indonesia;Asiatic Region;"Universitas Negeri Semarang";"2017-2025";"Law (Q2); Political Science and International Relations (Q2); Public Administration (Q2); Sociology and Political Science (Q2)";"Social Sciences"
296;21101185418;"Jurnal IUS Kajian Hukum dan Keadilan";journal;"23033827, 2477815X";"Mataram University Faculty of Law";Yes;No;0,351;Q2;7;41;132;1950;202;132;1,89;47,56;42,05;0;Indonesia;Asiatic Region;"Mataram University Faculty of Law";"2019-2025";"Law (Q2); Political Science and International Relations (Q2); Public Administration (Q2); Sociology and Political Science (Q2)";"Social Sciences"
297;21101181970;"Yustisia";journal;"08520941, 25490907";"Sebelas Maret University Faculty of Law";Yes;No;0,348;Q2;4;18;50;927;71;50;1,40;51,50;40,74;0;Indonesia;Asiatic Region;"Sebelas Maret University Faculty of Law";"2022-2025";"Law (Q2); Political Science and International Relations (Q2); Social Sciences (miscellaneous) (Q2); Health (social science) (Q3); Management, Monitoring, Policy and Law (Q3)";"Environmental Science; Social Sciences"
298;19900191564;"Journal of International Peacekeeping";journal;"18754104, 18754112";"Brill Academic Publishers";No;No;0,345;Q2;15;38;60;2278;53;57;0,91;59,95;26,23;0;Netherlands;Western Europe;"Brill Academic Publishers";"1994-1998, 2000-2001, 2004-2025";"Law (Q2); Political Science and International Relations (Q2); Infectious Diseases (Q3); Pharmacology (Q3); Pharmacology (medical) (Q3); Virology (Q3)";"Immunology and Microbiology; Medicine; Pharmacology, Toxicology and Pharmaceutics; Social Sciences"
299;25158;"Global Governance";journal;"10752846, 19426720";"Brill Academic Publishers";No;No;0,343;Q2;76;20;83;1167;84;80;1,13;58,35;30,77;1;United States;Northern America;"Brill Academic Publishers";"1996-2025";"Political Science and International Relations (Q2); Sociology and Political Science (Q2); Environmental Science (miscellaneous) (Q3); Safety Research (Q3)";"Environmental Science; Social Sciences"
300;14000155892;"Insight Turkey";journal;"25647717, 1302177X";"SETA Foundation";Yes;No;0,342;Q2;32;66;163;2746;113;124;0,72;41,61;15,00;0;Turkey;Middle East;"SETA Foundation";"2009-2025";"Political Science and International Relations (Q2); Sociology and Political Science (Q2)";"Social Sciences"
301;21101185482;"World Regional Studies";journal;"10049479";"";No;No;0,342;Q2;16;122;447;5127;489;447;1,09;42,02;45,85;0;China;Asiatic Region;"";"2019-2025";"Geography, Planning and Development (Q2); Political Science and International Relations (Q2); Urban Studies (Q2); Earth-Surface Processes (Q3)";"Earth and Planetary Sciences; Social Sciences"
302;21101185499;"International Review of Public Policy";journal;"26793873, 27066274";"International Public Policy Association";Yes;Yes;0,340;Q2;15;17;54;1032;93;48;1,51;60,71;34,62;0;France;Western Europe;"International Public Policy Association";"2019-2025";"Political Science and International Relations (Q2); Sociology and Political Science (Q2)";"Social Sciences"
303;145058;"Journal of Peacebuilding and Development";journal;"21657440, 15423166";"SAGE Publications Inc.";No;No;0,339;Q2;20;50;73;2199;122;62;1,37;43,98;44,44;1;United Kingdom;Western Europe;"SAGE Publications Inc.";"2004-2010, 2013-2026";"Political Science and International Relations (Q2); Safety Research (Q3)";"Social Sciences"
304;5800171939;"RUSI Journal";journal;"17440378, 03071847";"Routledge";No;No;0,338;Q2;30;52;161;1210;126;128;0,73;23,27;20,69;4;United Kingdom;Western Europe;"Routledge";"1972-2026";"Political Science and International Relations (Q2)";"Social Sciences"
305;74283;"Asian Perspective";journal;"02589184";"Johns Hopkins University Press";No;No;0,337;Q2;31;29;91;1986;111;91;1,27;68,48;20,00;0;United States;Northern America;"Johns Hopkins University Press";"1974, 2005-2025";"Political Science and International Relations (Q2); Sociology and Political Science (Q2); Life-span and Life-course Studies (Q3)";"Social Sciences"
306;21101149930;"Bialostockie Studia Prawnicze";journal;"16897404, 27199452";"Sciendo";Yes;Yes;0,337;Q2;5;60;124;2815;94;124;0,76;46,92;49,49;0;Poland;Eastern Europe;"Sciendo";"2023-2025";"Law (Q2); Political Science and International Relations (Q2); Social Sciences (miscellaneous) (Q2); Public Administration (Q3)";"Social Sciences"
307;21100845633;"Journal of Southeast Asian Economies";journal;"23395095, 23395206";"ISEAS - Yusof Ishak Institute";No;No;0,335;Q2;15;15;51;796;79;49;1,91;53,07;32,14;0;Singapore;Asiatic Region;"ISEAS - Yusof Ishak Institute";"2017-2025";"Political Science and International Relations (Q2); Economics and Econometrics (Q3); Finance (Q3)";"Economics, Econometrics and Finance; Social Sciences"
308;21100814520;"Latin American Policy";journal;"20417373, 20417365";"John Wiley and Sons Ltd";No;No;0,335;Q2;14;34;111;1878;128;95;1,14;55,24;26,42;0;United Kingdom;Western Europe;"John Wiley and Sons Ltd";"2010-2026";"Political Science and International Relations (Q2); Sociology and Political Science (Q2)";"Social Sciences"
309;21101074578;"Populism";journal;"25888072, 25888064";"Brill Academic Publishers";No;No;0,335;Q2;11;20;28;1456;37;27;1,67;72,80;46,43;0;Netherlands;Western Europe;"Brill Academic Publishers";"2018-2025";"Political Science and International Relations (Q2); Sociology and Political Science (Q2)";"Social Sciences"
310;21101158599;"Society Register";journal;"25445502";"Uniwersytet im. Adama Mickiewicza w Poznaniu";Yes;Yes;0,335;Q2;8;14;32;764;70;32;2,19;54,57;50,00;1;Poland;Eastern Europe;"Uniwersytet im. Adama Mickiewicza w Poznaniu";"2023-2025";"Cultural Studies (Q1); Gender Studies (Q2); Political Science and International Relations (Q2); Sociology and Political Science (Q2)";"Social Sciences"
311;5800170538;"Journal of the History of International Law";journal;"1388199X, 15718050";"Martinus Nijhoff Publishers";No;No;0,329;Q2;18;16;51;1350;32;49;0,54;84,38;25,00;0;Netherlands;Western Europe;"Martinus Nijhoff Publishers";"2007-2026";"History (Q1); Law (Q2); Political Science and International Relations (Q2)";"Arts and Humanities; Social Sciences"
312;15517;"Maastricht Journal of European and Comparative Law";journal;"1023263X, 23995548";"SAGE Publications Ltd";No;No;0,329;Q2;31;43;131;2961;162;110;1,24;68,86;50,00;0;United Kingdom;Western Europe;"SAGE Publications Ltd";"1994-2026";"Law (Q2); Political Science and International Relations (Q2)";"Social Sciences"
313;21101190201;"TalTech Journal of European Studies";journal;"26744619, 26744600";"Sciendo";Yes;Yes;0,329;Q2;15;40;62;1850;89;62;1,13;46,25;36,76;0;Poland;Eastern Europe;"Sciendo";"2020-2025";"History (Q1); Economics, Econometrics and Finance (miscellaneous) (Q2); Law (Q2); Political Science and International Relations (Q2); Sociology and Political Science (Q2)";"Arts and Humanities; Economics, Econometrics and Finance; Social Sciences"
314;5800169452;"Journal of Slavic Military Studies";journal;"13518046, 15563006";"Taylor and Francis Ltd.";No;No;0,328;Q2;15;24;56;356;41;52;0,70;14,83;30,00;1;United Kingdom;Western Europe;"Taylor and Francis Ltd.";"1993-1996, 1998-1999, 2003, 2005, 2009-2026";"History (Q1); Political Science and International Relations (Q2)";"Arts and Humanities; Social Sciences"
315;27979;"Round Table";journal;"00358533, 1474029X";"Routledge";No;No;0,327;Q2;34;130;239;2773;117;115;0,50;21,33;27,91;1;United Kingdom;Western Europe;"Routledge";"1910-1981, 1983-2026";"Political Science and International Relations (Q2); Geography, Planning and Development (Q3)";"Social Sciences"
316;21100890390;"Australian Journal of Maritime and Ocean Affairs";journal;"23336498, 18366503";"Routledge";No;No;0,325;Q2;18;78;85;4373;165;84;1,81;56,06;31,38;1;United Kingdom;Western Europe;"Routledge";"2009-2026";"Political Science and International Relations (Q2); Management, Monitoring, Policy and Law (Q3); Ocean Engineering (Q3); Safety Research (Q3); Transportation (Q3); Water Science and Technology (Q3)";"Engineering; Environmental Science; Social Sciences"
317;7100153136;"Hague Journal of Diplomacy";journal;"1871191X, 18711901";"Brill Nijhoff";No;No;0,325;Q2;35;26;80;1855;123;77;1,36;71,35;39,39;0;Netherlands;Western Europe;"Brill Nijhoff";"2007-2026";"Political Science and International Relations (Q2)";"Social Sciences"
318;21100793925;"Nordic Journal of Human Rights";journal;"1891814X, 18918131";"Taylor and Francis Ltd.";No;No;0,325;Q2;18;21;82;405;140;76;1,72;19,29;67,86;1;United Kingdom;Western Europe;"Taylor and Francis Ltd.";"2010-2026";"Law (Q2); Political Science and International Relations (Q2); Sociology and Political Science (Q2)";"Social Sciences"
319;21100893575;"Asian Journal of Business Research";journal;"24634522, 11788933";"Asia Business Research Corporation";No;No;0,324;Q2;18;18;69;1118;132;66;1,57;62,11;52,38;0;New Zealand;Pacific Region;"Asia Business Research Corporation";"2018-2025";"Political Science and International Relations (Q2); Sociology and Political Science (Q2); Business and International Management (Q3); Marketing (Q3); Strategy and Management (Q3)";"Business, Management and Accounting; Social Sciences"
320;21517;"South East Asia Research";journal;"0967828X";"Taylor and Francis Ltd.";No;No;0,323;Q2;31;21;74;1127;79;67;1,02;53,67;25,00;0;United Kingdom;Western Europe;"Taylor and Francis Ltd.";"1995-2026";"Political Science and International Relations (Q2); Development (Q3); Geography, Planning and Development (Q3)";"Social Sciences"
321;21101232819;"World Food Policy";journal;"23728639";"John Wiley and Sons Inc";No;No;0,323;Q2;10;16;37;822;74;35;2,30;51,38;37,14;0;United States;Northern America;"John Wiley and Sons Inc";"2014-2026";"Agricultural and Biological Sciences (miscellaneous) (Q2); Political Science and International Relations (Q2); Social Sciences (miscellaneous) (Q2); Food Science (Q3)";"Agricultural and Biological Sciences; Social Sciences"
322;21101298940;"Culture, Practice and Europeanization";journal;"25667742";"Nomos Verlagsgesellschaft mbH und Co KG";Yes;No;0,322;Q2;9;16;45;894;64;36;0,70;55,88;47,83;0;Germany;Western Europe;"Nomos Verlagsgesellschaft mbH und Co KG";"2017-2025";"Political Science and International Relations (Q2); Social Sciences (miscellaneous) (Q2); Sociology and Political Science (Q2)";"Social Sciences"
323;21101260416;"Journal of Historical Political Economy";journal;"26939290, 26939304";"Now Publishers Inc";No;No;0,322;Q2;7;23;58;1042;30;58;0,34;45,30;28,21;0;United States;Northern America;"Now Publishers Inc";"2021-2025";"History (Q1); Political Science and International Relations (Q2); Economics and Econometrics (Q3)";"Arts and Humanities; Economics, Econometrics and Finance; Social Sciences"
324;5800169166;"Congress and the Presidency";journal;"07343469, 19441053";"Routledge";No;No;0,320;Q2;20;12;37;881;23;36;0,60;73,42;36,84;1;United Kingdom;Western Europe;"Routledge";"1981-2025";"Political Science and International Relations (Q2); Sociology and Political Science (Q2)";"Social Sciences"
325;17400154833;"Journal of Transportation Security";journal;"19387741, 1938775X";"Springer New York";No;No;0,320;Q2;23;31;47;1418;112;47;2,29;45,74;29,09;0;United States;Northern America;"Springer New York";"2008-2026";"Law (Q2); Political Science and International Relations (Q2); Sociology and Political Science (Q2); Management Science and Operations Research (Q3); Safety Research (Q3); Transportation (Q3)";"Decision Sciences; Social Sciences"
326;11800154588;"Security and Human Rights";journal;"18747337, 18750230";"";No;No;0,319;Q2;13;1;20;32;17;19;0,33;32,00;50,00;0;Netherlands;Western Europe;"";"2008-2017, 2020-2025";"Law (Q2); Political Science and International Relations (Q2)";"Social Sciences"
327;7200153157;"International Journal of Children's Rights";journal;"15718182, 09275568";"Martinus Nijhoff Publishers";No;No;0,318;Q2;47;38;111;2082;133;103;0,91;54,79;65,63;0;Netherlands;Western Europe;"Martinus Nijhoff Publishers";"1993-2025";"Political Science and International Relations (Q2); Social Sciences (miscellaneous) (Q2); Sociology and Political Science (Q2)";"Social Sciences"
328;21100935790;"Journal of Holocaust Research";journal;"25785656";"Taylor and Francis Inc.";No;No;0,318;Q2;8;15;77;1217;75;71;0,96;81,13;29,41;0;United States;Northern America;"Taylor and Francis Inc.";"2019-2026";"History (Q1); Law (Q2); Political Science and International Relations (Q2); Sociology and Political Science (Q2)";"Arts and Humanities; Social Sciences"
329;21101168863;"Malaysian Journal of Syariah and Law";journal;"19857454, 25904396";"Faculty of Syariah and Law, Islamic Science University of Malaysia (USIM)";Yes;No;0,318;Q2;8;47;109;2567;160;103;1,63;54,62;39,34;0;Malaysia;Asiatic Region;"Faculty of Syariah and Law, Islamic Science University of Malaysia (USIM)";"2019-2025";"Religious Studies (Q1); Law (Q2); Political Science and International Relations (Q2); Social Sciences (miscellaneous) (Q2)";"Arts and Humanities; Social Sciences"
330;5600155088;"Contemporary British History";journal;"13619462, 17437997";"Routledge";No;No;0,317;Q2;24;24;77;1946;85;75;1,02;81,08;25,00;0;United Kingdom;Western Europe;"Routledge";"1998, 2001, 2007-2026";"Cultural Studies (Q1); History (Q1); Political Science and International Relations (Q2); Development (Q3); Safety Research (Q3)";"Arts and Humanities; Social Sciences"
331;21100945168;"Contemporary Review of the Middle East";journal;"23490055, 23477989";"SAGE Publications Ltd";No;No;0,314;Q2;14;28;76;1536;77;62;1,00;54,86;16,67;0;United Kingdom;Western Europe;"SAGE Publications Ltd";"2014-2026";"Cultural Studies (Q1); Political Science and International Relations (Q2); Sociology and Political Science (Q2); Economics and Econometrics (Q3)";"Economics, Econometrics and Finance; Social Sciences"
332;21100836179;"Asia and the Pacific Policy Studies";journal;"20502680";"John Wiley and Sons Ltd";Yes;No;0,310;Q2;36;48;49;2423;81;49;1,74;50,48;42,48;2;United Kingdom;Western Europe;"John Wiley and Sons Ltd";"2014-2026";"Economics, Econometrics and Finance (miscellaneous) (Q2); Political Science and International Relations (Q2); Sociology and Political Science (Q2); Public Administration (Q3); Strategy and Management (Q3)";"Business, Management and Accounting; Economics, Econometrics and Finance; Social Sciences"
333;5800169372;"Brazilian Journal of Political Economy";journal;"18094538, 01013157";"Universidade de Sao Paulo. Museu de Zoologia";Yes;Yes;0,309;Q2;26;26;151;993;130;150;0,70;38,19;22,50;0;Brazil;Latin America;"Universidade de Sao Paulo. Museu de Zoologia";"2000, 2005, 2007-2025";"Economics, Econometrics and Finance (miscellaneous) (Q2); Political Science and International Relations (Q2); Sociology and Political Science (Q2)";"Economics, Econometrics and Finance; Social Sciences"
334;21101072213;"Diplomatica";journal;"25891774, 25891766";"Brill Academic Publishers";No;No;0,306;Q2;10;20;41;1367;55;37;1,32;68,35;55,17;0;Netherlands;Western Europe;"Brill Academic Publishers";"2019-2025";"History (Q1); Political Science and International Relations (Q2); Social Sciences (miscellaneous) (Q2)";"Arts and Humanities; Social Sciences"
335;21100244228;"International Area Studies Review";journal;"20491123, 22338659";"";No;No;0,306;Q2;23;22;75;1056;102;75;1,18;48,00;30,56;0;South Korea;Asiatic Region;"";"1997-2025";"Political Science and International Relations (Q2); Sociology and Political Science (Q2)";"Social Sciences"
336;87222;"Review of Politics";journal;"17486858, 00346705";"Cambridge University Press";No;No;0,306;Q2;30;44;100;1321;49;87;0,38;30,02;25,00;0;United Kingdom;Western Europe;"Cambridge University Press";"1939-2026";"Political Science and International Relations (Q2); Sociology and Political Science (Q2)";"Social Sciences"
337;25650;"Columbia Journal of Transnational Law";journal;"00101931";"Columbia Law Review Association";No;No;0,303;Q2;41;14;40;3829;35;40;0,80;273,50;72,22;0;United States;Northern America;"Columbia Law Review Association";"1996-2025";"Law (Q2); Political Science and International Relations (Q2)";"Social Sciences"
338;21100933830;"Estudios Fronterizos";journal;"23959134";"Universidad Autonoma de Baja California";Yes;Yes;0,303;Q2;10;17;76;1028;70;74;0,90;60,47;36,67;0;Mexico;Latin America;"Universidad Autonoma de Baja California";"2019-2025";"History (Q1); Anthropology (Q2); Demography (Q2); Political Science and International Relations (Q2); Sociology and Political Science (Q2); Economics and Econometrics (Q3); Geography, Planning and Development (Q3)";"Arts and Humanities; Economics, Econometrics and Finance; Social Sciences"
339;21101095938;"International Journal of Economic Policy Studies";journal;"25244892, 18814387";"Springer Japan";No;No;0,302;Q2;11;18;68;934;100;67;1,43;51,89;27,78;1;Japan;Asiatic Region;"Springer Japan";"2019-2026";"Political Science and International Relations (Q2); Sociology and Political Science (Q2); Economics and Econometrics (Q3)";"Economics, Econometrics and Finance; Social Sciences"
340;21100787098;"World Economy and International Relations";journal;"01312227";"";No;No;0,301;Q2;15;138;442;4187;191;438;0,47;30,34;41,36;3;Russian Federation;Eastern Europe;"";"2015-2026";"Political Science and International Relations (Q2); Economics and Econometrics (Q3)";"Economics, Econometrics and Finance; Social Sciences"
341;21101089566;"Sexuality, Gender and Policy";journal;"26395355";"John Wiley and Sons Inc";No;No;0,300;Q2;7;39;57;1553;61;48;0,96;39,82;36,67;0;United States;Northern America;"John Wiley and Sons Inc";"2017, 2019-2026";"Cultural Studies (Q1); Gender Studies (Q2); Political Science and International Relations (Q2); Social Sciences (miscellaneous) (Q2)";"Social Sciences"
342;7100153137;"Transformations in Business and Economics";journal;"16484460";"Vilnius University Press";Yes;No;0,297;Q2;32;80;298;4673;426;286;1,49;58,41;51,03;0;Lithuania;Eastern Europe;"Vilnius University Press";"2006-2025";"Political Science and International Relations (Q2); Social Sciences (miscellaneous) (Q2); Business and International Management (Q3); Economics and Econometrics (Q3); Marketing (Q3)";"Business, Management and Accounting; Economics, Econometrics and Finance; Social Sciences"
343;17700156010;"Ethics and Global Politics";journal;"16546369, 16544951";"Taylor and Francis Ltd.";Yes;Yes;0,296;Q2;19;13;33;341;30;31;0,78;26,23;42,86;0;United Kingdom;Western Europe;"Taylor and Francis Ltd.";"2009-2026";"Political Science and International Relations (Q2); Sociology and Political Science (Q2)";"Social Sciences"
344;21101215777;"Justicia (Barranquilla)";journal;"25904566, 01247441";"Simon Bolivar University (Barranquilla)";Yes;Yes;0,296;Q2;5;27;98;1134;41;96;0,48;42,00;37,78;0;Colombia;Latin America;"Simon Bolivar University (Barranquilla)";"2020-2025";"Political Science and International Relations (Q2); Sociology and Political Science (Q2)";"Social Sciences"
345;5600155285;"Parameters";journal;"00311723, 21582106";"United States Army War College";No;No;0,296;Q2;7;37;130;1126;88;112;0,62;30,43;11,32;2;United States;Northern America;"United States Army War College";"1982, 2019-2025";"Cultural Studies (Q1); History (Q1); Political Science and International Relations (Q2); Social Sciences (miscellaneous) (Q2); Sociology and Political Science (Q2); Safety Research (Q3)";"Arts and Humanities; Social Sciences"
346;21100903469;"Russia in Global Affairs";journal;"18106374, 26189844";"Foreign Policy Research Foundation";No;No;0,294;Q2;10;57;147;1355;73;119;0,48;23,77;22,58;0;Russian Federation;Eastern Europe;"Foreign Policy Research Foundation";"2018-2026";"Cultural Studies (Q1); History (Q1); Political Science and International Relations (Q2); Sociology and Political Science (Q2)";"Arts and Humanities; Social Sciences"
347;21100886220;"Journal for International Business and Entrepreneurship Development";journal;"17476763, 15499324";"Inderscience Enterprises Ltd";No;No;0,293;Q2;16;19;73;1582;116;72;1,79;83,26;38,00;0;Switzerland;Western Europe;"Inderscience Enterprises Ltd";"2018-2025";"Political Science and International Relations (Q2); Business, Management and Accounting (miscellaneous) (Q3); Development (Q3)";"Business, Management and Accounting; Social Sciences"
348;12100157016;"International Journal of Law, Crime and Justice";journal;"17560616";"Academic Press";No;No;0,290;Q2;40;72;109;4832;290;109;2,62;67,11;53,61;0;United States;Northern America;"Academic Press";"2008-2026";"Law (Q2); Political Science and International Relations (Q2); Sociology and Political Science (Q3)";"Social Sciences"
349;21100871688;"Contemporary Chinese Political Economy and Strategic Relations";journal;"24109681";"Institute of China and Asia-Pacific Studies - National Sun Yat-sen University";Yes;Yes;0,288;Q2;9;2;43;100;16;40;0,29;50,00;83,33;0;Taiwan;Asiatic Region;"Institute of China and Asia-Pacific Studies - National Sun Yat-sen University";"2015-2025";"Political Science and International Relations (Q2); Economics and Econometrics (Q3); Sociology and Political Science (Q3)";"Economics, Econometrics and Finance; Social Sciences"
350;15561;"Demokratizatsiya";journal;"10746846";"Institute for European Russian and Eurasian Studies, The George Washington University";No;No;0,288;Q2;34;5;66;445;59;63;0,74;89,00;11,11;0;United States;Northern America;"Institute for European Russian and Eurasian Studies, The George Washington University";"1996-2025";"Political Science and International Relations (Q2); Geography, Planning and Development (Q3)";"Social Sciences"
351;5600154142;"Asian Journal of Political Science";journal;"02185377, 17507812";"Routledge";No;No;0,287;Q2;25;50;55;3151;85;53;1,25;63,02;40,78;1;United Kingdom;Western Europe;"Routledge";"1993-2026";"Political Science and International Relations (Q2); Sociology and Political Science (Q3)";"Social Sciences"
352;24136;"Indo-Iranian Journal";journal;"15728536, 00197246";"Brill Academic Publishers";No;No;0,285;Q2;16;11;27;469;15;27;0,75;42,64;10,00;0;Netherlands;Western Europe;"Brill Academic Publishers";"1957-2026";"Philosophy (Q1); Linguistics and Language (Q2); Political Science and International Relations (Q2)";"Arts and Humanities; Social Sciences"
353;21101185496;"Occasional Papers on Religion in Eastern Europe";journal;"26932229";"George Fox University Murdock Learning Resource Center";No;No;0,285;Q2;6;87;195;2808;86;181;0,38;32,28;32,56;0;United States;Northern America;"George Fox University Murdock Learning Resource Center";"2019-2026";"Religious Studies (Q1); Political Science and International Relations (Q2)";"Arts and Humanities; Social Sciences"
354;21101101860;"Eminak";journal;"27080226, 19984634";"Scientific Research Centre "Lukomorie"";Yes;No;0,283;Q2;6;56;182;1358;61;179;0,29;24,25;31,17;0;Ukraine;Eastern Europe;"Scientific Research Centre "Lukomorie"";"2019-2026";"History (Q1); Archeology (Q2); Archeology (arts and humanities) (Q2); Political Science and International Relations (Q2)";"Arts and Humanities; Social Sciences"
355;21101036615;"Relacoes Internacionais no Mundo Atual";journal;"23162880";"Centro Universitario Curitiba - UNICURITIBA";No;No;0,283;Q2;9;48;436;1468;179;435;0,47;30,58;52,38;0;Brazil;Latin America;"Centro Universitario Curitiba - UNICURITIBA";"2019-2026";"Law (Q2); Political Science and International Relations (Q2); Public Administration (Q3); Sociology and Political Science (Q3)";"Social Sciences"
356;5800170634;"Astropolitics";journal;"14777622, 15572943";"Routledge";No;No;0,282;Q2;16;15;37;755;53;31;1,41;50,33;16,67;0;United States;Northern America;"Routledge";"2005-2026";"Political Science and International Relations (Q2); Astronomy and Astrophysics (Q3)";"Physics and Astronomy; Social Sciences"
357;21100928677;"Conflict and Society";journal;"21644543, 21644551";"Berghahn Journals";Yes;Yes;0,282;Q2;10;11;39;727;58;39;0,91;66,09;42,11;0;United Kingdom;Western Europe;"Berghahn Journals";"2018-2025";"Cultural Studies (Q1); Anthropology (Q2); Political Science and International Relations (Q2); Sociology and Political Science (Q3)";"Social Sciences"
358;21101116672;"International Critical Thought";journal;"21598312, 21598282";"Taylor and Francis Ltd.";No;No;0,281;Q3;16;34;103;2177;99;102;0,68;64,03;22,22;1;United Kingdom;Western Europe;"Taylor and Francis Ltd.";"2011-2026";"Cultural Studies (Q1); Social Sciences (miscellaneous) (Q2); Political Science and International Relations (Q3); Sociology and Political Science (Q3)";"Social Sciences"
359;5600155107;"Journal of Australian Studies";journal;"0314769X, 14443058";"Taylor and Francis Ltd.";No;No;0,281;Q3;26;39;120;2134;57;107;0,42;54,72;61,54;0;United Kingdom;Western Europe;"Taylor and Francis Ltd.";"1977-2026";"Cultural Studies (Q1); History (Q1); Literature and Literary Theory (Q1); Political Science and International Relations (Q3); Sociology and Political Science (Q3)";"Arts and Humanities; Social Sciences"
360;21101147603;"Mazahib Jurnal Pemikiran Hukum Islam";journal;"18299067, 24606588";"Faculty of Sharia, Sultan Aji Muhammad Idris State Islamic University";Yes;Yes;0,281;Q3;7;19;45;1129;71;45;1,62;59,42;21,15;0;Indonesia;Asiatic Region;"Faculty of Sharia, Sultan Aji Muhammad Idris State Islamic University";"2019-2025";"Religious Studies (Q1); Law (Q2); Political Science and International Relations (Q3)";"Arts and Humanities; Social Sciences"
361;21101021175;"Lex Portus";journal;"2617541X, 2524101X";"National University Odessa Law Academy";Yes;Yes;0,280;Q3;9;17;49;822;85;48;2,06;48,35;29,17;0;Ukraine;Eastern Europe;"National University Odessa Law Academy";"2019-2025";"Law (Q2); Management, Monitoring, Policy and Law (Q3); Political Science and International Relations (Q3); Transportation (Q4)";"Environmental Science; Social Sciences"
362;5600153226;"Thesis Eleven";journal;"14617455, 07255136";"SAGE Publications Ltd";No;No;0,280;Q3;38;83;170;2652;108;161;0,48;31,95;25,27;0;United Kingdom;Western Europe;"SAGE Publications Ltd";"1980-1994, 1996-2026";"Cultural Studies (Q1); History (Q1); Political Science and International Relations (Q3); Sociology and Political Science (Q3)";"Arts and Humanities; Social Sciences"
363;5700164027;"International Criminal Law Review";journal;"15718123, 1567536X";"Brill Nijhoff";No;No;0,278;Q3;29;41;75;6094;46;71;0,55;148,63;50,88;0;Netherlands;Western Europe;"Brill Nijhoff";"2001-2026";"Law (Q2); Political Science and International Relations (Q3); Sociology and Political Science (Q3)";"Social Sciences"
364;21100423127;"Stability";journal;"21652627";"Department of Peace Studies and International Development, University of Bradford";Yes;No;0,278;Q3;27;2;6;126;10;6;2,00;63,00;75,00;0;United Kingdom;Western Europe;"Department of Peace Studies and International Development, University of Bradford";"2012-2020, 2022-2023, 2025";"Law (Q2); Political Science and International Relations (Q3)";"Social Sciences"
365;21101302101;"Anuario Espanol de derecho Internacional";journal;"21733775, 2254660X";"Servicio de Publicaciones de la Universidad de Navarra";No;No;0,276;Q3;4;15;42;635;23;40;0,48;42,33;53,33;0;Spain;Western Europe;"Servicio de Publicaciones de la Universidad de Navarra";"2021-2025";"Law (Q2); Development (Q3); Management, Monitoring, Policy and Law (Q3); Political Science and International Relations (Q3)";"Environmental Science; Social Sciences"
366;23891;"China Report";journal;"00094455, 0973063X";"Sage Publications India Pvt. Ltd";No;No;0,276;Q3;21;25;67;1223;75;67;1,28;48,92;35,00;2;India;Asiatic Region;"Sage Publications India Pvt. Ltd";"1971, 1979, 1989-2026";"Development (Q3); Geography, Planning and Development (Q3); Political Science and International Relations (Q3)";"Social Sciences"
367;21101136813;"Global Security - Health, Science and Policy";journal;"23779497";"Taylor and Francis Ltd.";Yes;No;0,276;Q3;11;11;17;785;26;17;1,20;71,36;41,18;0;United Kingdom;Western Europe;"Taylor and Francis Ltd.";"2016-2025";"Health (social science) (Q3); Political Science and International Relations (Q3)";"Social Sciences"
368;5700162947;"Global Economic Review";journal;"17443873, 1226508X";"Routledge";No;No;0,273;Q3;27;21;54;879;72;54;1,51;41,86;33,33;0;United Kingdom;Western Europe;"Routledge";"1996-2026";"Business and International Management (Q3); Economics, Econometrics and Finance (miscellaneous) (Q3); Political Science and International Relations (Q3)";"Business, Management and Accounting; Economics, Econometrics and Finance; Social Sciences"
369;21101072124;"International Journal of Diplomacy and Economy";journal;"20490895, 20490887";"Inderscience";No;No;0,273;Q3;11;21;31;1171;51;31;1,75;55,76;35,71;0;United Kingdom;Western Europe;"Inderscience";"2012-2026";"Economics and Econometrics (Q3); Finance (Q3); Political Science and International Relations (Q3); Strategy and Management (Q3)";"Business, Management and Accounting; Economics, Econometrics and Finance; Social Sciences"
370;200147137;"Islam and Christian-Muslim Relations";journal;"14699311, 09596410";"Routledge";No;No;0,272;Q3;28;9;44;756;24;44;0,59;84,00;30,00;0;United Kingdom;Western Europe;"Routledge";"1990-1997, 2000-2026";"Religious Studies (Q1); Political Science and International Relations (Q3)";"Arts and Humanities; Social Sciences"
371;18200156703;"Journal of International Trade Law and Policy";journal;"14770024";"Emerald Group Publishing Ltd.";No;No;0,272;Q3;15;23;37;1241;41;36;0,92;53,96;26,92;0;United Kingdom;Western Europe;"Emerald Group Publishing Ltd.";"2002-2026";"Law (Q2); Economics, Econometrics and Finance (miscellaneous) (Q3); Industrial Relations (Q3); Political Science and International Relations (Q3)";"Business, Management and Accounting; Economics, Econometrics and Finance; Social Sciences"
372;21101062822;"Revista Juridica Portucalense";journal;"21835705, 21835799";"Universidade Portucalense";Yes;Yes;0,272;Q3;6;56;174;1923;116;166;0,72;34,34;48,74;0;Portugal;Western Europe;"Universidade Portucalense";"2019-2026";"Law (Q2); Political Science and International Relations (Q3); Sociology and Political Science (Q3)";"Social Sciences"
373;21100837350;"Domes : Digest of Middle East Studies";journal;"10604367, 19493606";"John Wiley and Sons Inc";No;No;0,270;Q3;18;14;76;861;88;62;1,32;61,50;53,33;0;United States;Northern America;"John Wiley and Sons Inc";"1992-2026";"Cultural Studies (Q1); History (Q1); Religious Studies (Q1); Law (Q2); Political Science and International Relations (Q3); Sociology and Political Science (Q3)";"Arts and Humanities; Social Sciences"
374;21100783636;"International Political Science Abstracts";journal;"00208345, 17519292";"SAGE Publications Inc.";No;No;0,270;Q3;3;6;22;258;32;22;1,10;43,00;66,67;0;United Kingdom;Western Europe;"SAGE Publications Inc.";"2007, 2018, 2022-2025";"Arts and Humanities (miscellaneous) (Q2); Political Science and International Relations (Q3); Sociology and Political Science (Q3)";"Arts and Humanities; Social Sciences"
375;15256;"Korean Journal of Defense Analysis";journal;"19414641, 10163271";"Korea Institute for Defense Analyses";No;No;0,270;Q3;14;6;81;542;40;81;0,51;90,33;25,00;0;South Korea;Asiatic Region;"Korea Institute for Defense Analyses";"1996-2025";"Political Science and International Relations (Q3); Safety Research (Q3); Sociology and Political Science (Q3)";"Social Sciences"
376;21101042128;"Juridical Tribune";journal;"22477195, 22480382";"Bucharest University of Economic Studies";Yes;Yes;0,269;Q3;12;0;67;0;95;67;1,51;0,00;0,00;0;Romania;Eastern Europe;"Bucharest University of Economic Studies";"2019-2023";"Law (Q2); Education (Q3); Political Science and International Relations (Q3); Public Administration (Q3)";"Social Sciences"
377;5600153506;"Israel Affairs";journal;"17439086, 13537121";"Routledge";No;No;0,268;Q3;23;90;195;4122;148;189;0,75;45,80;41,89;0;United Kingdom;Western Europe;"Routledge";"1994-2026";"Cultural Studies (Q1); History (Q1); Political Science and International Relations (Q3)";"Arts and Humanities; Social Sciences"
378;19900195034;"Itinerario";journal;"20412827, 01651153";"Cambridge University Press";No;No;0,268;Q3;21;36;79;3390;52;75;0,29;94,17;40,00;0;United Kingdom;Western Europe;"Cambridge University Press";"1977-2026";"History (Q1); Political Science and International Relations (Q3)";"Arts and Humanities; Social Sciences"
379;19900191541;"Asian Politics and Policy";journal;"19430787, 19430779";"Wiley-Blackwell";No;No;0,266;Q3;23;43;104;2648;109;93;1,01;61,58;28,26;0;United States;Northern America;"Wiley-Blackwell";"2009-2026";"Political Science and International Relations (Q3); Sociology and Political Science (Q3)";"Social Sciences"
380;21100778009;"Polis. Political Studies";journal;"10269487, 16840070";"Editorial Board Polis (Political Studies)";No;No;0,266;Q3;14;71;212;2332;102;211;0,43;32,85;45,28;1;Russian Federation;Eastern Europe;"Editorial Board Polis (Political Studies)";"2015-2025";"Cultural Studies (Q1); History (Q1); Political Science and International Relations (Q3); Sociology and Political Science (Q3)";"Arts and Humanities; Social Sciences"
381;5800169373;"Comparative Strategy";journal;"01495933, 15210448";"Routledge";No;No;0,262;Q3;23;48;102;3104;87;102;0,75;64,67;23,88;2;United Kingdom;Western Europe;"Routledge";"1978-2026";"Political Science and International Relations (Q3)";"Social Sciences"
382;21100456188;"Journal of the Middle East and Africa";journal;"21520844, 21520852";"Taylor and Francis Ltd.";No;No;0,262;Q3;14;22;59;0;43;58;0,43;0,00;12,50;0;United Kingdom;Western Europe;"Taylor and Francis Ltd.";"2010-2026";"Cultural Studies (Q1); History (Q1); Political Science and International Relations (Q3); Sociology and Political Science (Q3)";"Arts and Humanities; Social Sciences"
383;21100370020;"Geopolitics Quarterly";journal;"17354331, 25383698";"Iranian Association of Geopolitics";Yes;No;0,258;Q3;9;40;169;1841;103;169;0,62;46,03;26,32;0;Iran;Middle East;"Iranian Association of Geopolitics";"2014-2025";"Geography, Planning and Development (Q3); Political Science and International Relations (Q3)";"Social Sciences"
384;25724;"India Quarterly";journal;"09752684, 09749284";"Indian Council of World Affairs";No;No;0,258;Q3;18;28;107;1240;110;89;0,89;44,29;45,00;0;India;Asiatic Region;"Indian Council of World Affairs";"1954-1963, 1966-2008, 2011-2026";"Political Science and International Relations (Q3)";"Social Sciences"
385;4000151820;"International Journal of Technology and Globalisation";journal;"14765667, 17418194";"Inderscience Enterprises Ltd";No;No;0,258;Q3;24;0;3;0;8;3;2,67;0,00;0,00;0;United Kingdom;Western Europe;"Inderscience Enterprises Ltd";"2004-2015, 2017, 2020, 2024";"Economics and Econometrics (Q3); Management, Monitoring, Policy and Law (Q3); Political Science and International Relations (Q3)";"Economics, Econometrics and Finance; Environmental Science; Social Sciences"
386;21101042150;"Vestnik RUDN. International Relations";journal;"23130660, 23130679";"RUDN University";Yes;Yes;0,258;Q3;9;51;140;1395;98;140;0,53;27,35;48,78;0;Russian Federation;Eastern Europe;"RUDN University";"2019-2025";"History (Q1); Development (Q3); Political Science and International Relations (Q3)";"Arts and Humanities; Social Sciences"
387;25795;"International Journal";journal;"2052465X, 00207020";"Canadian Institute of International Affairs";No;No;0,255;Q3;34;39;124;1050;131;96;0,86;26,92;42,55;0;Canada;Northern America;"Canadian Institute of International Affairs";"1981, 1995-2026";"Political Science and International Relations (Q3)";"Social Sciences"
388;21101061050;"Europa XXI";journal;"14297132, 23008547";"Insitute of Geography and Spatial Organization Polish Academy of Sciences";No;No;0,254;Q3;9;2;45;113;32;42;0,63;56,50;50,00;0;Poland;Eastern Europe;"Insitute of Geography and Spatial Organization Polish Academy of Sciences";"2019-2025";"Development (Q3); Geography, Planning and Development (Q3); Political Science and International Relations (Q3); Urban Studies (Q3)";"Social Sciences"
389;21101129709;"European Review of International Studies";journal;"21967415, 21966923";"Brill Nijhoff";No;No;0,254;Q3;14;6;44;503;41;43;0,66;83,83;37,50;0;Netherlands;Western Europe;"Brill Nijhoff";"2014-2025";"Political Science and International Relations (Q3); Social Sciences (miscellaneous) (Q3)";"Social Sciences"
390;21100856805;"International Journal of Development and Conflict";journal;"20102690, 20102704";"Gokhale Institute of Politics and Economics";Yes;No;0,252;Q3;7;0;50;0;60;48;1,54;0,00;0,00;0;India;Asiatic Region;"Gokhale Institute of Politics and Economics";"2017-2024";"Development (Q3); Economics, Econometrics and Finance (miscellaneous) (Q3); Political Science and International Relations (Q3)";"Economics, Econometrics and Finance; Social Sciences"
391;21100824449;"Norteamerica";journal;"18703550, 24487228";"Universidad Nacional Autonoma de Mexico";Yes;Yes;0,252;Q3;8;32;78;1245;33;78;0,31;38,91;19,35;0;Mexico;Latin America;"Universidad Nacional Autonoma de Mexico";"2010-2011, 2016-2026";"Cultural Studies (Q1); Law (Q2); Demography (Q3); Economics, Econometrics and Finance (miscellaneous) (Q3); Political Science and International Relations (Q3); Sociology and Political Science (Q3)";"Economics, Econometrics and Finance; Social Sciences"
392;21101021456;"Revista de Pensamiento Estrategico y Seguridad CISDE";journal;"25298763";"United Academic Journals (UA Journals)";No;No;0,252;Q3;6;12;36;692;23;34;0,54;57,67;6,67;0;Spain;Western Europe;"United Academic Journals (UA Journals)";"2019-2025";"History (Q1); Law (Q2); Political Science and International Relations (Q3); Safety Research (Q3); Sociology and Political Science (Q3)";"Arts and Humanities; Social Sciences"
393;18929;"African Studies";journal;"00020184, 14692872";"Taylor and Francis Ltd.";No;No;0,251;Q3;36;17;60;719;58;58;0,79;42,29;42,11;0;United Kingdom;Western Europe;"Taylor and Francis Ltd.";"1942-2026";"Cultural Studies (Q1); History (Q1); Anthropology (Q2); Political Science and International Relations (Q3); Sociology and Political Science (Q3)";"Arts and Humanities; Social Sciences"
394;21101170721;"DiGeSt - Journal of Diversity and Gender Studies";journal;"25930281, 25930273";"Universiteit Gent";Yes;Yes;0,251;Q3;9;20;53;691;63;42;1,22;34,55;72,73;0;Belgium;Western Europe;"Universiteit Gent";"2019-2025";"Cultural Studies (Q1); Anthropology (Q2); Gender Studies (Q2); Political Science and International Relations (Q3)";"Social Sciences"
395;21100789021;"Lithuanian Annual Strategic Review";journal;"16488024, 2335870X";"General Jonas Zemaitis Military Academy of Lithuania";Yes;No;0,250;Q3;7;10;32;646;28;29;0,80;64,60;43,75;0;Germany;Western Europe;"General Jonas Zemaitis Military Academy of Lithuania";"2016-2020, 2022-2025";"Political Science and International Relations (Q3)";"Social Sciences"
396;21101176857;"International Journal of Parliamentary Studies";journal;"26668912, 26668904";"Brill Academic Publishers";No;No;0,247;Q3;5;16;51;718;27;45;0,53;44,88;25,00;0;Netherlands;Western Europe;"Brill Academic Publishers";"2021-2026";"Law (Q2); Political Science and International Relations (Q3)";"Social Sciences"
397;21100843484;"Journal of Global South Studies";journal;"24761397, 24761419";"University of Florida Press";No;No;0,246;Q3;17;15;44;888;17;32;0,21;59,20;13,33;0;United States;Northern America;"University of Florida Press";"2015-2025";"History (Q1); Development (Q3); Political Science and International Relations (Q3); Sociology and Political Science (Q3)";"Arts and Humanities; Social Sciences"
398;21100901783;"Connections";journal;"18121098, 18122973";"Partnership for Peace Consortium of Defense Academies and Security Studies Institutes";Yes;No;0,244;Q3;8;21;101;811;39;92;0,38;38,62;25,93;0;Germany;Western Europe;"Partnership for Peace Consortium of Defense Academies and Security Studies Institutes";"2018-2025";"Law (Q2); Computer Networks and Communications (Q3); Political Science and International Relations (Q3); Safety Research (Q3); Safety, Risk, Reliability and Quality (Q3)";"Computer Science; Engineering; Social Sciences"
399;5700168481;"Revista Brasileira de Politica Internacional";journal;"19833121, 00347329";"INSTBRASILEIRORELACOESINT";Yes;Yes;0,244;Q3;25;25;75;1422;73;74;0,96;56,88;22,86;0;Brazil;Latin America;"INSTBRASILEIRORELACOESINT";"2008-2025";"History (Q1); Political Science and International Relations (Q3)";"Arts and Humanities; Social Sciences"
400;21100364911;"Creativity Studies";journal;"23450487, 23450479";"Vilnius Gediminas Technical University";Yes;No;0,243;Q3;19;42;132;2183;156;132;0,90;51,98;55,56;0;Lithuania;Eastern Europe;"Vilnius Gediminas Technical University";"2014-2026";"Cultural Studies (Q2); Political Science and International Relations (Q3); Sociology and Political Science (Q3)";"Social Sciences"
401;21486;"European Human Rights Law Review";journal;"13611526";"Sweet and Maxwell-Thomson Reuters";No;No;0,243;Q3;6;55;160;3051;57;105;0,41;55,47;51,28;0;United Kingdom;Western Europe;"Sweet and Maxwell-Thomson Reuters";"1998, 2001, 2003, 2019-2026";"Law (Q2); Political Science and International Relations (Q3); Sociology and Political Science (Q3)";"Social Sciences"
402;21100887528;"Journal on the Use of Force and International Law";journal;"20531702, 20531710";"Taylor and Francis Ltd.";No;No;0,242;Q3;15;11;41;535;47;33;0,77;48,64;18,18;0;United Kingdom;Western Europe;"Taylor and Francis Ltd.";"2014-2025";"Law (Q2); Political Science and International Relations (Q3)";"Social Sciences"
403;21101114186;"Comparative Southeast European Studies";journal;"27018199, 27018202";"Walter de Gruyter GmbH";Yes;Yes;0,241;Q3;11;22;79;860;90;78;1,10;39,09;34,48;1;Germany;Western Europe;"Walter de Gruyter GmbH";"2010, 2021-2025";"History (Q1); Anthropology (Q2); Cultural Studies (Q2); Law (Q2); Economics, Econometrics and Finance (miscellaneous) (Q3); Gender Studies (Q3); Political Science and International Relations (Q3); Sociology and Political Science (Q3)";"Arts and Humanities; Economics, Econometrics and Finance; Social Sciences"
404;21100857117;"Politics in Central Europe";journal;"18013422";"";Yes;Yes;0,241;Q3;15;13;90;906;66;89;0,50;69,69;40,00;0;Poland;Eastern Europe;"";"2010, 2016-2025";"Political Science and International Relations (Q3); Sociology and Political Science (Q3)";"Social Sciences"
405;21100890927;"Russian Politics";journal;"24518913, 24518921";"Brill Academic Publishers";No;No;0,241;Q3;14;22;70;1797;61;70;0,98;81,68;33,33;0;Netherlands;Western Europe;"Brill Academic Publishers";"2016-2025";"History (Q1); Cultural Studies (Q2); Political Science and International Relations (Q3); Sociology and Political Science (Q3)";"Arts and Humanities; Social Sciences"
406;19700170095;"Irish Studies in International Affairs";journal;"03321460, 20090072";"Royal Irish Academy";No;No;0,240;Q3;13;15;93;594;56;85;0,41;39,60;25,00;0;Ireland;Western Europe;"Royal Irish Academy";"2009-2026";"Development (Q3); Economics and Econometrics (Q3); Political Science and International Relations (Q3)";"Economics, Econometrics and Finance; Social Sciences"
407;5800169849;"Colombia Internacional";journal;"19006004, 01215612";"Universidad de los Andes, Colombia";Yes;Yes;0,239;Q3;18;20;85;1414;68;85;0,60;70,70;52,94;0;Colombia;Latin America;"Universidad de los Andes, Colombia";"2011-2026";"History (Q1); Political Science and International Relations (Q3); Sociology and Political Science (Q3)";"Arts and Humanities; Social Sciences"
408;21101288669;"Diponegoro Law Review";journal;"25274031";"Diponegoro University";Yes;No;0,239;Q3;3;9;39;371;32;39;0,82;41,22;28,57;0;Indonesia;Asiatic Region;"Diponegoro University";"2023-2025";"Law (Q3); Political Science and International Relations (Q3); Public Administration (Q3); Sociology and Political Science (Q3)";"Social Sciences"
409;21100889430;"China Quarterly of International Strategic Studies";journal;"23777400, 23777419";"World Scientific Publishing Co. Pte Ltd";Yes;Yes;0,238;Q3;18;20;59;1160;38;59;0,50;58,00;44,00;0;Singapore;Asiatic Region;"World Scientific Publishing Co. Pte Ltd";"2015-2025";"Political Science and International Relations (Q3); Sociology and Political Science (Q3)";"Social Sciences"
410;21100793212;"Sovremennaya Evropa";journal;"02017083";"Institute of Europe of Russian Academy of Sciences";Yes;Yes;0,237;Q3;10;34;316;493;53;315;0,21;14,50;60,00;0;Russian Federation;Eastern Europe;"Institute of Europe of Russian Academy of Sciences";"2016-2025";"Political Science and International Relations (Q3); Economics and Econometrics (Q4)";"Economics, Econometrics and Finance; Social Sciences"
411;7700153101;"International Organizations Law Review";journal;"15723739, 15723747";"Martinus Nijhoff Publishers";No;No;0,236;Q3;27;12;61;1315;44;57;0,53;109,58;28,57;0;Netherlands;Western Europe;"Martinus Nijhoff Publishers";"2004-2025";"Law (Q3); Political Science and International Relations (Q3); Sociology and Political Science (Q3); Economics and Econometrics (Q4)";"Economics, Econometrics and Finance; Social Sciences"
412;24405;"Journal of Regional Analysis and Policy";journal;"10904999";"University of Nebraska-Lincoln";No;No;0,236;Q3;30;20;29;860;26;29;0,77;43,00;36,36;0;United States;Northern America;"University of Nebraska-Lincoln";"1996-2025";"Geography, Planning and Development (Q3); Management, Monitoring, Policy and Law (Q3); Political Science and International Relations (Q3)";"Environmental Science; Social Sciences"
413;21100927978;"Vestnik Volgogradskogo Gosudarstvennogo Universiteta, Seriia 4: Istoriia, Regionovedenie, Mezhdunarodnye Otnosheniia";journal;"19989938, 23128704";"Volgograd State University";Yes;Yes;0,236;Q3;6;122;377;4320;64;376;0,18;35,41;38,60;0;Russian Federation;Eastern Europe;"Volgograd State University";"2019-2025";"History (Q1); Cultural Studies (Q2); Political Science and International Relations (Q3); Sociology and Political Science (Q3)";"Arts and Humanities; Social Sciences"
414;21101267545;"Jurnal Suara Hukum";journal;"26565358, 2656534X";"Faculty of Law Universitas Negeri Surabaya";No;No;0,234;Q3;5;20;60;1031;44;60;0,95;51,55;38,00;0;Indonesia;Asiatic Region;"Faculty of Law Universitas Negeri Surabaya";"2020-2025";"Law (Q3); Political Science and International Relations (Q3)";"Social Sciences"
415;22826;"Gestion y Politica Publica";journal;"14051079, 24489182";"Centro de Investigacion y Docencia Economicas A.C.";Yes;No;0,233;Q3;16;9;29;673;23;28;0,78;74,78;61,54;0;Mexico;Latin America;"Centro de Investigacion y Docencia Economicas A.C.";"1995-2025";"Political Science and International Relations (Q3); Public Administration (Q3)";"Social Sciences"
416;5600153502;"Postcolonial Studies";journal;"14661888, 13688790";"Routledge";No;No;0,231;Q3;33;8;90;472;131;77;0,93;59,00;66,67;0;United Kingdom;Western Europe;"Routledge";"2005, 2010-2026";"History (Q1); Political Science and International Relations (Q3)";"Arts and Humanities; Social Sciences"
417;5700164225;"Diplomacy and Statecraft";journal;"1557301X, 09592296";"Routledge";No;No;0,229;Q3;21;40;95;2483;49;93;0,50;62,08;20,00;0;United Kingdom;Western Europe;"Routledge";"1990-1996, 1998, 2001-2003, 2010-2025";"History (Q1); Political Science and International Relations (Q3); Sociology and Political Science (Q3)";"Arts and Humanities; Social Sciences"
418;21101076306;"International Journal of Taiwan Studies";journal;"24688800, 24688797";"Brill Academic Publishers";No;No;0,229;Q3;9;27;52;1472;32;48;0,45;54,52;46,34;0;Netherlands;Western Europe;"Brill Academic Publishers";"2018-2026";"History (Q1); Visual Arts and Performing Arts (Q1); Anthropology (Q2); Cultural Studies (Q2); Political Science and International Relations (Q3); Sociology and Political Science (Q3)";"Arts and Humanities; Social Sciences"
419;25272;"International Journal on Minority and Group Rights";journal;"15718115, 13854879";"Brill Academic Publishers";No;No;0,229;Q3;24;78;95;6039;73;91;0,67;77,42;38,37;0;Netherlands;Western Europe;"Brill Academic Publishers";"1993-1997, 1999-2026";"Geography, Planning and Development (Q3); Political Science and International Relations (Q3)";"Social Sciences"
420;21101030201;"Leviathan (Germany)";journal;"18618588, 03400425";"Nomos Verlagsgesellschaft mbH und Co KG";Yes;Yes;0,229;Q3;9;14;87;626;36;81;0,30;44,71;32,35;0;Germany;Western Europe;"Nomos Verlagsgesellschaft mbH und Co KG";"2019-2025";"Linguistics and Language (Q2); Political Science and International Relations (Q3); Sociology and Political Science (Q3)";"Social Sciences"
421;100147347;"Transnational Corporations";journal;"10149562";"UNCTAD United Nations Conference on Trade and Development";No;No;0,229;Q3;33;0;8;0;14;8;0,00;0,00;0,00;0;Switzerland;Western Europe;"UNCTAD United Nations Conference on Trade and Development";"2005-2012, 2015-2022";"Business, Management and Accounting (miscellaneous) (Q3); Economics, Econometrics and Finance (miscellaneous) (Q3); Political Science and International Relations (Q3)";"Business, Management and Accounting; Economics, Econometrics and Finance; Social Sciences"
422;25988;"Social Research";journal;"0037783X";"Johns Hopkins University Press";No;No;0,228;Q3;63;52;168;1676;121;147;0,47;32,23;41,30;0;United States;Northern America;"Johns Hopkins University Press";"1946-1947, 1972-1974, 1976, 1979-1980, 1982-1986, 1988, 1995-2025";"History (Q1); Cultural Studies (Q2); Philosophy (Q2); Political Science and International Relations (Q3); Social Sciences (miscellaneous) (Q3); Sociology and Political Science (Q3)";"Arts and Humanities; Social Sciences"
423;21101060308;"Vestnik MGIMO-Universiteta";journal;"25419099, 20718160";"MGIMO University";Yes;Yes;0,227;Q3;7;40;162;1256;65;160;0,42;31,40;24,14;0;Russian Federation;Eastern Europe;"MGIMO University";"2019-2025";"History (Q1); Business, Management and Accounting (miscellaneous) (Q3); Political Science and International Relations (Q3); Sociology and Political Science (Q3)";"Arts and Humanities; Business, Management and Accounting; Social Sciences"
424;24423;"Canadian Journal of Latin American and Caribbean Studies";journal;"23331461, 08263663";"Taylor and Francis Ltd.";No;No;0,225;Q3;16;22;79;1182;49;65;0,44;53,73;47,06;0;United Kingdom;Western Europe;"Taylor and Francis Ltd.";"1984-2011, 2014-2026";"Development (Q3); Geography, Planning and Development (Q3); Political Science and International Relations (Q3)";"Social Sciences"
425;19700170038;"Romanian Journal of European Affairs";journal;"15828271, 18414273";"European Institute of Romania";Yes;Yes;0,225;Q3;13;16;43;841;40;43;0,69;52,56;67,65;0;Romania;Eastern Europe;"European Institute of Romania";"2011-2025";"Political Science and International Relations (Q3)";"Social Sciences"
426;5600156022;"Asia-Pacific Review";journal;"13439006, 14692937";"Routledge";No;No;0,224;Q3;25;13;68;217;62;67;0,78;16,69;10,00;0;United Kingdom;Western Europe;"Routledge";"1994-2002, 2004-2025";"History (Q1); Political Science and International Relations (Q3); Economics and Econometrics (Q4)";"Arts and Humanities; Economics, Econometrics and Finance; Social Sciences"
427;5700160350;"Israel Studies";journal;"10849513, 1527201X";"Indiana University Press";No;No;0,224;Q3;11;8;95;830;62;89;0,62;103,75;20,00;0;United States;Northern America;"Indiana University Press";"2001, 2017-2025";"History (Q1); Anthropology (Q2); Cultural Studies (Q2); Political Science and International Relations (Q3); Sociology and Political Science (Q3)";"Arts and Humanities; Social Sciences"
428;5600155625;"Politikon";journal;"02589346, 14701014";"Taylor and Francis Ltd.";No;No;0,224;Q3;31;18;64;1113;65;60;1,39;61,83;47,06;0;United Kingdom;Western Europe;"Taylor and Francis Ltd.";"1974-2026";"Political Science and International Relations (Q3); Sociology and Political Science (Q3)";"Social Sciences"
429;21100886400;"Education and Self Development";journal;"19917740";"Kazan Federal University";Yes;No;0,223;Q3;12;58;191;1649;117;178;0,58;28,43;68,57;0;Russian Federation;Eastern Europe;"Kazan Federal University";"2018-2025";"Development (Q3); Education (Q3); Political Science and International Relations (Q3)";"Social Sciences"
430;5700165092;"Global Change, Peace and Security";journal;"14781166, 14781158";"Routledge";No;No;0,223;Q3;27;15;35;775;32;32;1,04;51,67;15,38;0;United Kingdom;Western Europe;"Routledge";"2008-2023, 2025-2026";"Political Science and International Relations (Q3); Sociology and Political Science (Q3)";"Social Sciences"
431;11600153566;"Revista Espanola de Ciencia Politica";journal;"21739870, 15756548";"Asociacion Espanola de Ciencia Politica y de la Administracion";Yes;Yes;0,223;Q3;14;22;81;1182;47;81;0,40;53,73;35,00;0;Spain;Western Europe;"Asociacion Espanola de Ciencia Politica y de la Administracion";"2012-2025";"Political Science and International Relations (Q3); Sociology and Political Science (Q3)";"Social Sciences"
432;55037;"Asian Affairs (United Kingdom)";journal;"00927678, 19401590";"Taylor and Francis Ltd.";No;No;0,222;Q3;16;9;34;503;39;33;1,00;55,89;30,77;0;United Kingdom;Western Europe;"Taylor and Francis Ltd.";"1973-2005, 2010-2026";"Economics, Econometrics and Finance (miscellaneous) (Q3); Geography, Planning and Development (Q3); Law (Q3); Political Science and International Relations (Q3); Sociology and Political Science (Q3); Economics and Econometrics (Q4)";"Economics, Econometrics and Finance; Social Sciences"
433;21100927990;"Economics of Peace and Security Journal";journal;"1749852X";"EPS Publishing";No;No;0,222;Q3;6;7;23;311;13;22;0,56;44,43;50,00;0;United States;Northern America;"EPS Publishing";"2019-2025";"Economics, Econometrics and Finance (miscellaneous) (Q3); Political Science and International Relations (Q3); Management of Technology and Innovation (Q4)";"Business, Management and Accounting; Economics, Econometrics and Finance; Social Sciences"
434;21101297679;"Applied Cybersecurity and Internet Governance";journal;"29564395, 29563119";"NASK National Research Insitute";Yes;No;0,221;Q3;5;16;60;760;74;56;1,00;47,50;29,03;0;Poland;Eastern Europe;"NASK National Research Insitute";"2022-2025";"Computer Science (miscellaneous) (Q3); Political Science and International Relations (Q3); Human-Computer Interaction (Q4); Psychology (miscellaneous) (Q4)";"Computer Science; Psychology; Social Sciences"
435;5200152823;"Journal of Punjab Studies";journal;"09715223";"University of California, Los Angeles";No;No;0,221;Q3;4;17;28;670;11;25;0,21;39,41;28,00;0;United States;Northern America;"University of California, Los Angeles";"1999, 2001-2002, 2016-2023, 2025";"History (Q1); Cultural Studies (Q2); Development (Q3); Geography, Planning and Development (Q3); Political Science and International Relations (Q3)";"Arts and Humanities; Social Sciences"
436;14000156246;"Baltic Journal of Economics";journal;"1406099X, 23344385";"Taylor and Francis Ltd.";Yes;No;0,220;Q3;17;13;27;590;21;26;0,74;45,38;50,00;0;United Kingdom;Western Europe;"Taylor and Francis Ltd.";"2008-2025";"Economics, Econometrics and Finance (miscellaneous) (Q3); Political Science and International Relations (Q3)";"Economics, Econometrics and Finance; Social Sciences"
437;21100838844;"Eastern Journal of European Studies";journal;"20686633, 2068651X";"Alexandru Ioan Cuza University of Iasi";Yes;Yes;0,220;Q3;13;34;125;1838;114;121;0,78;54,06;51,43;0;Romania;Eastern Europe;"Alexandru Ioan Cuza University of Iasi";"2017-2025";"History (Q1); Economics, Econometrics and Finance (miscellaneous) (Q3); Political Science and International Relations (Q3); Sociology and Political Science (Q3)";"Arts and Humanities; Economics, Econometrics and Finance; Social Sciences"
438;21100468970;"Revista CIDOB d'Afers Internacionals";journal;"2013035X, 11336595";"CIDOB (Barcelona centre for international affairs)";Yes;Yes;0,220;Q3;15;20;94;999;77;93;0,53;49,95;43,48;0;Spain;Western Europe;"CIDOB (Barcelona centre for international affairs)";"2016-2025";"Political Science and International Relations (Q3)";"Social Sciences"
439;21101059786;"Economia";journal;"15297470, 15336239";"LSE Press";Yes;Yes;0,219;Q3;6;16;35;743;30;35;0,86;46,44;23,91;2;United States;Northern America;"LSE Press";"2019-2021, 2023-2026";"Economics, Econometrics and Finance (miscellaneous) (Q3); Political Science and International Relations (Q3); Business and International Management (Q4)";"Business, Management and Accounting; Economics, Econometrics and Finance; Social Sciences"
440;5800169161;"Military Balance";journal;"14799022, 04597222";"Routledge";No;No;0,219;Q3;5;10;24;0;3;9;0,19;0,00;0,00;5;United Kingdom;Western Europe;"Routledge";"1961-1969, 2008, 2010-2026";"Political Science and International Relations (Q3)";"Social Sciences"
441;21100778849;"Southeast Asian Studies";journal;"21867275, 24238686";"Center for Southeast Asian Studies";Yes;No;0,219;Q3;15;14;53;596;40;50;0,60;42,57;22,22;0;Japan;Asiatic Region;"Center for Southeast Asian Studies";"2012-2025";"Development (Q3); Geography, Planning and Development (Q3); Multidisciplinary (Q3); Political Science and International Relations (Q3)";"Multidisciplinary; Social Sciences"
442;19400157211;"Civil Szemle";journal;"30042119, 17863341";"Civil Szemle Foundation";No;No;0,218;Q3;8;44;198;2047;130;175;0,70;46,52;49,23;1;Hungary;Eastern Europe;"Civil Szemle Foundation";"2008-2011, 2013, 2020-2026";"Political Science and International Relations (Q3); Public Administration (Q3); Sociology and Political Science (Q3)";"Social Sciences"
443;14377;"Estudios Sociologicos";journal;"01854186, 24486442";"Colegio de Mexico, A.C., Departamento de Publicaciones";Yes;Yes;0,217;Q3;10;32;176;1340;70;176;0,30;41,88;48,15;0;Mexico;Latin America;"Colegio de Mexico, A.C., Departamento de Publicaciones";"1984-1985, 1992, 1994-1996, 1998, 2014-2025";"Political Science and International Relations (Q3); Sociology and Political Science (Q3)";"Social Sciences"
444;19957;"Economic and Political Weekly";journal;"23498846, 00129976";"Economic and Political Weekly";No;No;0,216;Q3;81;861;2504;13134;629;1524;0,26;15,25;37,24;0;India;Asiatic Region;"Economic and Political Weekly";"1978-1980, 1982-1986, 1993, 1995-1997, 2002, 2007-2026";"Economics, Econometrics and Finance (miscellaneous) (Q3); Political Science and International Relations (Q3); Sociology and Political Science (Q3)";"Economics, Econometrics and Finance; Social Sciences"
445;13478;"Journal of Muslim Minority Affairs";journal;"14699591, 13602004";"Routledge";No;No;0,216;Q3;27;0;45;0;40;45;0,27;0,00;0,00;0;United Kingdom;Western Europe;"Routledge";"1996, 2010-2023";"Anthropology (Q2); Cultural Studies (Q2); Political Science and International Relations (Q3); Sociology and Political Science (Q3)";"Social Sciences"
446;21100904427;"International Journal for Research on Service-Learning and Community Engagement";journal;"23749466";"Tulane University";No;No;0,215;Q3;10;16;42;770;35;42;0,83;48,13;71,70;0;United States;Northern America;"Tulane University";"2017-2025";"Education (Q3); Political Science and International Relations (Q3); Sociology and Political Science (Q3)";"Social Sciences"
447;14047;"Muslim World";journal;"14781913, 00274909";"John Wiley and Sons Inc";No;No;0,215;Q3;35;27;62;669;44;61;0,46;24,78;32,14;0;United States;Northern America;"John Wiley and Sons Inc";"1911-2026";"History (Q1); Religious Studies (Q1); Political Science and International Relations (Q3); Sociology and Political Science (Q3)";"Arts and Humanities; Social Sciences"
448;21101289897;"Prophetic Law Review";journal;"26862379, 26863464";"Faculty of Law, Universitas Islam Indonesia";Yes;No;0,215;Q3;4;10;36;471;19;36;0,33;47,10;47,06;0;Indonesia;Asiatic Region;"Faculty of Law, Universitas Islam Indonesia";"2021-2025";"Religious Studies (Q1); Law (Q3); Political Science and International Relations (Q3); Sociology and Political Science (Q3)";"Arts and Humanities; Social Sciences"
449;21100872361;"American Political Thought";journal;"21611599, 21611580";"University of Chicago Press";No;No;0,214;Q3;8;29;69;930;21;63;0,33;32,07;4,35;0;United States;Northern America;"University of Chicago Press";"2012, 2015-2026";"Political Science and International Relations (Q3); Sociology and Political Science (Q3)";"Social Sciences"
450;21100996940;"Journal of Global Slavery";journal;"2405836X, 24058351";"Brill Academic Publishers";No;No;0,214;Q3;7;9;36;471;30;34;1,09;52,33;41,67;0;Netherlands;Western Europe;"Brill Academic Publishers";"2017, 2019-2025";"History (Q1); Political Science and International Relations (Q3); Sociology and Political Science (Q3)";"Arts and Humanities; Social Sciences"
451;21100792094;"Diaspora Studies";journal;"09763457, 09739572";"Brill Academic Publishers";No;No;0,208;Q3;13;21;51;1095;36;51;0,55;52,14;50,00;0;United Kingdom;Western Europe;"Brill Academic Publishers";"2009-2010, 2015-2026";"History (Q1); Demography (Q3); Geography, Planning and Development (Q3); Political Science and International Relations (Q3)";"Arts and Humanities; Social Sciences"
452;7200153103;"Nordic Journal of International Law";journal;"09027351, 15718107";"Martinus Nijhoff Publishers";No;No;0,208;Q3;23;14;74;1563;81;69;0,92;111,64;50,00;0;Netherlands;Western Europe;"Martinus Nijhoff Publishers";"1934, 1937-1939, 1941-1942, 1947, 1949, 1951-1953, 1955-1957, 1960, 1962-1964, 1968-1971, 1973-1974, 1976-1980, 1984-1991, 1995, 2004, 2006-2026";"Law (Q3); Political Science and International Relations (Q3)";"Social Sciences"
453;18800156723;"Asia-Pacific Social Science Review";journal;"01198386";"De la Salle University";No;No;0,207;Q3;16;42;112;2123;104;96;0,89;50,55;54,05;0;Philippines;Asiatic Region;"De la Salle University";"2009-2025";"History (Q1); Political Science and International Relations (Q3); Sociology and Political Science (Q3); Economics and Econometrics (Q4)";"Arts and Humanities; Economics, Econometrics and Finance; Social Sciences"
454;21100927210;"Balkan Social Science Review";journal;"18578772, 18578799";"Goce Delchev University of Shtip";No;No;0,205;Q3;8;30;96;1342;54;96;0,54;44,73;50,94;0;Macedonia;Eastern Europe;"Goce Delchev University of Shtip";"2013-2025";"Law (Q3); Political Science and International Relations (Q3); Social Sciences (miscellaneous) (Q3); Sociology and Political Science (Q3); Public Administration (Q4)";"Social Sciences"
455;21101378437;"Jurnal Litigasi";journal;"24422274";"Pasundan University";Yes;No;0,205;Q3;3;30;59;1295;39;59;0,73;43,17;45,00;0;Indonesia;Asiatic Region;"Pasundan University";"2021-2025";"Law (Q3); Political Science and International Relations (Q3); Sociology and Political Science (Q3); Public Administration (Q4)";"Social Sciences"
456;13474;"Africa Development/Afrique et Developpement";journal;"08503907";"Council for the Development of Social Science Research in Africa";Yes;No;0,204;Q3;23;0;104;0;76;98;0,57;0,00;0,00;0;Senegal;Africa;"Council for the Development of Social Science Research in Africa";"1978-1979, 1981-1986, 1990, 1994-1995, 2007-2024";"Political Science and International Relations (Q3); Sociology and Political Science (Q3); Development (Q4)";"Social Sciences"
457;21276;"European Review";journal;"10627987, 14740575";"Cambridge University Press";No;No;0,204;Q3;39;48;155;2111;131;146;0,76;43,98;32,53;0;United Kingdom;Western Europe;"Cambridge University Press";"1993-2026";"Geography, Planning and Development (Q3); Political Science and International Relations (Q3)";"Social Sciences"
458;8000153132;"Global Jurist";journal;"19342640";"Walter de Gruyter GmbH";No;No;0,204;Q3;14;25;50;2165;43;49;0,81;86,60;28,57;0;Germany;Western Europe;"Walter de Gruyter GmbH";"2007-2025";"Law (Q3); Political Science and International Relations (Q3)";"Social Sciences"
459;21101060203;"Interdisciplinary Political Studies";journal;"20398573";"University of Salento";Yes;Yes;0,204;Q3;8;24;36;1711;27;35;0,79;71,29;66,67;0;Italy;Western Europe;"University of Salento";"2017-2025";"Political Science and International Relations (Q3); Sociology and Political Science (Q3)";"Social Sciences"
460;21100219925;"Bylye Gody";journal;"23100028, 20739745";"Cherkas Global University Press";Yes;No;0,203;Q3;20;199;584;7549;243;584;0,46;37,93;51,46;0;United States;Northern America;"Cherkas Global University Press";"2012-2025";"History (Q2); Political Science and International Relations (Q3)";"Arts and Humanities; Social Sciences"
461;21101021459;"Canadian Journal of European and Russian Studies";journal;"25628429";"Carleton University - Centre for European Studies";Yes;Yes;0,203;Q3;6;9;30;597;20;26;0,60;66,33;33,33;0;Canada;Northern America;"Carleton University - Centre for European Studies";"2019-2020, 2022-2025";"Law (Q3); Political Science and International Relations (Q3); Sociology and Political Science (Q3)";"Social Sciences"
462;21101230392;"Juridical Tribune - Review of Comparative and International Law";journal;"3008637X";"Society of Juridical and Administrative Sciences";Yes;Yes;0,203;Q3;4;37;42;1610;33;42;0,79;43,51;54,24;0;Romania;Eastern Europe;"Society of Juridical and Administrative Sciences";"2024-2025";"Education (Q3); Law (Q3); Political Science and International Relations (Q3); Public Administration (Q4)";"Social Sciences"
463;25885;"Issues and Studies";journal;"2529802X, 10132511";"World Scientific Publishing Co. Pte Ltd";No;No;0,202;Q3;24;16;53;1107;40;51;0,53;69,19;13,64;0;Taiwan;Asiatic Region;"World Scientific Publishing Co. Pte Ltd";"1972-1975, 1978, 1980, 1985, 1995-2026";"Political Science and International Relations (Q3); Sociology and Political Science (Q3)";"Social Sciences"
464;21100788974;"Africa Review";journal;"09744061, 09744053";"Brill Academic Publishers";No;No;0,201;Q3;17;18;54;1088;51;54;0,52;60,44;24,14;0;Netherlands;Western Europe;"Brill Academic Publishers";"2009-2026";"History (Q2); Political Science and International Relations (Q3); Development (Q4)";"Arts and Humanities; Social Sciences"
465;21101152759;"Anarchist Studies";journal;"09673393, 26338270";"Lawrence and Wishart";No;No;0,201;Q3;5;8;30;408;20;24;0,78;51,00;12,50;0;United Kingdom;Western Europe;"Lawrence and Wishart";"2019-2025";"History (Q2); Political Science and International Relations (Q3)";"Arts and Humanities; Social Sciences"
466;19700169972;"Ensayos Sobre Politica Economica";journal;"01204483, 26651327";"Banco de la Republica";Yes;No;0,201;Q3;12;3;5;426;5;4;1,00;142,00;33,33;2;Colombia;Latin America;"Banco de la Republica";"2009-2025";"Political Science and International Relations (Q3); Economics and Econometrics (Q4)";"Economics, Econometrics and Finance; Social Sciences"
467;21101179186;"Political Anthropological Research on International Social Sciences";journal;"25903284, 25903276";"Brill Academic Publishers";No;No;0,201;Q3;8;14;39;691;21;32;0,59;49,36;15,38;0;Netherlands;Western Europe;"Brill Academic Publishers";"2020-2025";"Anthropology (Q3); Political Science and International Relations (Q3)";"Social Sciences"
468;21101040212;"Journal of Liberty and International Affairs";journal;"18579760";"Institute for Research and European Studies";Yes;No;0,200;Q3;9;22;191;988;185;191;1,07;44,91;60,00;0;Macedonia;Eastern Europe;"Institute for Research and European Studies";"2019-2025";"Law (Q3); Political Science and International Relations (Q3); Social Sciences (miscellaneous) (Q3); Public Administration (Q4)";"Social Sciences"
469;21101208547;"Korean Journal of International Studies";journal;"22885072, 2233470X";"The Korean Association of International Studies";No;No;0,200;Q3;5;18;47;1333;36;47;0,81;74,06;31,58;1;South Korea;Asiatic Region;"The Korean Association of International Studies";"2020-2025";"Political Science and International Relations (Q3)";"Social Sciences"
470;21100900131;"Terra Economicus";journal;"24104531, 20736606";"Southern Federal University";No;No;0,199;Q3;14;26;107;952;59;107;0,56;36,62;53,33;0;Russian Federation;Eastern Europe;"Southern Federal University";"2018-2025";"History (Q2); Economics, Econometrics and Finance (miscellaneous) (Q3); Law (Q3); Political Science and International Relations (Q3); Sociology and Political Science (Q3)";"Arts and Humanities; Economics, Econometrics and Finance; Social Sciences"
471;6600153108;"International Journal of Public Policy";journal;"17400600, 17400619";"Inderscience Enterprises Ltd";No;No;0,197;Q3;18;7;36;364;38;36;0,55;52,00;57,89;0;United Kingdom;Western Europe;"Inderscience Enterprises Ltd";"2005-2025";"Political Science and International Relations (Q3); Sociology and Political Science (Q3); Public Administration (Q4)";"Social Sciences"
472;21101048345;"Journal of Territorial and Maritime Studies";journal;"22886834";"McFarland and Company, Inc";No;No;0,197;Q3;6;13;35;332;32;30;0,61;25,54;23,08;0;United States;Northern America;"McFarland and Company, Inc";"2019-2025";"Geography, Planning and Development (Q3); Law (Q3); Political Science and International Relations (Q3)";"Social Sciences"
473;21101062494;"Studies in Media and Communication";journal;"2325808X, 23258071";"Redfame Publishing Inc.";No;No;0,197;Q3;16;133;356;5785;617;353;2,03;43,50;48,36;0;United States;Northern America;"Redfame Publishing Inc.";"2019-2026";"Communication (Q3); Political Science and International Relations (Q3); Social Sciences (miscellaneous) (Q3); Sociology and Political Science (Q3)";"Social Sciences"
474;20500195077;"Historia Constitucional";journal;"15764729";"Seminario de Historia Constitucional "Martinez Marina"";Yes;Yes;0,196;Q3;8;29;114;2182;29;112;0,29;75,24;22,86;0;Spain;Western Europe;"Seminario de Historia Constitucional "Martinez Marina"";"2011-2025";"History (Q2); Law (Q3); Political Science and International Relations (Q3); Sociology and Political Science (Q3)";"Arts and Humanities; Social Sciences"
475;21100456179;"Maritime Affairs";journal;"19466609, 09733159";"Routledge";No;No;0,195;Q3;13;0;16;0;15;13;0,00;0,00;0,00;0;United Kingdom;Western Europe;"Routledge";"2015-2022";"Political Science and International Relations (Q3); Ecology (Q4); Economic Geology (Q4); Ocean Engineering (Q4); Oceanography (Q4); Renewable Energy, Sustainability and the Environment (Q4); Transportation (Q4); Water Science and Technology (Q4)";"Earth and Planetary Sciences; Energy; Engineering; Environmental Science; Social Sciences"
476;18217;"Acta Oeconomica";journal;"00016373, 15882659";"Akademiai Kiado ZRt.";No;No;0,194;Q3;22;24;86;1452;73;85;0,47;60,50;37,93;1;Hungary;Eastern Europe;"Akademiai Kiado ZRt.";"1995-2000, 2002-2025";"Political Science and International Relations (Q3); Sociology and Political Science (Q3); Economics and Econometrics (Q4); Geography, Planning and Development (Q4)";"Economics, Econometrics and Finance; Social Sciences"
477;21100258911;"Izquierdas";journal;"07185049";"Ariadna Ediciones";Yes;Yes;0,194;Q3;13;79;233;3246;40;232;0,09;41,09;34,29;0;Chile;Latin America;"Ariadna Ediciones";"2013-2025";"History (Q2); Political Science and International Relations (Q3); Sociology and Political Science (Q3)";"Arts and Humanities; Social Sciences"
478;21100933962;"Age of Human Rights Journal";journal;"23409592";"Universidad de Jaen";Yes;Yes;0,191;Q3;7;14;83;1026;59;82;0,65;73,29;69,23;0;Spain;Western Europe;"Universidad de Jaen";"2013-2026";"Law (Q3); Political Science and International Relations (Q3); Sociology and Political Science (Q3)";"Social Sciences"
479;21100860693;"Iberoamerica (Russian Federation)";journal;"20759711, 20768400";"Institute of Latin American Studies, Russian Academy of Sciences";No;No;0,191;Q3;5;40;113;1160;17;113;0,09;29,00;51,92;0;Russian Federation;Eastern Europe;"Institute of Latin American Studies, Russian Academy of Sciences";"2017-2025";"Economics, Econometrics and Finance (miscellaneous) (Q3); Law (Q3); Political Science and International Relations (Q3); Sociology and Political Science (Q3); Safety Research (Q4)";"Economics, Econometrics and Finance; Social Sciences"
480;21100200636;"Journal of War and Culture Studies";journal;"17526272, 17526280";"Maney Publishing";No;No;0,191;Q3;13;29;74;1503;46;67;0,62;51,83;62,50;0;United Kingdom;Western Europe;"Maney Publishing";"2013-2026";"History (Q2); Anthropology (Q3); Political Science and International Relations (Q3)";"Arts and Humanities; Social Sciences"
481;4700152617;"Herald of the Russian Academy of Sciences";journal;"15556492, 10193316";"Pleiades Publishing";No;No;0,190;Q3;24;136;410;2099;189;398;0,18;15,43;48,98;0;United States;Northern America;"Pleiades Publishing";"2005-2025";"Cultural Studies (Q2); Political Science and International Relations (Q3)";"Social Sciences"
482;21100894867;"International Journal of Cuban Studies";journal;"17563461, 1756347X";"Pluto Journals";Yes;Yes;0,190;Q3;5;6;48;310;24;40;0,56;51,67;33,33;0;United Kingdom;Western Europe;"Pluto Journals";"2018-2026";"Cultural Studies (Q2); Political Science and International Relations (Q3); Sociology and Political Science (Q3)";"Social Sciences"
483;21101090675;"Asia-Pacific Journal: Japan Focus";journal;"15574660";"Cambridge University Press";Yes;Yes;0,189;Q3;11;23;200;1100;78;185;0,35;47,83;41,38;0;United Kingdom;Western Europe;"Cambridge University Press";"2019-2026";"Cultural Studies (Q2); History (Q2); Anthropology (Q3); Political Science and International Relations (Q3); Sociology and Political Science (Q3)";"Arts and Humanities; Social Sciences"
484;5600152973;"Analisis Politico";journal;"01214705";"Universidad Nacional de Colombia";Yes;No;0,186;Q3;14;26;70;1363;41;65;0,67;52,42;19,44;0;Colombia;Latin America;"Universidad Nacional de Colombia";"1996, 2007-2012, 2014-2025";"History (Q2); Political Science and International Relations (Q3); Sociology and Political Science (Q3)";"Arts and Humanities; Social Sciences"
485;21100945721;"Journal of Globalization Studies";journal;"20758103";"Uchitel Publishing House";No;No;0,186;Q3;9;21;67;1163;52;65;0,86;55,38;33,33;0;Russian Federation;Eastern Europe;"Uchitel Publishing House";"2019-2025";"Political Science and International Relations (Q3); Geography, Planning and Development (Q4); Global and Planetary Change (Q4)";"Environmental Science; Social Sciences"
486;21101121705;"Nuova Antologia Militare";journal;"27049795";"Gruppo editoriale Tab S.r.l.";Yes;Yes;0,186;Q3;3;75;229;3534;26;205;0,13;47,12;24,18;0;Italy;Western Europe;"Gruppo editoriale Tab S.r.l.";"2020-2025";"Arts and Humanities (miscellaneous) (Q2); History (Q2); Political Science and International Relations (Q3); Sociology and Political Science (Q3)";"Arts and Humanities; Social Sciences"
487;24276;"Revue d'Economie Politique";journal;"03732630";"Editions Dalloz Sirey";No;No;0,186;Q3;20;0;58;0;28;57;0,64;0,00;0,00;0;France;Western Europe;"Editions Dalloz Sirey";"1975, 1978, 2005-2024";"Political Science and International Relations (Q3)";"Social Sciences"
488;21101368705;"Contemporary European Politics";journal;"28330188";"John Wiley and Sons Inc";No;No;0,185;Q3;2;13;11;956;9;9;0,82;73,54;47,06;0;United States;Northern America;"John Wiley and Sons Inc";"2023-2026";"Political Science and International Relations (Q3)";"Social Sciences"
489;21101144492;"Contributions to International Relations";book series;"27315061, 2731507X";"Springer Nature";No;No;0,185;Q3;5;20;431;2109;102;1;0,31;105,45;0,00;0;Switzerland;Western Europe;"Springer Nature";"2021-2026";"Political Science and International Relations (Q3); Social Sciences (miscellaneous) (Q3); Sociology and Political Science (Q3)";"Social Sciences"
490;21101076095;"Information and Media";journal;"27836207";"Vilnius University Press";Yes;Yes;0,185;Q3;6;14;58;628;37;58;0,60;44,86;65,52;0;Lithuania;Eastern Europe;"Vilnius University Press";"2021-2025";"Information Systems and Management (Q3); Library and Information Sciences (Q3); Media Technology (Q3); Political Science and International Relations (Q3); Sociology and Political Science (Q3); Management of Technology and Innovation (Q4); Physics and Astronomy (miscellaneous) (Q4)";"Business, Management and Accounting; Decision Sciences; Engineering; Physics and Astronomy; Social Sciences"
491;21100441452;"Journal of Strategic Security";journal;"19440472, 19440464";"Henlley-Putnam University Press";Yes;Yes;0,185;Q3;20;63;96;3449;69;96;0,68;54,75;29,87;0;United States;Northern America;"Henlley-Putnam University Press";"2014-2025";"Law (Q3); Political Science and International Relations (Q3); Sociology and Political Science (Q3); Safety Research (Q4)";"Social Sciences"
492;21100868416;"Laboratorium: Russian Review of Social Research";journal;"20781938, 20768214";"Institute for European Russian and Eurasian Studies, The George Washington University";No;No;0,185;Q3;8;15;56;741;29;56;0,50;49,40;52,38;0;United States;Northern America;"Institute for European Russian and Eurasian Studies, The George Washington University";"2018-2025";"Cultural Studies (Q2); History (Q2); Anthropology (Q3); Gender Studies (Q3); Political Science and International Relations (Q3); Social Sciences (miscellaneous) (Q3); Sociology and Political Science (Q3)";"Arts and Humanities; Social Sciences"
493;25234;"Perspectives on Global Development and Technology";journal;"15691497, 15691500";"Brill Academic Publishers";No;No;0,185;Q3;24;35;78;1538;58;75;0,83;43,94;27,12;0;Netherlands;Western Europe;"Brill Academic Publishers";"2002-2025";"Political Science and International Relations (Q3); Social Sciences (miscellaneous) (Q3); Development (Q4); Education (Q4); Geography, Planning and Development (Q4); Health (social science) (Q4)";"Social Sciences"
494;21101070310;"Thammasat Review";journal;"08595747, 26300303";"Thammasat University";No;No;0,185;Q3;6;31;76;1989;52;76;0,75;64,16;32,65;0;Thailand;Asiatic Region;"Thammasat University";"2019-2025";"Religious Studies (Q2); History and Philosophy of Science (Q3); Political Science and International Relations (Q3); Sociology and Political Science (Q3)";"Arts and Humanities; Social Sciences"
495;21100900272;"Asian Journal of Peacebuilding";journal;"22882707, 22882693";"Seoul National University - Institute for Peace and Unification Studies";No;No;0,184;Q3;10;13;52;727;45;48;0,30;55,92;23,81;0;South Korea;Asiatic Region;"Seoul National University - Institute for Peace and Unification Studies";"2018-2025";"Arts and Humanities (miscellaneous) (Q2); Political Science and International Relations (Q3); Safety Research (Q4)";"Arts and Humanities; Social Sciences"
496;21100861121;"Politique Europeenne";journal;"16236297, 21052875";"Pepper-L'Harmattan";No;No;0,184;Q3;10;0;62;0;24;56;0,38;0,00;0,00;0;France;Western Europe;"Pepper-L'Harmattan";"2017-2024";"Political Science and International Relations (Q3); Sociology and Political Science (Q3)";"Social Sciences"
497;7200153158;"Law and Practice of International Courts and Tribunals";journal;"15691853, 15718034";"Brill Academic Publishers";No;No;0,183;Q3;18;9;62;1002;33;56;0,52;111,33;14,29;0;Netherlands;Western Europe;"Brill Academic Publishers";"2007-2026";"Law (Q3); Political Science and International Relations (Q3); Sociology and Political Science (Q3)";"Social Sciences"
498;21101064918;"Problemy Polityki Spolecznej";journal;"27197328, 16401808";"Faculty of Political Science and International Studies, University of Warsaw";No;No;0,183;Q3;3;13;59;664;44;56;0,34;51,08;50,00;0;Poland;Eastern Europe;"Faculty of Political Science and International Studies, University of Warsaw";"2020-2026";"Political Science and International Relations (Q3); Sociology and Political Science (Q3)";"Social Sciences"
499;21100265696;"International Journal of Euro-Mediterranean Studies";journal;"22326022, 18553362";"EMUNI University";Yes;Yes;0,182;Q3;6;16;36;442;30;30;0,52;27,63;46,81;0;Slovenia;Eastern Europe;"EMUNI University";"2012-2025";"History (Q2); Political Science and International Relations (Q3); Sociology and Political Science (Q3); Economics and Econometrics (Q4); Education (Q4)";"Arts and Humanities; Economics, Econometrics and Finance; Social Sciences"
500;21100448230;"Regions and Cohesion";journal;"2152906X, 21529078";"Berghahn Journals";Yes;Yes;0,181;Q3;11;0;46;0;48;38;0,80;0,00;0,00;0;United Kingdom;Western Europe;"Berghahn Journals";"2014-2024";"Political Science and International Relations (Q3); Geography, Planning and Development (Q4); Global and Planetary Change (Q4)";"Environmental Science; Social Sciences"
501;8300153102;"Religion and Human Rights";journal;"18710328, 1871031X";"Martinus Nijhoff Publishers";No;No;0,181;Q3;12;9;23;777;9;22;0,38;86,33;41,18;0;Netherlands;Western Europe;"Martinus Nijhoff Publishers";"2006-2025";"Religious Studies (Q2); Political Science and International Relations (Q3); Social Sciences (miscellaneous) (Q3); Sociology and Political Science (Q3)";"Arts and Humanities; Social Sciences"
502;21100403807;"African Journal of Legal Studies";journal;"17087384, 22109730";"Brill Academic Publishers";No;No;0,180;Q3;16;17;50;2022;26;44;0,43;118,94;31,58;0;Netherlands;Western Europe;"Brill Academic Publishers";"2004-2006, 2008-2009, 2011-2026";"Law (Q3); Political Science and International Relations (Q3); Sociology and Political Science (Q3)";"Social Sciences"
503;5600153516;"International Journal of Iberian Studies";journal;"17589150, 1364971X";"Intellect Ltd.";No;No;0,180;Q3;9;15;53;669;21;52;0,38;44,60;43,75;0;United Kingdom;Western Europe;"Intellect Ltd.";"2012-2025";"Cultural Studies (Q2); History (Q2); Political Science and International Relations (Q3); Sociology and Political Science (Q3)";"Arts and Humanities; Social Sciences"
504;21101151824;"International Quarterly for Asian Studies";journal;"2566686X, 25666878";"Arnold-Bergstraesser-Institute";Yes;Yes;0,179;Q3;7;12;65;394;44;55;0,51;32,83;100,00;0;Germany;Western Europe;"Arnold-Bergstraesser-Institute";"2019-2025";"Cultural Studies (Q2); Anthropology (Q3); Political Science and International Relations (Q3); Sociology and Political Science (Q3)";"Social Sciences"
505;21100894873;"World Review of Political Economy";journal;"20428928, 2042891X";"Pluto Journals";Yes;Yes;0,179;Q3;9;10;85;567;50;82;0,54;56,70;23,08;0;United Kingdom;Western Europe;"Pluto Journals";"2018-2025";"Economics, Econometrics and Finance (miscellaneous) (Q3); Political Science and International Relations (Q3); Sociology and Political Science (Q3)";"Economics, Econometrics and Finance; Social Sciences"
506;21101272595;"International Journal of Law and Society";journal;"28279050, 28279042";"CV Najaha";No;No;0,178;Q3;4;27;52;1525;38;52;0,91;56,48;32,31;0;Indonesia;Asiatic Region;"CV Najaha";"2022-2026";"Arts and Humanities (miscellaneous) (Q2); Political Science and International Relations (Q3); Social Sciences (miscellaneous) (Q3); Sociology and Political Science (Q3)";"Arts and Humanities; Social Sciences"
507;21100887515;"Journal of Private International Law";journal;"17578418, 17441048";"Taylor and Francis Ltd.";No;No;0,178;Q3;21;22;69;1779;50;68;0,60;80,86;40,00;0;United Kingdom;Western Europe;"Taylor and Francis Ltd.";"2005-2025";"Law (Q3); Political Science and International Relations (Q3)";"Social Sciences"
508;23496;"Copenhagen Journal of Asian Studies";journal;"13954199";"Copenhagen Business School";Yes;Yes;0,176;Q3;19;0;25;0;15;22;0,24;0,00;0,00;0;Denmark;Western Europe;"Copenhagen Business School";"1995-1998, 2000-2007, 2009-2018, 2020-2024";"Political Science and International Relations (Q3); Development (Q4); Geography, Planning and Development (Q4)";"Social Sciences"
509;33459;"Desarrollo y Sociedad";journal;"01203584, 19007760";"Universidad de los Andes, Colombia";Yes;Yes;0,176;Q3;11;17;58;678;19;51;0,31;39,88;30,30;0;Colombia;Latin America;"Universidad de los Andes, Colombia";"1979-1985, 1994, 2010-2025";"Political Science and International Relations (Q3); Sociology and Political Science (Q3); Development (Q4); Economics and Econometrics (Q4)";"Economics, Econometrics and Finance; Social Sciences"
510;4400151416;"Muslim World Journal of Human Rights";journal;"15544419, 21946558";"Walter de Gruyter GmbH";No;No;0,176;Q3;15;7;11;555;10;11;1,00;79,29;55,56;0;Germany;Western Europe;"Walter de Gruyter GmbH";"2006-2007, 2009-2025";"Law (Q3); Political Science and International Relations (Q3); Sociology and Political Science (Q3)";"Social Sciences"
511;19700169301;"Revista de Economia Mundial";journal;"23404264, 15760162";"Universidad de Huelva";Yes;Yes;0,176;Q3;17;29;90;1428;46;75;0,57;49,24;43,86;0;Spain;Western Europe;"Universidad de Huelva";"2003-2025";"History (Q2); Political Science and International Relations (Q3); Social Sciences (miscellaneous) (Q3); Economics and Econometrics (Q4); Geography, Planning and Development (Q4); Transportation (Q4)";"Arts and Humanities; Economics, Econometrics and Finance; Social Sciences"
512;21100891827;"Journal of African Union Studies";journal;"20504306, 20504292";"Adonis &amp; Abbey Publishers Ltd.";No;No;0,175;Q3;10;24;74;1134;41;70;0,57;47,25;34,04;0;United Kingdom;Western Europe;"Adonis &amp; Abbey Publishers Ltd.";"2012-2025";"Political Science and International Relations (Q3); Sociology and Political Science (Q3); Development (Q4)";"Social Sciences"
513;25616;"Perspektiven der Wirtschaftspolitik";journal;"14656493, 14682516";"Walter de Gruyter GmbH";No;No;0,175;Q3;17;32;93;1365;22;68;0,22;42,66;24,69;7;Germany;Western Europe;"Walter de Gruyter GmbH";"2000-2025";"Political Science and International Relations (Q3); Geography, Planning and Development (Q4)";"Social Sciences"
514;21100199322;"Philippine Political Science Journal";journal;"01154451, 2165025X";"Brill Academic Publishers";No;No;0,175;Q3;15;3;32;190;23;31;0,48;63,33;0,00;0;United Kingdom;Western Europe;"Brill Academic Publishers";"1974-1982, 1989-1990, 1992, 1994, 1998-2025";"Political Science and International Relations (Q3)";"Social Sciences"
515;21100228076;"Twentieth-Century China";journal;"15215385, 19405065";"Johns Hopkins University Press";No;No;0,175;Q3;9;15;55;740;20;45;0,26;49,33;30,00;0;United States;Northern America;"Johns Hopkins University Press";"2002, 2012-2026";"Cultural Studies (Q2); History (Q2); Political Science and International Relations (Q3)";"Arts and Humanities; Social Sciences"
516;21100456706;"Journal of Intelligence History";journal;"16161262, 21695601";"Taylor and Francis Ltd.";No;No;0,174;Q3;7;16;53;0;33;51;0,63;0,00;30,77;0;United Kingdom;Western Europe;"Taylor and Francis Ltd.";"2006-2008, 2013, 2015-2026";"History (Q2); Political Science and International Relations (Q3)";"Arts and Humanities; Social Sciences"
517;21101267554;"Indonesian State Law Review";journal;"26548763, 26543125";"Universitas Negeri Semarang";No;No;0,173;Q3;5;10;35;450;19;35;0,20;45,00;42,86;0;Indonesia;Asiatic Region;"Universitas Negeri Semarang";"2020-2025";"Law (Q3); Political Science and International Relations (Q3); Sociology and Political Science (Q3); Public Administration (Q4)";"Social Sciences"
518;200147104;"Journal of Public and International Affairs";journal;"1070521X";"Princeton University";No;No;0,172;Q3;11;8;29;422;15;26;0,55;52,75;25,00;0;United States;Northern America;"Princeton University";"2005-2014, 2016-2025";"Political Science and International Relations (Q3)";"Social Sciences"
519;21101032112;"Vestnik Sankt-Peterburgskogo Universiteta Vostokovedenie i Afrikanistika";journal;"25875892, 20741227";"Saint Petersburg State University";No;No;0,172;Q3;3;30;149;722;22;149;0,11;24,07;46,15;0;Russian Federation;Eastern Europe;"Saint Petersburg State University";"2019-2025";"Literature and Literary Theory (Q1); History (Q2); Linguistics and Language (Q2); Political Science and International Relations (Q3); Geography, Planning and Development (Q4)";"Arts and Humanities; Social Sciences"
520;21100942373;"International Arbitration Law Review";journal;"13678272";"Thomson Reuters";No;No;0,171;Q3;3;20;53;1112;6;52;0,17;55,60;40,00;0;United States;Northern America;"Thomson Reuters";"2019-2025";"Law (Q3); Political Science and International Relations (Q3)";"Social Sciences"
521;21100856146;"IPPR Progressive Review";journal;"25732331, 25732323";"John Wiley and Sons Inc";No;No;0,170;Q3;11;6;130;75;45;96;0,38;12,50;60,00;1;United States;Northern America;"John Wiley and Sons Inc";"2017-2026";"Political Science and International Relations (Q3); Sociology and Political Science (Q3); Economics, Econometrics and Finance (miscellaneous) (Q4)";"Economics, Econometrics and Finance; Social Sciences"
522;5700166926;"Journal of Cold War Studies";journal;"15313298, 15203972";"MIT Press";No;No;0,170;Q3;20;27;81;2087;54;54;0,53;77,30;25,00;0;United States;Northern America;"MIT Press";"2000, 2002-2004, 2007-2009, 2011-2025";"History (Q2); Political Science and International Relations (Q3)";"Arts and Humanities; Social Sciences"
523;21100219313;"Asian Journal of WTO and International Health Law and Policy";journal;"18195164";"National Taiwan University (IEEB)";No;No;0,169;Q3;11;14;37;462;20;35;0,57;33,00;46,15;0;Taiwan;Asiatic Region;"National Taiwan University (IEEB)";"2009-2012, 2016-2025";"Law (Q3); Political Science and International Relations (Q3); Economics and Econometrics (Q4); Health (social science) (Q4); Public Health, Environmental and Occupational Health (Q4)";"Economics, Econometrics and Finance; Medicine; Social Sciences"
524;21100891788;"African Renaissance";journal;"25165305, 17442532";"Adonis and Abbey Publishers Ltd";No;No;0,168;Q3;11;99;263;4471;113;249;0,40;45,16;30,60;0;United Kingdom;Western Europe;"Adonis and Abbey Publishers Ltd";"2004-2025";"Political Science and International Relations (Q3); Sociology and Political Science (Q3); Development (Q4); Public Administration (Q4)";"Social Sciences"
525;5800178213;"Strategic Analysis";journal;"09700161, 17540054";"Routledge";No;No;0,168;Q3;24;35;134;1108;97;115;0,64;31,66;45,16;0;United Kingdom;Western Europe;"Routledge";"1978-1984, 1998-2004, 2007-2026";"Political Science and International Relations (Q3); Safety Research (Q4)";"Social Sciences"
526;24796;"Asia Pacific Issues";journal;"15220966";"East-West Center";No;No;0,167;Q3;17;5;18;159;14;17;1,08;31,80;50,00;0;United States;Northern America;"East-West Center";"1994-2007, 2009-2025";"Political Science and International Relations (Q3); Geography, Planning and Development (Q4)";"Social Sciences"
527;21100936540;"Obrana a Strategie";journal;"18027199, 12146463";"University of Defence";Yes;Yes;0,167;Q3;5;13;42;667;26;42;0,77;51,31;19,23;0;Czech Republic;Eastern Europe;"University of Defence";"2019-2025";"Political Science and International Relations (Q3); Safety Research (Q4)";"Social Sciences"
528;17600154906;"Pouvoirs: Revue d'Etudes Constitutionnelles et Politiques";journal;"21010390, 01520768";"Editions du Seuil";No;No;0,167;Q3;12;0;88;0;10;83;0,11;0,00;0,00;0;France;Western Europe;"Editions du Seuil";"2001-2024";"Political Science and International Relations (Q3); Sociology and Political Science (Q3)";"Social Sciences"
529;19900193554;"Revista de Derecho Comunitario Europeo";journal;"19895569, 11384026";"Centro de Estudios Politicos y Constitucionales";No;No;0,167;Q3;9;27;75;803;31;62;0,38;29,74;29,63;1;Spain;Western Europe;"Centro de Estudios Politicos y Constitucionales";"2008-2025";"Law (Q3); Political Science and International Relations (Q3); Sociology and Political Science (Q3)";"Social Sciences"
530;5700162134;"Journal of Modern Jewish Studies";journal;"14725886, 14725894";"Routledge";No;No;0,166;Q3;13;41;93;2006;28;88;0,32;48,93;44,19;0;United Kingdom;Western Europe;"Routledge";"2002, 2010-2026";"Cultural Studies (Q2); History (Q2); Political Science and International Relations (Q3); Sociology and Political Science (Q3)";"Arts and Humanities; Social Sciences"
531;19556;"Holocaust and Genocide Studies";journal;"14767937, 87566583";"Oxford University Press";No;No;0,164;Q3;26;25;63;2456;30;60;0,41;98,24;55,56;0;United Kingdom;Western Europe;"Oxford University Press";"1986-2025";"History (Q2); Political Science and International Relations (Q3); Sociology and Political Science (Q3)";"Arts and Humanities; Social Sciences"
532;21101387481;"Human Rights in the Global South";journal;"29625556";"Serikat Pengajar Hak Asasi Manusia Indonesia";No;No;0,164;Q3;3;2;13;151;12;13;0,67;75,50;66,67;0;Indonesia;Asiatic Region;"Serikat Pengajar Hak Asasi Manusia Indonesia";"2022-2025";"Gender Studies (Q3); Law (Q3); Political Science and International Relations (Q3); Sociology and Political Science (Q3)";"Social Sciences"
533;21101061921;"Krakowskie Studia z Historii Panstwa i Prawa";journal;"20844131, 20844115";"Jagiellonian University Press";Yes;Yes;0,164;Q3;4;37;109;1753;14;109;0,03;47,38;36,67;0;Poland;Eastern Europe;"Jagiellonian University Press";"2019-2025";"History (Q2); Law (Q3); Political Science and International Relations (Q3); Public Administration (Q4)";"Arts and Humanities; Social Sciences"
534;5600152970;"Japanese Studies";journal;"10371397, 14699338";"Routledge";No;No;0,163;Q3;25;17;56;955;32;53;0,55;56,18;36,84;0;United Kingdom;Western Europe;"Routledge";"1981-2025";"Cultural Studies (Q2); History (Q2); Political Science and International Relations (Q3); Sociology and Political Science (Q3)";"Arts and Humanities; Social Sciences"
535;16000154750;"Cahiers du Monde Russe";journal;"12526576, 17775388";"College de France, Ecole des Hautes Etudes en Sciences Sociales (E H E S S)";No;No;0,161;Q3;17;0;119;0;15;111;0,19;0,00;0,00;0;France;Western Europe;"College de France, Ecole des Hautes Etudes en Sciences Sociales (E H E S S)";"1999, 2001-2024";"History (Q2); Political Science and International Relations (Q3); Sociology and Political Science (Q3)";"Arts and Humanities; Social Sciences"
536;25845;"International Studies";journal;"09730702, 00208817";"Sage Publications India Pvt. Ltd";No;No;0,160;Q3;23;8;66;323;54;64;0,53;40,38;0,00;0;India;Asiatic Region;"Sage Publications India Pvt. Ltd";"1959-1969, 1973-1982, 1985-2025";"Political Science and International Relations (Q3); Geography, Planning and Development (Q4)";"Social Sciences"
537;21101121920;"Estudios de Derecho";journal;"21456151, 01201867";"Universidad de Antioquia";Yes;Yes;0,158;Q4;4;13;52;576;12;50;0,26;44,31;31,25;0;Colombia;Latin America;"Universidad de Antioquia";"2019-2025";"Law (Q3); Political Science and International Relations (Q4)";"Social Sciences"
538;21101180708;"Journal of Universal History Studies";journal;"26674432";"";Yes;Yes;0,158;Q4;2;12;40;776;16;40;0,26;64,67;45,45;0;Turkey;Middle East;"";"2022-2025";"History (Q2); Archeology (Q3); Aquatic Science (Q4); Political Science and International Relations (Q4)";"Agricultural and Biological Sciences; Arts and Humanities; Social Sciences"
539;27980;"Modern Judaism";journal;"10863273, 02761114";"Oxford University Press";No;No;0,158;Q4;19;12;42;1019;14;42;0,36;84,92;40,00;0;United Kingdom;Western Europe;"Oxford University Press";"1981-2025";"Cultural Studies (Q2); History (Q2); Religious Studies (Q2); Sociology and Political Science (Q3); Political Science and International Relations (Q4)";"Arts and Humanities; Social Sciences"
540;21100451196;"Online Journal Modelling the New Europe";journal;"22470514";"Faculty of European Studies";Yes;Yes;0,158;Q4;11;26;65;1134;29;65;0,40;43,62;45,71;0;Romania;Eastern Europe;"Faculty of European Studies";"2015-2025";"Sociology and Political Science (Q3); Political Science and International Relations (Q4)";"Social Sciences"
541;18400156721;"Journal of Economic Cooperation and Development";journal;"13087800";"Statistical Economic and Social Research and Training Centre for Islamic Countries";No;No;0,157;Q4;24;39;92;2114;50;91;0,44;54,21;23,46;0;Turkey;Middle East;"Statistical Economic and Social Research and Training Centre for Islamic Countries";"2009-2025";"Business and International Management (Q4); Economics and Econometrics (Q4); Political Science and International Relations (Q4)";"Business, Management and Accounting; Economics, Econometrics and Finance; Social Sciences"
542;16800154750;"Middle East Journal of Culture and Communication";journal;"18739857, 18739865";"Brill Academic Publishers";No;No;0,157;Q4;18;10;73;422;56;70;0,81;42,20;33,33;0;Netherlands;Western Europe;"Brill Academic Publishers";"2008-2025";"Cultural Studies (Q2); Arts and Humanities (miscellaneous) (Q3); Communication (Q3); Political Science and International Relations (Q4); Sociology and Political Science (Q4)";"Arts and Humanities; Social Sciences"
543;21100786529;"Mezhdunarodnye Protsessy";journal;"17282756, 18112773";"Academic Educational Forum on International Relations";Yes;Yes;0,156;Q4;9;0;73;0;21;73;0,39;0,00;0,00;0;Russian Federation;Eastern Europe;"Academic Educational Forum on International Relations";"2015-2024";"Cultural Studies (Q2); History (Q2); Law (Q3); Economics, Econometrics and Finance (miscellaneous) (Q4); Political Science and International Relations (Q4)";"Arts and Humanities; Economics, Econometrics and Finance; Social Sciences"
544;23425;"Politicka Misao";journal;"18468721, 00323241";"Faculty of Political Sciences, University of Zagreb";Yes;No;0,156;Q4;13;24;84;1108;33;76;0,40;46,17;20,00;0;Croatia;Eastern Europe;"Faculty of Political Sciences, University of Zagreb";"1985, 2015-2026";"History (Q2); Political Science and International Relations (Q4); Sociology and Political Science (Q4)";"Arts and Humanities; Social Sciences"
545;25764;"Internasjonal Politikk";journal;"18911757, 0020577X";"Cappelen Damm Akademisk";Yes;Yes;0,155;Q4;10;40;96;1878;29;93;0,29;46,95;56,25;0;Norway;Western Europe;"Cappelen Damm Akademisk";"1996-2026";"Political Science and International Relations (Q4); Sociology and Political Science (Q4)";"Social Sciences"
546;21101224875;"Migracijske i Etnicke Teme";journal;"18489184, 13332546";"";Yes;Yes;0,155;Q4;3;11;28;602;13;27;0,55;54,73;43,75;0;Croatia;Eastern Europe;"";"2020-2025";"Demography (Q4); Political Science and International Relations (Q4)";"Social Sciences"
547;19900192125;"Strategic Comments";journal;"13567888";"Routledge";No;No;0,155;Q4;5;40;120;0;25;108;0,25;0,00;0,00;3;United Kingdom;Western Europe;"Routledge";"2001-2005, 2007-2026";"Political Science and International Relations (Q4)";"Social Sciences"
548;15735;"Australian Journal of Politics and History";journal;"00049522, 14678497";"Wiley-Blackwell Publishing Ltd";No;No;0,154;Q4;29;61;156;2685;59;96;0,37;44,02;36,76;0;United Kingdom;Western Europe;"Wiley-Blackwell Publishing Ltd";"1955-2026";"History (Q2); Political Science and International Relations (Q4)";"Arts and Humanities; Social Sciences"
549;5700162095;"Cold War History";journal;"14682745, 17437962";"Routledge";No;No;0,154;Q4;29;50;93;0;68;85;0,61;0,00;38,33;0;United Kingdom;Western Europe;"Routledge";"2000-2026";"History (Q2); Political Science and International Relations (Q4)";"Arts and Humanities; Social Sciences"
550;21100278321;"International Journal of China Studies";journal;"21803250";"Institute of China Studies";No;No;0,152;Q4;15;8;39;196;23;38;0,59;24,50;42,86;0;Malaysia;Asiatic Region;"Institute of China Studies";"2010-2025";"Cultural Studies (Q2); Political Science and International Relations (Q4); Sociology and Political Science (Q4)";"Social Sciences"
551;21100909466;"Slovak Journal of Political Sciences";journal;"13359096";"University of Saints Cyril and Methodius in Trnava - Faculty of Social Sciences";Yes;No;0,152;Q4;9;5;26;322;15;26;0,13;64,40;50,00;0;Slovakia;Eastern Europe;"University of Saints Cyril and Methodius in Trnava - Faculty of Social Sciences";"2019-2025";"Political Science and International Relations (Q4); Sociology and Political Science (Q4)";"Social Sciences"
552;21100854772;"Cuadernos Europeos de Deusto";journal;"11308354, 24453587";"Universidad de Deusto";Yes;Yes;0,151;Q4;6;12;65;569;36;64;0,44;47,42;45,45;0;Spain;Western Europe;"Universidad de Deusto";"2017-2025";"Cultural Studies (Q2); History (Q2); Law (Q3); Economics, Econometrics and Finance (miscellaneous) (Q4); Political Science and International Relations (Q4)";"Arts and Humanities; Economics, Econometrics and Finance; Social Sciences"
553;21101197191;"Military Operations Research (United States)";journal;"10825983, 21632758";"Military Operations Research Society";No;No;0,151;Q4;4;19;41;612;11;38;0,29;32,21;17,95;0;United States;Northern America;"Military Operations Research Society";"2020-2025";"Political Science and International Relations (Q4); Safety Research (Q4); Sociology and Political Science (Q4)";"Social Sciences"
554;21101266476;"Australian and New Zealand Journal of European Studies";journal;"18361803, 18372147";"European Studies Association of Australia and New Zealand (ESAANZ)";Yes;Yes;0,149;Q4;5;13;66;554;30;58;0,45;42,62;58,33;0;Australia;Pacific Region;"European Studies Association of Australia and New Zealand (ESAANZ)";"2020-2025";"Cultural Studies (Q2); History (Q2); Political Science and International Relations (Q4)";"Arts and Humanities; Social Sciences"
555;19900192126;"Journal of Comparative Asian Development";journal;"15339114, 21505403";"IGI Global Publishing";No;No;0,149;Q4;16;3;5;174;5;5;1,00;58,00;25,00;0;United States;Northern America;"IGI Global Publishing";"2010-2019, 2021, 2023-2025";"Economics and Econometrics (Q4); Political Science and International Relations (Q4); Sociology and Political Science (Q4)";"Economics, Econometrics and Finance; Social Sciences"
556;21101377435;"Masalah-Masalah Hukum";journal;"20862695, 25274716";"Diponegoro University";Yes;No;0,149;Q4;4;22;95;975;29;95;0,23;44,32;21,21;0;Indonesia;Asiatic Region;"Diponegoro University";"2021-2025";"Philosophy (Q2); Law (Q3); Political Science and International Relations (Q4); Public Administration (Q4)";"Arts and Humanities; Social Sciences"
557;21101152765;"Revista Justicia y Derecho";journal;"07199392";"Universidad Autonoma de Chile";Yes;Yes;0,149;Q4;5;29;41;1331;12;40;0,23;45,90;39,39;0;Chile;Latin America;"Universidad Autonoma de Chile";"2019-2025";"Law (Q3); Political Science and International Relations (Q4)";"Social Sciences"
558;21100211306;"Hamdard Islamicus";journal;"02507196";"Hamdard National Foundation";Yes;Yes;0,148;Q4;8;4;57;221;60;53;0,56;55,25;22,22;0;Pakistan;Asiatic Region;"Hamdard National Foundation";"1987, 2012-2025";"History (Q2); Religious Studies (Q2); Cultural Studies (Q3); Political Science and International Relations (Q4)";"Arts and Humanities; Social Sciences"
559;21101079113;"Journal of Advanced Military Studies";journal;"27702596, 2770260X";"Marine Corps University Press";No;No;0,148;Q4;5;6;75;373;46;73;0,55;62,17;0,00;1;United States;Northern America;"Marine Corps University Press";"2020-2025";"History (Q2); Political Science and International Relations (Q4); Sociology and Political Science (Q4)";"Arts and Humanities; Social Sciences"
560;21100216568;"Revista d'Estudis Autonomics i Federals";journal;"18862632, 20148658";"Institut d'Estudis de l'Autogovern";Yes;Yes;0,148;Q4;9;15;77;553;14;73;0,19;36,87;53,85;0;Spain;Western Europe;"Institut d'Estudis de l'Autogovern";"2012-2025";"Law (Q3); Political Science and International Relations (Q4); Sociology and Political Science (Q4)";"Social Sciences"
561;21101258141;"International Conference on eDemocracy and eGovernment, ICEDEG";journal;"25731998, 25732005";"Institute of Electrical and Electronics Engineers Inc.";No;No;0,147;Q4;2;45;38;1277;20;36;0,53;28,38;37,70;0;United States;Northern America;"Institute of Electrical and Electronics Engineers Inc.";"2024-2025";"Artificial Intelligence (Q4); Communication (Q4); Computer Networks and Communications (Q4); Computer Science Applications (Q4); Information Systems and Management (Q4); Political Science and International Relations (Q4)";"Computer Science; Decision Sciences; Social Sciences"
562;21100276782;"Journal of European Integration History";journal;"09479511";"Nomos Verlagsgesellschaft mbH und Co KG";No;No;0,147;Q4;7;10;56;121;13;52;0,26;12,10;11,11;0;Germany;Western Europe;"Nomos Verlagsgesellschaft mbH und Co KG";"2013-2025";"History (Q2); Political Science and International Relations (Q4)";"Arts and Humanities; Social Sciences"
563;144678;"Revija Za Socijalnu Politiku";journal;"18456014, 13302965";"Faculty of Political Sciences, University of Zagreb";Yes;Yes;0,147;Q4;16;10;54;458;25;52;0,27;45,80;55,56;0;Croatia;Eastern Europe;"Faculty of Political Sciences, University of Zagreb";"2005-2025";"Political Science and International Relations (Q4); Sociology and Political Science (Q4)";"Social Sciences"
564;16957;"Analise Social";journal;"00032573, 21822999";"Instituto de Ciencias Sociais da Universidade de Lisboa";Yes;Yes;0,146;Q4;21;54;118;1972;35;112;0,38;36,52;48,00;0;Portugal;Western Europe;"Instituto de Ciencias Sociais da Universidade de Lisboa";"1977-1978, 1981-1984, 1990, 1993-1994, 1996-2025";"History (Q2); Political Science and International Relations (Q4); Social Sciences (miscellaneous) (Q4); Sociology and Political Science (Q4)";"Arts and Humanities; Social Sciences"
565;21101039258;"Political Economy of Communication";journal;"23571705";"International Association of Media Communication Research";No;No;0,146;Q4;13;5;14;267;9;12;0,64;53,40;25,00;0;New Zealand;Pacific Region;"International Association of Media Communication Research";"2013-2018, 2020-2021, 2023-2026";"Communication (Q4); Political Science and International Relations (Q4); Sociology and Political Science (Q4)";"Social Sciences"
566;5800170451;"Politologija";journal;"13921681, 24246034";"Vilnius University Press";Yes;Yes;0,145;Q4;6;17;55;923;19;55;0,21;54,29;15,79;0;Lithuania;Eastern Europe;"Vilnius University Press";"2012-2026";"Political Science and International Relations (Q4); Sociology and Political Science (Q4)";"Social Sciences"
567;5700166475;"European Journal of East Asian Studies";journal;"15700615, 15680584";"Brill Academic Publishers";No;No;0,144;Q4;18;16;38;1211;16;35;0,48;75,69;31,58;0;Netherlands;Western Europe;"Brill Academic Publishers";"2001, 2003, 2007-2026";"History (Q2); Cultural Studies (Q3); Development (Q4); Geography, Planning and Development (Q4); Political Science and International Relations (Q4); Social Sciences (miscellaneous) (Q4); Sociology and Political Science (Q4)";"Arts and Humanities; Social Sciences"
568;21100932724;"Historical Studies in Industrial Relations";journal;"20494459, 13621572";"Liverpool University Press";No;No;0,144;Q4;4;10;29;935;6;26;0,18;93,50;12,50;0;United Kingdom;Western Europe;"Liverpool University Press";"2018-2025";"History (Q2); Economics and Econometrics (Q4); Political Science and International Relations (Q4)";"Arts and Humanities; Economics, Econometrics and Finance; Social Sciences"
569;21100936376;"Journal Global Policy and Governance";journal;"21947759, 21947740";"Transition Academia Press";No;No;0,144;Q4;5;0;14;0;12;14;0,00;0,00;0,00;0;Germany;Western Europe;"Transition Academia Press";"2017, 2019-2022";"Economics and Econometrics (Q4); Political Science and International Relations (Q4)";"Economics, Econometrics and Finance; Social Sciences"
570;21101045764;"European Studies: The Review of European Law, Economics and Politics";journal;"24646695, 18058809";"Palacky University Olomouc";No;No;0,143;Q4;5;0;72;0;36;72;0,23;0,00;0,00;0;Czech Republic;Eastern Europe;"Palacky University Olomouc";"2019-2024";"Economics, Econometrics and Finance (miscellaneous) (Q4); Law (Q4); Political Science and International Relations (Q4)";"Economics, Econometrics and Finance; Social Sciences"
571;21100901131;"Cultural History";journal;"20452918, 2045290X";"Edinburgh University Press";No;No;0,142;Q4;9;11;42;520;10;32;0,22;47,27;22,22;0;United Kingdom;Western Europe;"Edinburgh University Press";"2012-2025";"History (Q2); Cultural Studies (Q3); Political Science and International Relations (Q4)";"Arts and Humanities; Social Sciences"
572;21101066394;"Central Eurasia Studies";journal;"20080867, 23453117";"University of Tehran";No;No;0,141;Q4;6;16;96;416;24;96;0,25;26,00;30,43;0;Iran;Middle East;"University of Tehran";"2020-2026";"History (Q2); Cultural Studies (Q3); Geography, Planning and Development (Q4); Political Science and International Relations (Q4)";"Arts and Humanities; Social Sciences"
573;21101257864;"Journal of Global Faultlines";journal;"20542089, 23977825";"Pluto Journals";Yes;Yes;0,139;Q4;6;17;59;823;23;52;0,25;48,41;33,33;0;United Kingdom;Western Europe;"Pluto Journals";"2020-2025";"History and Philosophy of Science (Q3); Political Science and International Relations (Q4)";"Arts and Humanities; Social Sciences"
574;23461;"Politique Africaine";journal;"02447827, 22645047";"Editions Karthala";No;No;0,139;Q4;7;0;80;0;40;76;0,33;0,00;0,00;0;France;Western Europe;"Editions Karthala";"1984-1985, 1991, 1997, 2019-2024";"Political Science and International Relations (Q4); Sociology and Political Science (Q4)";"Social Sciences"
575;21100937582;"Economia y Politica";journal;"07194714, 07194803";"Universidad Adolfo Ibanez";Yes;Yes;0,138;Q4;5;8;30;467;7;30;0,05;58,38;22,22;0;Chile;Latin America;"Universidad Adolfo Ibanez";"2019-2025";"Cultural Studies (Q3); Economics and Econometrics (Q4); Political Science and International Relations (Q4); Sociology and Political Science (Q4)";"Economics, Econometrics and Finance; Social Sciences"
576;21101064976;"Acta Universitatis Carolinae Studia Territorialia";journal;"12134449, 23363231";"Karolinum - Nakladatelstvi Univerzity Karlovy";Yes;Yes;0,137;Q4;3;4;26;304;7;20;0,24;76,00;66,67;0;Czech Republic;Eastern Europe;"Karolinum - Nakladatelstvi Univerzity Karlovy";"2019, 2021-2025";"History (Q2); Cultural Studies (Q3); Geography, Planning and Development (Q4); Political Science and International Relations (Q4); Sociology and Political Science (Q4)";"Arts and Humanities; Social Sciences"
577;21100305002;"Janus.net";journal;"16477251";"OBSERVARE - Observatorio de Relacoes Exteriores (Observatory for External Relations)";Yes;Yes;0,137;Q4;6;113;180;4831;50;157;0,28;42,75;41,22;0;Portugal;Western Europe;"OBSERVARE - Observatorio de Relacoes Exteriores (Observatory for External Relations)";"2014-2026";"Law (Q4); Political Science and International Relations (Q4)";"Social Sciences"
578;21101389652;"Tirtayasa Journal of International Law";journal;"29618355, 29618061";"Sultan Ageng Tirtayasa University";No;No;0,137;Q4;2;14;34;375;9;34;0,35;26,79;54,55;0;Indonesia;Asiatic Region;"Sultan Ageng Tirtayasa University";"2022-2025";"Law (Q4); Political Science and International Relations (Q4); Public Administration (Q4)";"Social Sciences"
579;19600165500;"Politica y Gobierno";journal;"14051060, 16652037";"Centro de Investigacion y Docencia Economicas A.C.";Yes;No;0,136;Q4;17;7;47;326;17;40;0,26;46,57;28,57;0;Mexico;Latin America;"Centro de Investigacion y Docencia Economicas A.C.";"2000-2003, 2005-2025";"Political Science and International Relations (Q4)";"Social Sciences"
580;21100786325;"Przeglad Strategiczny";journal;"20846991";"Wydawnictwo Naukowe WNPiD UAM";No;No;0,135;Q4;5;25;73;995;31;72;0,42;39,80;37,21;0;Poland;Eastern Europe;"Wydawnictwo Naukowe WNPiD UAM";"2016-2025";"Political Science and International Relations (Q4)";"Social Sciences"
581;21100827878;"Revista UNISCI";journal;"23869453";"UNISCI";Yes;Yes;0,135;Q4;5;31;88;1600;24;87;0,22;51,61;31,25;0;Spain;Western Europe;"UNISCI";"2015-2026";"Political Science and International Relations (Q4)";"Social Sciences"
582;21101233918;"Ojkumena Regional Researches";journal;"19986785";"Vladivostok State University";No;No;0,134;Q4;3;68;198;1442;13;182;0,06;21,21;49,52;0;Russian Federation;Eastern Europe;"Vladivostok State University";"2020-2025";"History (Q2); Political Science and International Relations (Q4); Sociology and Political Science (Q4)";"Arts and Humanities; Social Sciences"
583;21100254486;"Studia Politica";journal;"15824551";"Universitatea din Bucuresti";No;No;0,134;Q4;7;10;33;471;12;31;0,50;47,10;7,14;0;Romania;Eastern Europe;"Universitatea din Bucuresti";"2013-2025";"Political Science and International Relations (Q4); Sociology and Political Science (Q4)";"Social Sciences"
584;21100406907;"Africa Yearbook";book series;"18729037, 18712525";"Brill Academic Publishers";No;No;0,133;Q4;3;0;57;0;1;1;0,02;0,00;0,00;0;Netherlands;Western Europe;"Brill Academic Publishers";"2009-2020, 2022, 2024";"Political Science and International Relations (Q4); Sociology and Political Science (Q4)";"Social Sciences"
585;21101181974;"Brill's Asian Law Series";book series;"22146547";"Brill Nijhoff";No;No;0,133;Q4;3;12;12;1186;12;1;1,09;98,83;0,00;0;Netherlands;Western Europe;"Brill Nijhoff";"2014-2020, 2022, 2024-2026";"Law (Q4); Political Science and International Relations (Q4)";"Social Sciences"
586;21100407747;"Erik Castren Institute Monographs on International Law and Human Rights";book series;"15682765";"Brill Academic Publishers";No;No;0,133;Q4;2;0;1;0;0;1;0,00;0,00;0,00;0;Netherlands;Western Europe;"Brill Academic Publishers";"2007, 2010-2015, 2022";"Law (Q4); Political Science and International Relations (Q4)";"Social Sciences"
587;21100407615;"European Expansion and Indigenous Response";book series;"18738974";"Brill Academic Publishers";No;No;0,133;Q4;5;21;16;2163;1;1;0,07;103,00;25,00;0;Netherlands;Western Europe;"Brill Academic Publishers";"2009-2012, 2014-2023, 2025";"History (Q3); Political Science and International Relations (Q4)";"Arts and Humanities; Social Sciences"
588;21100406775;"Immigration and Asylum Law and Policy in Europe";book series;"15682749";"Brill Academic Publishers";No;No;0,133;Q4;16;3;1;1643;0;1;0,00;547,67;66,67;0;Netherlands;Western Europe;"Brill Academic Publishers";"2006-2017, 2019-2021, 2023, 2025";"Law (Q4); Political Science and International Relations (Q4)";"Social Sciences"
589;21100461499;"International Straits of the World";book series;"09244867";"Brill Academic Publishers";No;No;0,133;Q4;1;0;1;0;0;1;0,00;0,00;0,00;0;Netherlands;Western Europe;"Brill Academic Publishers";"2010, 2017-2019, 2022";"Law (Q4); Political Science and International Relations (Q4)";"Social Sciences"
590;21100406369;"Law in Eastern Europe";book series;"0075823X";"Brill Academic Publishers";No;No;0,133;Q4;6;0;14;0;2;1;1,00;0,00;0,00;0;Netherlands;Western Europe;"Brill Academic Publishers";"2007-2009, 2011-2012, 2014-2015, 2018, 2021-2022, 2024";"Law (Q4); Political Science and International Relations (Q4)";"Social Sciences"
591;21100406327;"Legal Aspects of International Organization";book series;"09244883";"Brill Academic Publishers";No;No;0,133;Q4;10;0;1;0;0;1;0,00;0,00;0,00;0;Netherlands;Western Europe;"Brill Academic Publishers";"2006, 2009-2010, 2015-2016, 2018, 2020-2021, 2024";"Law (Q4); Political Science and International Relations (Q4)";"Social Sciences"
592;21100405524;"Legal Aspects of Sustainable Development";book series;"18750923";"Brill Academic Publishers";No;No;0,133;Q4;8;1;19;375;11;1;0,58;375,00;0,00;0;Netherlands;Western Europe;"Brill Academic Publishers";"2008-2017, 2020-2021, 2023, 2025";"Law (Q4); Management, Monitoring, Policy and Law (Q4); Political Science and International Relations (Q4)";"Environmental Science; Social Sciences"
593;21101196746;"Maritime Cooperation in East Asia";book series;"2405934X";"Brill Academic Publishers";No;No;0,133;Q4;3;0;12;0;2;1;0,17;0,00;0,00;0;Netherlands;Western Europe;"Brill Academic Publishers";"2016-2020, 2024";"Law (Q4); Management, Monitoring, Policy and Law (Q4); Political Science and International Relations (Q4)";"Environmental Science; Social Sciences"
594;21101197413;"New Perspectives on the Cold War";book series;"24522260";"Brill Academic Publishers";No;No;0,133;Q4;4;13;13;742;1;1;0,08;57,08;0,00;0;Netherlands;Western Europe;"Brill Academic Publishers";"2016, 2018-2021, 2023-2026";"History (Q3); Political Science and International Relations (Q4)";"Arts and Humanities; Social Sciences"
595;21100426622;"Nijhoff International Trade Law Series";book series;"18777392";"Brill Academic Publishers";No;No;0,133;Q4;2;0;30;0;0;1;0,00;0,00;0,00;0;Netherlands;Western Europe;"Brill Academic Publishers";"2010-2013, 2015, 2017, 2021, 2023";"Law (Q4); Political Science and International Relations (Q4)";"Social Sciences"
596;21101038809;"Philosophy and Politics - Critical Explorations";book series;"23528389, 23528370";"Springer Science and Business Media B.V.";No;No;0,133;Q4;8;2;165;784;43;1;0,29;392,00;0,00;0;Netherlands;Western Europe;"Springer Science and Business Media B.V.";"2016-2025";"Philosophy (Q3); Law (Q4); Political Science and International Relations (Q4); Public Administration (Q4)";"Arts and Humanities; Social Sciences"
597;21100905630;"Series on Chinese Economics Research";book series;"22511644";"World Scientific";No;No;0,133;Q4;2;0;7;0;0;1;0,00;0,00;0,00;0;Singapore;Asiatic Region;"World Scientific";"2019-2021, 2023";"Economics, Econometrics and Finance (miscellaneous) (Q4); Political Science and International Relations (Q4); Sociology and Political Science (Q4)";"Economics, Econometrics and Finance; Social Sciences"
598;21100856758;"Series on Contemporary China";book series;"17930847";"World Scientific";No;No;0,133;Q4;3;0;2;0;0;1;0,00;0,00;0,00;0;Singapore;Asiatic Region;"World Scientific";"2017-2021, 2023";"Anthropology (Q3); Cultural Studies (Q3); History (Q3); Economics, Econometrics and Finance (miscellaneous) (Q4); Political Science and International Relations (Q4); Sociology and Political Science (Q4)";"Arts and Humanities; Economics, Econometrics and Finance; Social Sciences"
599;21100405752;"Studies in EU External Relations";book series;"18750451";"Brill Academic Publishers";No;No;0,133;Q4;9;18;30;3215;8;1;0,27;178,61;50,00;0;Netherlands;Western Europe;"Brill Academic Publishers";"2008, 2010, 2012-2017, 2019-2020, 2023, 2025";"Law (Q4); Political Science and International Relations (Q4)";"Social Sciences"
600;21100833040;"Geopolitica(s)";journal;"21727155, 21723958";"Universidad Complutense Madrid";Yes;Yes;0,131;Q4;14;17;59;871;13;57;0,18;51,24;17,86;1;Spain;Western Europe;"Universidad Complutense Madrid";"2010-2025";"Geography, Planning and Development (Q4); Political Science and International Relations (Q4); Sociology and Political Science (Q4)";"Social Sciences"
601;19400156803;"Journal of Human Security";journal;"18353800";"";Yes;Yes;0,131;Q4;11;13;52;421;24;50;0,46;32,38;25,00;0;United Kingdom;Western Europe;"";"2009-2011, 2013-2017, 2019-2025";"Law (Q4); Political Science and International Relations (Q4); Safety Research (Q4); Sociology and Political Science (Q4)";"Social Sciences"
602;21101145683;"Mexico y la Cuenca del Pacifico";journal;"16650174, 20075308";"Universidad de Guadalajara";No;No;0,131;Q4;5;12;46;621;19;46;0,44;51,75;35,00;0;Mexico;Latin America;"Universidad de Guadalajara";"2019-2026";"Political Science and International Relations (Q4); Social Sciences (miscellaneous) (Q4)";"Social Sciences"
603;21100901027;"Annali di Ca Foscari Serie Orientale";journal;"23853042";"Edizioni Ca' Foscari";Yes;Yes;0,129;Q4;6;28;92;1771;17;92;0,18;63,25;53,57;0;Italy;Western Europe;"Edizioni Ca' Foscari";"2018-2025";"Cultural Studies (Q3); Linguistics and Language (Q3); Religious Studies (Q3); Political Science and International Relations (Q4); Sociology and Political Science (Q4)";"Arts and Humanities; Social Sciences"
604;21100858711;"Brazilian Journal of International Law";journal;"2236997X, 22371036";"Centro Universitario de Brasilia";Yes;Yes;0,129;Q4;7;34;169;1902;36;162;0,24;55,94;50,00;0;Brazil;Latin America;"Centro Universitario de Brasilia";"2016-2025";"Law (Q4); Political Science and International Relations (Q4)";"Social Sciences"
605;21101046209;"Journal of Muslim Philanthropy and Civil Society";journal;"25726544";"Indiana University Press";Yes;Yes;0,129;Q4;8;5;41;214;20;37;0,20;42,80;100,00;0;United States;Northern America;"Indiana University Press";"2017-2025";"Cultural Studies (Q3); Education (Q4); Political Science and International Relations (Q4)";"Social Sciences"
606;21101339667;"Lampung Journal of International Law";journal;"27232603, 26566532";"Universitas Lampung Faculty of Law";Yes;No;0,129;Q4;4;5;30;272;15;30;0,40;54,40;50,00;0;Indonesia;Asiatic Region;"Universitas Lampung Faculty of Law";"2021-2025";"Law (Q4); Political Science and International Relations (Q4)";"Social Sciences"
607;19600157304;"Southeastern Europe";journal;"00944467, 18763332";"Brill Academic Publishers";No;No;0,129;Q4;16;18;38;1102;18;32;0,52;61,22;39,29;0;Netherlands;Western Europe;"Brill Academic Publishers";"1974, 1976-1980, 1982-1990, 2002, 2005, 2007, 2009-2026";"Cultural Studies (Q3); History (Q3); Political Science and International Relations (Q4); Sociology and Political Science (Q4)";"Arts and Humanities; Social Sciences"
608;21101188796;"African Review (Tanzania)";journal;"1821889X, 08560056";"Brill Academic Publishers";No;No;0,128;Q4;5;31;106;1635;32;104;0,31;52,74;34,09;0;Netherlands;Western Europe;"Brill Academic Publishers";"2020-2026";"History (Q3); Geography, Planning and Development (Q4); Political Science and International Relations (Q4); Public Administration (Q4)";"Arts and Humanities; Social Sciences"
609;21100247075;"Codrul Cosminului";journal;"1224032X, 20675860";"Universitatea "Stefan cel Mare" din Suceava";Yes;Yes;0,128;Q4;6;23;55;859;10;55;0,15;37,35;33,33;0;Romania;Eastern Europe;"Universitatea "Stefan cel Mare" din Suceava";"2013-2025";"Cultural Studies (Q3); History (Q3); Religious Studies (Q3); Political Science and International Relations (Q4); Sociology and Political Science (Q4)";"Arts and Humanities; Social Sciences"
610;19700201334;"Journal of Transatlantic Studies";journal;"17541018, 14794012";"Taylor and Francis Ltd.";No;No;0,128;Q4;15;20;45;1077;15;42;0,15;53,85;9,52;0;United Kingdom;Western Europe;"Taylor and Francis Ltd.";"2003-2007, 2010-2026";"History (Q3); Political Science and International Relations (Q4)";"Arts and Humanities; Social Sciences"
611;21101146416;"Journal on Ethnopolitics and Minority Issues in Europe";journal;"16175247";"European Centre for Minority Issues";Yes;Yes;0,128;Q4;5;18;34;1021;20;33;0,42;56,72;73,68;0;Germany;Western Europe;"European Centre for Minority Issues";"2010, 2019-2025";"Cultural Studies (Q3); Political Science and International Relations (Q4); Social Sciences (miscellaneous) (Q4); Sociology and Political Science (Q4)";"Social Sciences"
612;21101267551;"International Law Discourse in Southeast Asia";journal;"28300297, 28299655";"Universitas Negeri Semarang";Yes;Yes;0,127;Q4;3;8;36;423;13;36;0,28;52,88;60,00;0;Indonesia;Asiatic Region;"Universitas Negeri Semarang";"2022-2025";"Law (Q4); Political Science and International Relations (Q4)";"Social Sciences"
613;21101155947;"Revista Electronica Iberoamericana";journal;"19880618";"Universidad Carlos III de Madrid";Yes;Yes;0,127;Q4;2;23;75;614;16;57;0,29;26,70;38,46;0;Spain;Western Europe;"Universidad Carlos III de Madrid";"2022-2025";"Arts and Humanities (miscellaneous) (Q3); History (Q3); Philosophy (Q3); Political Science and International Relations (Q4)";"Arts and Humanities; Social Sciences"
614;21100980650;"Asia Maior";journal;"23852526, 26126680";"Viella";Yes;Yes;0,125;Q4;4;0;83;0;16;76;0,12;0,00;0,00;0;Italy;Western Europe;"Viella";"2018-2024, 2026";"Cultural Studies (Q3); History (Q3); Political Science and International Relations (Q4); Sociology and Political Science (Q4)";"Arts and Humanities; Social Sciences"
615;21101072519;"Connexe";journal;"26732750, 24065749";"University of Geneva";Yes;Yes;0,125;Q4;2;12;30;448;10;26;0,50;37,33;64,29;0;Switzerland;Western Europe;"University of Geneva";"2019-2025";"Arts and Humanities (miscellaneous) (Q3); History (Q3); Political Science and International Relations (Q4); Sociology and Political Science (Q4)";"Arts and Humanities; Social Sciences"
616;21101181925;"Global South";journal;"19328656, 19328648";"Indiana University Press";No;No;0,122;Q4;3;15;98;900;10;28;0,44;60,00;78,57;0;United States;Northern America;"Indiana University Press";"2019-2025";"Literature and Literary Theory (Q2); Arts and Humanities (miscellaneous) (Q3); Cultural Studies (Q3); History (Q3); Political Science and International Relations (Q4)";"Arts and Humanities; Social Sciences"
617;5700161424;"Asia Pacific Journal on Human Rights and the Law";journal;"13881906, 15718158";"Martinus Nijhoff Publishers";No;No;0,121;Q4;15;10;39;1138;16;37;0,48;113,80;15,38;0;Netherlands;Western Europe;"Martinus Nijhoff Publishers";"2000-2025";"Law (Q4); Political Science and International Relations (Q4); Sociology and Political Science (Q4)";"Social Sciences"
618;6500153157;"Caribbean Quarterly";journal;"00086495, 24706302";"Taylor and Francis Ltd.";No;No;0,121;Q4;16;17;104;0;19;67;0,17;0,00;57,14;0;United Kingdom;Western Europe;"Taylor and Francis Ltd.";"1996-2025";"Cultural Studies (Q3); History (Q3); Anthropology (Q4); Political Science and International Relations (Q4); Sociology and Political Science (Q4)";"Arts and Humanities; Social Sciences"
619;21101174187;"Journal of Global Diaspora and Media";journal;"26325853, 26325861";"Intellect Ltd.";No;No;0,121;Q4;4;6;23;353;6;21;0,15;58,83;50,00;0;United Kingdom;Western Europe;"Intellect Ltd.";"2020-2025";"Communication (Q4); Political Science and International Relations (Q4); Social Sciences (miscellaneous) (Q4); Sociology and Political Science (Q4)";"Social Sciences"
620;21101190434;"Notebooks: The Journal for Studies on Power";journal;"26667177, 26667185";"Brill Academic Publishers";No;No;0,121;Q4;3;7;39;250;19;31;0,33;35,71;50,00;0;Netherlands;Western Europe;"Brill Academic Publishers";"2021-2025";"Anthropology (Q4); Law (Q4); Political Science and International Relations (Q4); Sociology and Political Science (Q4)";"Social Sciences"
621;19700169104;"Vostok (Oriens)";journal;"08691908";"Russian Academy of Sciences";No;No;0,121;Q4;4;20;194;536;21;194;0,13;26,80;31,71;0;Russian Federation;Eastern Europe;"Russian Academy of Sciences";"1999, 2001, 2019-2023, 2025";"Cultural Studies (Q3); History (Q3); Linguistics and Language (Q3); Anthropology (Q4); Political Science and International Relations (Q4)";"Arts and Humanities; Social Sciences"
622;21101049060;"Challenges to National Defence in Contemporary Geopolitical Situation";conference and proceedings;"25388959";"General Jonas Zemaitis Military Academy of Lithuania";No;No;0,121;-;7;0;118;0;66;115;0,49;0,00;0,00;0;Lithuania;Eastern Europe;"General Jonas Zemaitis Military Academy of Lithuania";"2018, 2020, 2022, 2024";"Artificial Intelligence; Computer Science Applications; Information Systems and Management; Mechanical Engineering; Political Science and International Relations; Safety Research; Safety, Risk, Reliability and Quality; Sociology and Political Science";"Computer Science; Decision Sciences; Engineering; Social Sciences"
623;18300156729;"Applied Econometrics and International Development";journal;"15784487";"Euro-American Association of Economic Development Studies";No;No;0,120;Q4;17;0;51;0;24;51;0,38;0,00;0,00;0;Spain;Western Europe;"Euro-American Association of Economic Development Studies";"2009-2024";"Development (Q4); Economics and Econometrics (Q4); Finance (Q4); Political Science and International Relations (Q4)";"Economics, Econometrics and Finance; Social Sciences"
624;5700161893;"Revue Internationale de Politique Comparee";journal;"13700731, 17821533";"De Boeck Supérieur";No;No;0,120;Q4;16;0;39;0;4;37;0,11;0,00;0,00;0;Belgium;Western Europe;"De Boeck Supérieur";"2001-2023";"Political Science and International Relations (Q4); Sociology and Political Science (Q4)";"Social Sciences"
625;300147005;"Tamkang Journal of International Affairs";journal;"10274979";"Tamkang University";No;No;0,119;Q4;6;8;26;523;9;26;0,37;65,38;33,33;0;Taiwan;Asiatic Region;"Tamkang University";"2005-2025";"Business and International Management (Q4); Education (Q4); Political Science and International Relations (Q4); Strategy and Management (Q4)";"Business, Management and Accounting; Social Sciences"
626;25617;"Canadian Yearbook of International Law. Annuaire Canadien de Droit International";journal;"19250169, 00690058";"Cambridge University Press";No;No;0,117;Q4;12;8;56;808;13;55;0,14;101,00;46,15;0;United Kingdom;Western Europe;"Cambridge University Press";"1989, 1996-2002, 2004-2026";"Law (Q4); Political Science and International Relations (Q4)";"Social Sciences"
627;5700158475;"Journal of Israeli History";journal;"17440548, 13531042";"Routledge";No;No;0,117;Q4;16;14;36;978;8;35;0,25;69,86;53,85;0;United Kingdom;Western Europe;"Routledge";"1994-1995, 2002-2004, 2008, 2010-2025";"Cultural Studies (Q3); History (Q3); Political Science and International Relations (Q4)";"Arts and Humanities; Social Sciences"
628;21101044796;"Confluences Mediterranee";journal;"11482664, 21025991";"Pepper-L'Harmattan";No;No;0,116;Q4;5;0;94;0;17;85;0,23;0,00;0,00;0;France;Western Europe;"Pepper-L'Harmattan";"2019-2024";"Political Science and International Relations (Q4); Sociology and Political Science (Q4)";"Social Sciences"
629;5700163865;"Critique Internationale";journal;"12907839";"Presses de Sciences Po";No;No;0,116;Q4;23;0;109;0;20;101;0,16;0,00;0,00;0;France;Western Europe;"Presses de Sciences Po";"2001-2024";"Political Science and International Relations (Q4); Sociology and Political Science (Q4)";"Social Sciences"
630;21477;"East European Jewish Affairs";journal;"1743971X, 13501674";"Taylor and Francis Ltd.";No;No;0,116;Q4;12;4;37;206;3;35;0,05;51,50;50,00;0;United Kingdom;Western Europe;"Taylor and Francis Ltd.";"1992-2003, 2005-2023, 2025-2026";"Cultural Studies (Q3); History (Q3); Political Science and International Relations (Q4)";"Arts and Humanities; Social Sciences"
631;21100463110;"International Criminal Law Series";book series;"22132724";"Brill Academic Publishers";No;No;0,116;Q4;4;0;2;0;0;2;0,00;0,00;0,00;0;Netherlands;Western Europe;"Brill Academic Publishers";"2013-2019, 2021, 2024, 2026";"Law (Q4); Political Science and International Relations (Q4)";"Social Sciences"
632;21101074927;"International Development Policy";book series;"16639383, 16639391";"Brill Academic Publishers";Yes;Yes;0,116;Q4;15;0;69;0;30;2;0,32;0,00;0,00;0;Netherlands;Western Europe;"Brill Academic Publishers";"2014-2020, 2022, 2024";"Development (Q4); Law (Q4); Political Science and International Relations (Q4); Sociology and Political Science (Q4)";"Social Sciences"
633;21100425902;"International Litigation in Practice";book series;"18740502";"Brill Academic Publishers";No;No;0,116;Q4;5;0;2;0;0;2;0,00;0,00;0,00;0;Netherlands;Western Europe;"Brill Academic Publishers";"2007, 2011-2015, 2021-2022, 2024";"Law (Q4); Political Science and International Relations (Q4)";"Social Sciences"
634;21101044944;"Journal of Austrian-American History";journal;"24750913, 24750905";"Penn State University Press";Yes;Yes;0,116;Q4;3;8;37;674;4;36;0,11;84,25;85,71;0;United States;Northern America;"Penn State University Press";"2017-2025";"Cultural Studies (Q3); History (Q3); Geography, Planning and Development (Q4); Political Science and International Relations (Q4); Sociology and Political Science (Q4)";"Arts and Humanities; Social Sciences"
635;21101278529;"Journal of Multidisciplinary Studies in Human Rights and Science";journal;"27521400";"Knowmad Institut";Yes;Yes;0,116;Q4;2;13;13;475;3;13;0,18;36,54;46,51;0;Germany;Western Europe;"Knowmad Institut";"2021-2026";"Health (social science) (Q4); Political Science and International Relations (Q4); Social Sciences (miscellaneous) (Q4)";"Social Sciences"
636;21100407201;"Legal History Library";book series;"18747493";"Brill Nijhoff";No;No;0,116;Q4;6;46;2;4874;1;2;1,00;105,96;22,22;0;Netherlands;Western Europe;"Brill Nijhoff";"2008, 2010-2015, 2017, 2021-2022, 2024-2026";"Law (Q4); Political Science and International Relations (Q4)";"Social Sciences"
637;21100406789;"Nijhoff Law Specials";book series;"09244549";"Martinus Nijhoff Publishers";No;No;0,116;Q4;6;16;51;2167;6;2;0,03;135,44;66,67;0;Netherlands;Western Europe;"Martinus Nijhoff Publishers";"2004, 2006-2009, 2011-2013, 2015-2025";"Law (Q4); Political Science and International Relations (Q4)";"Social Sciences"
638;21100407997;"Ottoman Empire and its Heritage";book series;"13806076";"Brill Academic Publishers";No;No;0,116;Q4;13;0;62;0;2;2;0,03;0,00;0,00;0;Netherlands;Western Europe;"Brill Academic Publishers";"2007-2017, 2020-2021, 2023-2024, 2026";"History (Q3); Political Science and International Relations (Q4); Sociology and Political Science (Q4)";"Arts and Humanities; Social Sciences"
639;5700164170;"Central Europe";journal;"14790963, 17458218";"Taylor and Francis Ltd.";No;No;0,115;Q4;20;8;36;0;13;33;0,39;0,00;42,86;0;United Kingdom;Western Europe;"Taylor and Francis Ltd.";"2003-2025";"Arts and Humanities (miscellaneous) (Q3); Cultural Studies (Q3); Political Science and International Relations (Q4); Sociology and Political Science (Q4)";"Arts and Humanities; Social Sciences"
640;19700170140;"Journal of Shi'a Islamic Studies";journal;"17489423";"The Islamic College";No;No;0,115;Q4;9;0;36;0;2;31;0,10;0,00;0,00;0;United Kingdom;Western Europe;"The Islamic College";"2011-2024";"Cultural Studies (Q3); History (Q3); Philosophy (Q3); Religious Studies (Q3); Law (Q4); Political Science and International Relations (Q4)";"Arts and Humanities; Social Sciences"
641;21101292644;"Review of Disability Studies An International Journal";journal;"15529215, 15533697";"University of Hawai'i at Manoa Center on Disability Studies";No;No;0,115;Q4;4;18;94;467;16;85;0,12;25,94;63,64;0;United States;Northern America;"University of Hawai'i at Manoa Center on Disability Studies";"2021-2025";"Cultural Studies (Q3); Developmental and Educational Psychology (Q4); Education (Q4); Political Science and International Relations (Q4)";"Psychology; Social Sciences"
642;29449;"Revue d'Etudes Comparatives Est-Ouest";journal;"03380599";"Presses Universitaires de France";No;No;0,115;Q4;12;6;18;79;3;16;0,13;13,17;75,00;0;France;Western Europe;"Presses Universitaires de France";"1978, 1985, 1996-2022, 2024-2025";"Finance (Q4); Political Science and International Relations (Q4)";"Economics, Econometrics and Finance; Social Sciences"
643;21101225422;"Studia Historiae Oeconomicae";journal;"00816485, 23537515";"Uniwersytet im. Adama Mickiewicza w Poznaniu";Yes;Yes;0,115;Q4;2;12;37;755;7;36;0,19;62,92;37,50;0;Poland;Eastern Europe;"Uniwersytet im. Adama Mickiewicza w Poznaniu";"2023-2025";"History (Q3); Economics and Econometrics (Q4); Political Science and International Relations (Q4); Social Sciences (miscellaneous) (Q4)";"Arts and Humanities; Economics, Econometrics and Finance; Social Sciences"
644;21100464929;"Taiwanese Political Science Review";journal;"10270221";"Taiwanese Political Science Association";No;No;0,115;Q4;4;0;15;0;3;15;0,00;0,00;0,00;0;Taiwan;Asiatic Region;"Taiwanese Political Science Association";"2015-2023";"Political Science and International Relations (Q4); Sociology and Political Science (Q4)";"Social Sciences"
645;21100455681;"Analele Universitatii din Bucuresti, Seria Stiinte Politice";journal;"15822486, 28218078";"Bucharest University Press";Yes;Yes;0,114;Q4;3;0;9;0;6;9;0,00;0,00;0,00;0;Romania;Eastern Europe;"Bucharest University Press";"2015-2022";"Political Science and International Relations (Q4); Sociology and Political Science (Q4)";"Social Sciences"
646;21101133340;"Journal of Global Postcolonial Studies";journal;"26438380, 26438399";"University of Florida Press";No;No;0,114;Q4;6;19;35;569;3;32;0,09;29,95;52,94;0;United States;Northern America;"University of Florida Press";"2020-2025";"History (Q3); Literature and Literary Theory (Q3); Visual Arts and Performing Arts (Q3); Political Science and International Relations (Q4); Sociology and Political Science (Q4)";"Arts and Humanities; Social Sciences"
647;60672;"Arab Studies Quarterly";journal;"02713519, 20436920";"Pluto Journals";Yes;Yes;0,113;Q4;8;11;48;380;13;36;0,32;34,55;38,46;0;United Kingdom;Western Europe;"Pluto Journals";"1979, 1981, 2001, 2018-2026";"Cultural Studies (Q3); Political Science and International Relations (Q4); Sociology and Political Science (Q4)";"Social Sciences"
648;21100447115;"Austral: Brazilian Journal of Strategy and International Relations";journal;"22386262, 22386912";"Universidade Federal do Rio Grande do Sul";Yes;Yes;0,113;Q4;8;9;60;371;13;54;0,21;41,22;22,22;0;Brazil;Latin America;"Universidade Federal do Rio Grande do Sul";"2012-2025";"Political Science and International Relations (Q4)";"Social Sciences"
649;21100903716;"Journal of Belarusian Studies";journal;"00754161, 20526512";"Brill Academic Publishers";No;No;0,112;Q4;5;6;17;247;2;14;0,00;41,17;40,00;0;United Kingdom;Western Europe;"Brill Academic Publishers";"2016-2025";"Arts and Humanities (miscellaneous) (Q3); Cultural Studies (Q4); Linguistics and Language (Q4); Political Science and International Relations (Q4); Sociology and Political Science (Q4)";"Arts and Humanities; Social Sciences"
650;24262;"Revue Francaise de Science Politique";journal;"00352950, 19506686";"Presses de Sciences Po";No;No;0,112;Q4;37;0;303;0;18;291;0,05;0,00;0,00;0;France;Western Europe;"Presses de Sciences Po";"1989, 1992, 2001-2024";"Political Science and International Relations (Q4); Sociology and Political Science (Q4)";"Social Sciences"
651;21101030121;"Yearbook of Balkan and Baltic Studies";journal;"26137852, 26137844";"ELM Scholarly Press";Yes;Yes;0,112;Q4;3;27;45;812;4;41;0,09;30,07;75,00;0;Estonia;Eastern Europe;"ELM Scholarly Press";"2018-2025";"History (Q3); Religious Studies (Q3); Anthropology (Q4); Cultural Studies (Q4); Demography (Q4); Political Science and International Relations (Q4)";"Arts and Humanities; Social Sciences"
652;21100406834;"Developments in International Law";book series;"09245332";"Brill Academic Publishers";No;No;0,111;Q4;12;1;18;2195;2;3;0,11;2195,00;0,00;0;Netherlands;Western Europe;"Brill Academic Publishers";"2006-2010, 2013-2015, 2020-2021, 2023-2025";"Law (Q4); Political Science and International Relations (Q4)";"Social Sciences"
653;21101148502;"International Studies on Military Ethics";book series;"22147926";"Brill Academic Publishers";No;No;0,111;Q4;2;0;25;0;3;3;0,12;0,00;0,00;0;Netherlands;Western Europe;"Brill Academic Publishers";"2015-2016, 2018-2019, 2023-2024, 2026";"Law (Q4); Political Science and International Relations (Q4)";"Social Sciences"
654;21101197369;"International Water Law Series";book series;"23519606";"Brill Nijhoff";No;No;0,111;Q4;5;0;3;0;1;3;0,33;0,00;0,00;0;Netherlands;Western Europe;"Brill Nijhoff";"2014-2015, 2017-2020, 2023-2024";"Management, Monitoring, Policy and Law (Q4); Political Science and International Relations (Q4)";"Environmental Science; Social Sciences"
655;21100453510;"Leiden Studies on the Frontiers of International Law";book series;"22124195";"Brill Academic Publishers";No;No;0,111;Q4;5;0;3;0;1;3;0,33;0,00;0,00;0;Netherlands;Western Europe;"Brill Academic Publishers";"2012, 2015, 2017-2021, 2023-2024";"Law (Q4); Political Science and International Relations (Q4)";"Social Sciences"
656;21101148503;"Nijhoff International Investment Law Series";book series;"23519592";"Brill Nijhoff";No;No;0,111;Q4;7;28;3;2862;0;3;0,00;102,21;0,00;0;Netherlands;Western Europe;"Brill Nijhoff";"2012, 2014-2021, 2023, 2025";"Law (Q4); Political Science and International Relations (Q4)";"Social Sciences"
657;21101180706;"RussianStudiesHu";journal;"26770660, 26771640";"Eotvos Lorand University Faculty of Arts, Russian Studies Center";Yes;Yes;0,111;Q4;2;23;71;859;5;71;0,10;37,35;54,17;0;Hungary;Eastern Europe;"Eotvos Lorand University Faculty of Arts, Russian Studies Center";"2020-2025";"History (Q3); Literature and Literary Theory (Q3); Linguistics and Language (Q4); Political Science and International Relations (Q4)";"Arts and Humanities; Social Sciences"
658;21101199915;"Theory and Practice of Public International Law";book series;"24056847";"Brill Nijhoff";No;No;0,111;Q4;0;0;3;0;0;3;0,00;0,00;0,00;0;Netherlands;Western Europe;"Brill Nijhoff";"2015, 2019, 2021, 2023-2024";"Law (Q4); Political Science and International Relations (Q4)";"Social Sciences"
659;21100840182;"Estudos Internacionais";journal;"2317773X";"Editora PUC-Minas";Yes;Yes;0,110;Q4;6;14;67;501;9;66;0,07;35,79;31,25;0;Brazil;Latin America;"Editora PUC-Minas";"2017-2024";"Political Science and International Relations (Q4)";"Social Sciences"
660;19700187644;"Politica Economica";journal;"19738218, 11209496";"Societa Editrice II Mulino";No;No;0,110;Q4;11;0;42;0;8;40;0,03;0,00;0,00;0;Italy;Western Europe;"Societa Editrice II Mulino";"1997-2024";"Economics and Econometrics (Q4); Political Science and International Relations (Q4)";"Economics, Econometrics and Finance; Social Sciences"
661;19700188238;"Contemporary Arab Affairs";journal;"17550912, 17550920";"Brill Academic Publishers";No;No;0,109;Q4;16;27;64;1320;13;61;0,27;48,89;19,35;0;Netherlands;Western Europe;"Brill Academic Publishers";"2008-2026";"Cultural Studies (Q4); Political Science and International Relations (Q4)";"Social Sciences"
662;21100937581;"Genocide Studies International";journal;"22911855, 22911847";"University of Toronto Press";No;No;0,109;Q4;7;0;22;0;6;18;0,63;0,00;0,00;0;Canada;Northern America;"University of Toronto Press";"2018-2023";"Law (Q4); Political Science and International Relations (Q4); Sociology and Political Science (Q4)";"Social Sciences"
663;17700155708;"Revue Internationale de Droit Penal";journal;"19516312, 02235404";"Maklu Publishers";No;No;0,109;Q4;11;0;77;0;6;73;0,09;0,00;0,00;0;Belgium;Western Europe;"Maklu Publishers";"2001-2024";"Law (Q4); Political Science and International Relations (Q4)";"Social Sciences"
664;21100943308;"Human Rights";journal;"24236489, 25386360";"Mofid University - Center for Human Rights Studies";Yes;Yes;0,108;Q4;2;0;50;0;5;50;0,00;0,00;0,00;0;Iran;Middle East;"Mofid University - Center for Human Rights Studies";"2019-2024";"Law (Q4); Political Science and International Relations (Q4); Sociology and Political Science (Q4)";"Social Sciences"
665;21100406310;"International Humanitarian Law Series";book series;"13896776";"Brill Academic Publishers";No;No;0,108;Q4;10;3;34;1295;11;4;0,33;431,67;0,00;0;Netherlands;Western Europe;"Brill Academic Publishers";"2006-2016, 2018-2020, 2022-2026";"Law (Q4); Political Science and International Relations (Q4); Sociology and Political Science (Q4)";"Social Sciences"
666;21100405698;"International Studies in Human Rights";book series;"09244751";"Brill Academic Publishers";No;No;0,108;Q4;13;0;93;0;1;4;0,01;0,00;0,00;0;Netherlands;Western Europe;"Brill Academic Publishers";"1991, 1994, 2006-2012, 2014-2021, 2023-2024, 2026";"Law (Q4); Political Science and International Relations (Q4)";"Social Sciences"
667;21100885609;"Journal of American-East Asian Relations";journal;"10583947, 18765610";"Brill Academic Publishers";No;No;0,108;Q4;11;18;53;763;7;38;0,03;42,39;23,08;0;Netherlands;Western Europe;"Brill Academic Publishers";"1992, 1994, 1996, 1998-2000, 2002-2003, 2007-2025";"History (Q3); Cultural Studies (Q4); Political Science and International Relations (Q4); Sociology and Political Science (Q4)";"Arts and Humanities; Social Sciences"
668;21100407162;"Queen Mary Studies in International Law";book series;"18774822";"Brill Academic Publishers";No;No;0,108;Q4;8;14;4;4254;0;4;0,00;303,86;50,00;0;Netherlands;Western Europe;"Brill Academic Publishers";"2010-2016, 2018-2026";"Law (Q4); Political Science and International Relations (Q4)";"Social Sciences"
669;21101082209;"Revista Brasileira de Ciencias Policiais";journal;"23186917, 21780013";"National Police Academy";Yes;Yes;0,108;Q4;3;0;115;0;7;107;0,06;0,00;0,00;0;Brazil;Latin America;"National Police Academy";"2019-2024";"Law (Q4); Political Science and International Relations (Q4); Safety Research (Q4); Social Sciences (miscellaneous) (Q4); Sociology and Political Science (Q4)";"Social Sciences"
670;21101253648;"IdeAs";journal;"19505701";"Institut des Ameriques";Yes;Yes;0,107;Q4;5;52;152;1493;10;142;0,06;28,71;50,00;0;France;Western Europe;"Institut des Ameriques";"2020-2025";"History (Q3); Cultural Studies (Q4); Political Science and International Relations (Q4); Social Sciences (miscellaneous) (Q4)";"Arts and Humanities; Social Sciences"
671;4700153010;"Journal of Social, Political, and Economic Studies";journal;"0278839X";"Council for Social and Economic Studies";No;No;0,107;Q4;12;0;18;0;4;18;0,22;0,00;0,00;0;United States;Northern America;"Council for Social and Economic Studies";"1978, 1980, 1982, 1984-1986, 1993-1996, 2006-2023";"Economics, Econometrics and Finance (miscellaneous) (Q4); Political Science and International Relations (Q4); Sociology and Political Science (Q4)";"Economics, Econometrics and Finance; Social Sciences"
672;11600153439;"North Korean Review";journal;"15512789, 19412886";"McFarland and Company, Inc";No;No;0,107;Q4;11;6;37;186;10;30;0,26;31,00;0,00;0;United States;Northern America;"McFarland and Company, Inc";"2010-2017, 2019-2025";"History (Q3); Cultural Studies (Q4); Economics, Econometrics and Finance (miscellaneous) (Q4); Political Science and International Relations (Q4); Sociology and Political Science (Q4)";"Arts and Humanities; Economics, Econometrics and Finance; Social Sciences"
673;21100201773;"Ricerche di Storia Politica";journal;"11209526, 26121069";"Societa Editrice Il Mulino";No;No;0,107;Q4;7;14;38;928;4;38;0,11;66,29;35,00;0;Italy;Western Europe;"Societa Editrice Il Mulino";"1999, 2001-2025";"History (Q4); Political Science and International Relations (Q4)";"Arts and Humanities; Social Sciences"
674;19900192704;"Romanian Journal of Political Science";journal;"20687613, 1582456X";"Romanian Academic Society";No;No;0,107;Q4;12;17;26;878;4;26;0,06;51,65;38,46;0;Romania;Eastern Europe;"Romanian Academic Society";"2009-2013, 2015-2024";"Political Science and International Relations (Q4); Sociology and Political Science (Q4)";"Social Sciences"
675;21101194972;"Comparative Political Theory";journal;"26669773, 26669765";"Brill Academic Publishers";No;No;0,106;Q4;3;3;42;290;9;39;0,13;96,67;33,33;0;Netherlands;Western Europe;"Brill Academic Publishers";"2021-2026";"History (Q4); Political Science and International Relations (Q4)";"Arts and Humanities; Social Sciences"
676;19200157108;"Competition Policy International";journal;"15540189, 15546853";"Competition Policy International Inc.";No;No;0,106;Q4;14;0;7;0;0;5;0,00;0,00;0,00;0;United States;Northern America;"Competition Policy International Inc.";"2008-2015, 2023";"Economics and Econometrics (Q4); Law (Q4); Political Science and International Relations (Q4)";"Economics, Econometrics and Finance; Social Sciences"
677;62388;"Esprit";journal;"00140759, 21114579";"";No;No;0,106;Q4;11;0;65;0;3;49;0,05;0,00;0,00;0;France;Western Europe;"";"1973, 1975, 1981-1983, 2010-2020, 2024";"Arts and Humanities (miscellaneous) (Q4); Political Science and International Relations (Q4); Religious Studies (Q4); Sociology and Political Science (Q4)";"Arts and Humanities; Social Sciences"
678;12100157012;"Maghreb - Machrek";journal;"22716815, 17623162";"Editions ESKA";No;No;0,106;Q4;7;0;32;0;5;29;0,20;0,00;0,00;0;France;Western Europe;"Editions ESKA";"1987, 1989-1990, 2007-2024";"Literature and Literary Theory (Q3); Cultural Studies (Q4); History (Q4); Law (Q4); Political Science and International Relations (Q4); Sociology and Political Science (Q4)";"Arts and Humanities; Social Sciences"
679;21100428161;"Nijhoff Studies in European Union Law";book series;"22109773, 22109765";"Brill Academic Publishers";No;No;0,106;Q4;5;2;5;694;1;5;0,00;347,00;0,00;0;Netherlands;Western Europe;"Brill Academic Publishers";"2012-2023, 2025-2026";"Law (Q4); Political Science and International Relations (Q4)";"Social Sciences"
680;27504;"Politique Etrangere";journal;"0032342X, 19588992";"Institut francais des relations internationales";No;No;0,106;Q4;5;58;160;712;14;120;0,06;12,28;15,09;0;France;Western Europe;"Institut francais des relations internationales";"1990, 1994, 2019-2025";"Political Science and International Relations (Q4)";"Social Sciences"
681;21101267122;"Quaderni Fiorentini per la Storia del Pensiero Giuridico Moderno";journal;"03921867";"Giuffre Francis Lefebvre SPA";No;No;0,106;Q4;4;28;107;172;3;5;0,01;6,14;24,00;0;Italy;Western Europe;"Giuffre Francis Lefebvre SPA";"2020-2025";"History (Q4); Law (Q4); Political Science and International Relations (Q4); Social Sciences (miscellaneous) (Q4)";"Arts and Humanities; Social Sciences"
682;21101164610;"Verge: Studies in Global Asias";journal;"23735058, 23735066";"University of Minnesota Press";No;No;0,106;Q4;8;21;61;824;20;50;0,22;39,24;57,14;0;United States;Northern America;"University of Minnesota Press";"2019-2025";"Arts and Humanities (miscellaneous) (Q4); Political Science and International Relations (Q4); Social Sciences (miscellaneous) (Q4)";"Arts and Humanities; Social Sciences"
683;25690;"Cornell International Law Journal";journal;"00108812";"Cornell Law School";No;No;0,105;Q4;37;8;39;1309;4;38;0,11;163,63;50,00;0;United States;Northern America;"Cornell Law School";"1992, 1996-2025";"Law (Q4); Political Science and International Relations (Q4)";"Social Sciences"
684;18736;"Cuadernos del Cendes";journal;"10122508";"Universidad Central de Venezuela";Yes;No;0,105;Q4;9;0;53;0;5;47;0,00;0,00;0,00;0;Venezuela;Latin America;"Universidad Central de Venezuela";"1989-1991, 2008-2023";"Geography, Planning and Development (Q4); Political Science and International Relations (Q4); Sociology and Political Science (Q4)";"Social Sciences"
685;27801;"Journal of Maritime Law and Commerce";journal;"21624127, 00222410";"SPB Academic Publishing bv";No;No;0,105;Q4;15;15;9;2138;0;7;0,00;142,53;5,88;0;Netherlands;Western Europe;"SPB Academic Publishing bv";"1979, 1996-2020, 2022-2025";"Law (Q4); Political Science and International Relations (Q4)";"Social Sciences"
686;21100786380;"Perspectives on Federalism";journal;"20365438";"Centro Studi Sul Federalismo";Yes;Yes;0,104;Q4;8;6;42;463;5;40;0,10;77,17;28,57;0;Italy;Western Europe;"Centro Studi Sul Federalismo";"2016-2026";"Law (Q4); Political Science and International Relations (Q4); Sociology and Political Science (Q4)";"Social Sciences"
687;21101168875;"Russian Japanology Review";journal;"26586789, 26586444";"Association of Japanologists";Yes;Yes;0,104;Q4;2;6;36;132;3;36;0,08;22,00;14,29;0;Russian Federation;Eastern Europe;"Association of Japanologists";"2019-2025";"Literature and Literary Theory (Q3); Arts and Humanities (miscellaneous) (Q4); History (Q4); Political Science and International Relations (Q4)";"Arts and Humanities; Social Sciences"
688;25082;"Foreign Policy";journal;"00157228";"Carnegie Endowment for International Peace";No;No;0,103;Q4;45;0;70;0;6;57;0,03;0,00;0,00;0;United States;Northern America;"Carnegie Endowment for International Peace";"1979, 1981, 1984-1985, 1998-2015, 2017-2018, 2020, 2022-2023";"Political Science and International Relations (Q4); Sociology and Political Science (Q4)";"Social Sciences"
689;21101045768;"Journal for Interdisciplinary Middle Eastern Studies";journal;"2522347X, 25226959";"Ariel University Press";No;No;0,103;Q4;3;10;20;748;2;20;0,15;74,80;54,55;0;Israel;Middle East;"Ariel University Press";"2017-2025";"Political Science and International Relations (Q4); Sociology and Political Science (Q4)";"Social Sciences"
690;21101298832;"Malaysian Journal of International Relations";journal;"22895043, 26008181";"University of Malaya";Yes;No;0,103;Q4;2;8;25;376;7;25;0,33;47,00;40,00;0;Malaysia;Asiatic Region;"University of Malaya";"2021-2025";"Political Science and International Relations (Q4)";"Social Sciences"
691;145265;"Middle East Quarterly";journal;"10739467";"Middle East Forum";No;No;0,103;Q4;22;18;48;609;11;10;0,21;33,83;10,00;0;United States;Northern America;"Middle East Forum";"2005-2025";"Business, Management and Accounting (miscellaneous) (Q4); Political Science and International Relations (Q4)";"Business, Management and Accounting; Social Sciences"
692;17600155221;"Revue Internationale et Strategique";journal;"12871672";"Institut de Relations Internationales et Strategiques";No;No;0,103;Q4;8;0;122;0;11;104;0,09;0,00;0,00;0;France;Western Europe;"Institut de Relations Internationales et Strategiques";"2001-2024";"Political Science and International Relations (Q4)";"Social Sciences"
693;21101180724;"World Trade Institute Advanced Studies";book series;"24059331";"Brill Nijhoff";No;No;0,103;Q4;3;2;37;900;14;10;0,26;450,00;50,00;0;Netherlands;Western Europe;"Brill Nijhoff";"2016, 2019, 2021-2025";"Law (Q4); Political Science and International Relations (Q4)";"Social Sciences"
694;5700161051;"A Contrario";journal;"16607880, 16628667";"Editions Antipodes";No;No;0,102;Q4;8;0;20;0;0;18;0,00;0,00;0,00;0;Switzerland;Western Europe;"Editions Antipodes";"2003-2007, 2009-2018, 2020-2023";"Cultural Studies (Q4); Literature and Literary Theory (Q4); Political Science and International Relations (Q4); Sociology and Political Science (Q4)";"Arts and Humanities; Social Sciences"
695;21101140504;"Bolivian Studies Journal";journal;"21565163, 10742247";"University Library System, University of Pittsburgh";Yes;Yes;0,102;Q4;2;17;30;531;2;30;0,05;31,24;38,89;0;United States;Northern America;"University Library System, University of Pittsburgh";"2019, 2021-2025";"Anthropology (Q4); Cultural Studies (Q4); History (Q4); Political Science and International Relations (Q4); Social Sciences (miscellaneous) (Q4); Sociology and Political Science (Q4)";"Arts and Humanities; Social Sciences"
696;26510;"Japanese Journal of Southeast Asian Studies";journal;"24241377, 05638682";"Center for Southeast Asian Studies";Yes;No;0,102;Q4;21;6;20;267;3;20;0,09;44,50;0,00;0;Japan;Asiatic Region;"Center for Southeast Asian Studies";"1978-2010, 2012-2026";"Development (Q4); Geography, Planning and Development (Q4); Political Science and International Relations (Q4)";"Social Sciences"
697;21100896265;"Journal of China and International Relations";journal;"22458921";"Aalborg University";Yes;Yes;0,102;Q4;3;0;13;0;1;13;0,00;0,00;0,00;0;Denmark;Western Europe;"Aalborg University";"2018-2019, 2022";"Economics, Econometrics and Finance (miscellaneous) (Q4); Political Science and International Relations (Q4); Sociology and Political Science (Q4)";"Economics, Econometrics and Finance; Social Sciences"
698;5800169375;"Parlement[s]";journal;"17686520, 17606233";"Pepper-L'Harmattan";No;No;0,102;Q4;3;0;17;0;2;15;0,00;0,00;0,00;0;France;Western Europe;"Pepper-L'Harmattan";"2011-2013, 2019-2020, 2022";"History (Q4); Political Science and International Relations (Q4); Sociology and Political Science (Q4)";"Arts and Humanities; Social Sciences"
699;21101054200;"Revista Aequitas";journal;"21749493";"Asociacion Veritas-Estudios sobre historia, derecho e instituciones";No;No;0,102;Q4;2;12;79;397;15;71;0,19;33,08;31,25;0;Spain;Western Europe;"Asociacion Veritas-Estudios sobre historia, derecho e instituciones";"2019-2025";"History (Q4); Law (Q4); Political Science and International Relations (Q4); Public Administration (Q4)";"Arts and Humanities; Social Sciences"
700;19700187629;"Safundi";journal;"17533171, 15431304";"Taylor and Francis Ltd.";No;No;0,102;Q4;17;69;110;904;15;41;0,10;13,10;46,15;0;United Kingdom;Western Europe;"Taylor and Francis Ltd.";"2000-2026";"Cultural Studies (Q4); History (Q4); Political Science and International Relations (Q4)";"Arts and Humanities; Social Sciences"
701;21101132933;"Sguardo";journal;"20366558";"InSchibboleth Edizioni";Yes;Yes;0,102;Q4;2;0;89;0;1;82;0,02;0,00;0,00;0;Italy;Western Europe;"InSchibboleth Edizioni";"2019-2024";"History and Philosophy of Science (Q4); Philosophy (Q4); Political Science and International Relations (Q4); Sociology and Political Science (Q4)";"Arts and Humanities; Social Sciences"
702;21101199910;"Air and Space Power Review";journal;"26340976, 26340968";"Royal Air Force";Yes;Yes;0,101;Q4;1;0;55;0;3;45;0,05;0,00;0,00;0;United Kingdom;Western Europe;"Royal Air Force";"2021-2024";"Political Science and International Relations (Q4); Social Sciences (miscellaneous) (Q4)";"Social Sciences"
703;21101145379;"Ciencia Nueva, Revista de Historia y Politica";journal;"25392662";"Technological University of Pereira";No;No;0,101;Q4;3;23;57;1014;4;52;0,08;44,09;23,08;0;Colombia;Latin America;"Technological University of Pereira";"2019-2025";"History (Q4); Political Science and International Relations (Q4)";"Arts and Humanities; Social Sciences"
704;5600152882;"Cultures et Conflits";journal;"17775345, 1157996X";"Pepper-L'Harmattan";No;No;0,101;Q4;8;0;23;0;0;22;0,00;0,00;0,00;0;France;Western Europe;"Pepper-L'Harmattan";"1997, 2016-2024";"Law (Q4); Political Science and International Relations (Q4); Sociology and Political Science (Q4)";"Social Sciences"
705;5700154199;"Index on Censorship";journal;"17466067, 03064220";"SAGE Publications Inc.";No;No;0,101;Q4;12;97;364;5;16;100;0,04;0,05;76,67;0;United Kingdom;Western Europe;"SAGE Publications Inc.";"1972-1993, 1995-2025";"History (Q4); Philosophy (Q4); Political Science and International Relations (Q4); Sociology and Political Science (Q4)";"Arts and Humanities; Social Sciences"
706;5700168382;"Raisons Politiques";journal;"12911941, 19506708";"Presses de Sciences Po";No;No;0,101;Q4;20;0;53;0;1;47;0,03;0,00;0,00;0;France;Western Europe;"Presses de Sciences Po";"2001-2024";"Political Science and International Relations (Q4); Sociology and Political Science (Q4)";"Social Sciences"
707;21101215787;"Ratio Publica";journal;"27879569, 27879550";"Nugis Finem Publishing";No;No;0,101;Q4;2;3;29;33;1;25;0,05;11,00;0,00;0;Czech Republic;Eastern Europe;"Nugis Finem Publishing";"2021-2025";"Law (Q4); Philosophy (Q4); Political Science and International Relations (Q4)";"Arts and Humanities; Social Sciences"
708;21000;"Slovansky Prehled";journal;"00376922";"Czech Academy of Sciences, Institute of History";No;No;0,101;Q4;2;11;38;280;5;33;0,13;25,45;21,43;0;Czech Republic;Eastern Europe;"Czech Academy of Sciences, Institute of History";"1985, 1999, 2002, 2019-2025";"History (Q4); Political Science and International Relations (Q4)";"Arts and Humanities; Social Sciences"
709;21100394259;"Stred";journal;"18039243";"Masaryk Institute and Archives of the Czech Academy of Sciences";Yes;Yes;0,101;Q4;3;5;35;62;1;24;0,04;12,40;33,33;0;Czech Republic;Eastern Europe;"Masaryk Institute and Archives of the Czech Academy of Sciences";"2014-2025";"History (Q4); Political Science and International Relations (Q4)";"Arts and Humanities; Social Sciences"
710;21101083581;"Sulla Via del Catai";journal;"19703449";"Centro Studi Martino Martini";No;No;0,101;Q4;1;0;32;0;1;30;0,00;0,00;0,00;0;Italy;Western Europe;"Centro Studi Martino Martini";"2019-2024";"Arts and Humanities (miscellaneous) (Q4); History (Q4); Political Science and International Relations (Q4); Sociology and Political Science (Q4)";"Arts and Humanities; Social Sciences"
711;21100315997;"Austrian Studies";book series;"13507532, 22224262";"Modern Humanities Research Association";No;No;0,100;Q4;4;7;61;0;2;57;0,06;0,00;42,86;0;United Kingdom;Western Europe;"Modern Humanities Research Association";"2013-2025";"Cultural Studies (Q4); History (Q4); Political Science and International Relations (Q4); Visual Arts and Performing Arts (Q4)";"Arts and Humanities; Social Sciences"
712;25867;"Internationale Politik";journal;"1430175X";"Deutsche Gesellschaft fuer Auswartige Politik e.V.";No;No;0,100;Q4;8;0;129;0;0;86;0,00;0,00;0,00;0;Germany;Western Europe;"Deutsche Gesellschaft fuer Auswartige Politik e.V.";"1996-2020, 2022-2023";"Political Science and International Relations (Q4); Sociology and Political Science (Q4)";"Social Sciences"
713;27128;"Landfall";journal;"00237930";"University of Otago Press";No;No;0,100;Q4;4;28;106;32;0;65;0,00;1,14;62,50;0;New Zealand;Pacific Region;"University of Otago Press";"2000-2021, 2023-2025";"Literature and Literary Theory (Q4); Political Science and International Relations (Q4)";"Arts and Humanities; Social Sciences"
714;145042;"Perspectives on Political Science";journal;"10457097, 19305478";"Routledge";No;No;0,100;Q4;10;28;73;969;4;55;0,04;34,61;4,00;0;United States;Northern America;"Routledge";"1990-2026";"Political Science and International Relations (Q4); Sociology and Political Science (Q4)";"Social Sciences"
715;21100865030;"Soviet and Post-Soviet Politics and Society";book series;"16143515";"Ibidem Verlag";No;No;0,100;Q4;4;101;227;1810;5;75;0,02;17,92;100,00;0;Germany;Western Europe;"Ibidem Verlag";"2018-2025";"History (Q4); Political Science and International Relations (Q4); Sociology and Political Science (Q4)";"Arts and Humanities; Social Sciences"
716;4100151503;"Advances in Industrial and Labor Relations";book series;"07426186";"Emerald Group Publishing Ltd.";No;No;;-;13;8;0;375;0;0;0,00;46,88;60,00;0;United Kingdom;Western Europe;"Emerald Group Publishing Ltd.";"2001-2006, 2009-2012, 2015-2016, 2018-2019, 2021, 2025-2026";"Economics, Econometrics and Finance (miscellaneous); Industrial Relations; Organizational Behavior and Human Resource Management; Political Science and International Relations";"Business, Management and Accounting; Economics, Econometrics and Finance; Social Sciences"
717;21101019719;"Asia in Transition";book series;"23648260, 23648252";"John Wiley &amp; Sons Inc.";No;No;;-;10;113;87;4030;58;0;0,73;35,66;100,00;0;United States;Northern America;"John Wiley &amp; Sons Inc.";"2016-2025";"Cultural Studies; Demography; Development; History; Political Science and International Relations; Renewable Energy, Sustainability and the Environment";"Arts and Humanities; Energy; Social Sciences"
718;5600152815;"Contributions to Conflict Management, Peace Economics and Development";book series;"15728323";"Emerald Group Publishing Ltd.";No;No;;-;7;131;17;2890;1;0;0,00;22,06;20,00;0;United Kingdom;Western Europe;"Emerald Group Publishing Ltd.";"2004-2005, 2007-2019, 2021-2022, 2025-2026";"Business and International Management; Development; Political Science and International Relations; Sociology and Political Science; Strategy and Management";"Business, Management and Accounting; Social Sciences"
719;5800192602;"Diplomatic Studies";book series;"18728863";"Brill Academic Publishers";No;No;;-;10;1;28;821;14;0;0,22;821,00;0,00;0;Netherlands;Western Europe;"Brill Academic Publishers";"2007-2011, 2013, 2015, 2017-2020, 2022, 2024-2026";"Law; Political Science and International Relations";"Social Sciences"
720;21101198704;"Evropsky Politicky a Pravni Diskurz (discontinued)";journal;"23365447";"ENIGMA CORPORATION, spol. s r.o.";No;No;;-;3;9;98;321;18;98;0,29;35,67;40,74;0;Czech Republic;Eastern Europe;"ENIGMA CORPORATION, spol. s r.o.";"2020-2025";"Communication; Law; Political Science and International Relations";"Social Sciences"
721;21100405645;"Publications on Ocean Development";book series;"09241922";"Brill Academic Publishers";No;No;;-;12;20;34;3282;12;0;0,35;164,10;100,00;0;Netherlands;Western Europe;"Brill Academic Publishers";"1977, 1991, 2006-2017, 2019-2021, 2023-2026";"Law; Management, Monitoring, Policy and Law; Political Science and International Relations";"Environmental Science; Social Sciences"
722;4100151512;"Research in Labor Economics";book series;"01479121";"Emerald Group Publishing Ltd.";No;No;;-;31;37;36;1022;25;0;0,69;27,62;0,00;0;United Kingdom;Western Europe;"Emerald Group Publishing Ltd.";"1999-2004, 2006-2021, 2023-2026";"Economics and Econometrics; Industrial Relations; Political Science and International Relations";"Business, Management and Accounting; Economics, Econometrics and Finance; Social Sciences"
723;4100151535;"Research in Political Economy";book series;"01617230";"Emerald Group Publishing Ltd.";No;No;;-;15;19;13;434;1;0;0,08;22,84;100,00;0;United Kingdom;Western Europe;"Emerald Group Publishing Ltd.";"2000-2002, 2004-2007, 2009-2011, 2013-2021, 2023, 2025-2026";"Economics and Econometrics; Political Science and International Relations";"Economics, Econometrics and Finance; Social Sciences"
724;4100151529;"Research in Social Movements, Conflicts and Change";book series;"0163786X";"Emerald Group Publishing Ltd.";No;No;;-;28;25;9;1016;1;0;0,11;40,64;60,00;0;United Kingdom;Western Europe;"Emerald Group Publishing Ltd.";"2000-2001, 2003-2005, 2007-2008, 2010-2019, 2021, 2024-2026";"Political Science and International Relations; Sociology and Political Science";"Social Sciences"
725;4100151521;"Studies in Law Politics and Society";book series;"10594337";"Emerald Group Publishing Ltd.";No;No;;-;12;51;12;2642;0;0;0,00;51,80;36,84;0;United Kingdom;Western Europe;"Emerald Group Publishing Ltd.";"2003-2021, 2023-2026";"Law; Political Science and International Relations; Sociology and Political Science";"Social Sciences"
